stock,sharpe
ASAN,4.146624170119384
efc,3.530100599432761
lly,3.048136798937913
eve,2.5311500557927284
chmt,2.475857692741509
hhs,2.406308971014017
bxsl,2.249160122616841
APSG,2.178347562067517
dwin,1.8869616382939705
pnw,1.7779667193178865
irs,1.7572072838054928
iff,1.710964114120083
axh,1.69666503220815
cc,1.67894616799485
cm,1.6211213674098597
fmc,1.5468937672387355
AZEK,1.4919843685523595
calx,1.4777101972293725
bbw,1.3765851651742695
knsl,1.333220092752044
dte,1.3277062453401485
hrl,1.3205010119379914
mtvc,1.284930908539215
mmi,1.2816444938707667
AFI,1.278004353718806
ci,1.242749787775032
cnq,1.1854573903949748
pag,1.1729840932830038
glop,1.1409786094357717
AMT,1.1396139284262028
ASH,1.1246321777840758
iiin,1.1205704245212105
bnj,1.0917061915870647
nac,1.0664691127710069
dcue,1.0581008812475234
lmha,1.0552624666053898
mlm,1.0548945597783024
bwg,1.0509721805571597
evh,1.0431070028053469
ag,1.0395763756452308
APA,1.0346286105764626
dole,1.0342184189585482
gia,1.0296532319591294
lspd,1.029070016687773
manu,1.0268719949212926
APN,1.0257214123199725
clr,1.0223786704874591
elc,1.0207195477277051
npk,1.0163368924368854
hsy,1.016134531400581
cmcm,1.0108634898077105
hsy,1.0093479999829202
inaq,0.999073942959811
dhi,0.997035012278331
ARCH,0.9962026566923524
ADM,0.9896630716745988
brx,0.9863192485009228
AZZ,0.9842167226464706
pay,0.9818715732252897
gnw,0.9745505711087824
ATA,0.9743461394366238
evg,0.9743121033847644
k,0.9645115226252186
AIC,0.9606580414721888
mfv,0.9584010882484612
caf,0.9564775782502688
eea,0.9509621271895876
hth,0.9442138958198476
hth,0.9442137186418816
clw,0.943487202996978
ltc,0.9410588594818824
nfg,0.940523947731524
mcy,0.9402160706989648
nni,0.93394007054225
gbab,0.9253477755653096
cndb,0.9244053017935148
esus,0.9143043009602616
lyv,0.9099051122683016
idt,0.9093703203969082
nxe,0.9052558325097088
ANDV,0.90404910978489
hae,0.9029591126483872
idt,0.902012978727883
gic,0.8990871833317081
extn,0.8985820791323941
burl,0.8985158185819199
hubb,0.8976692875303802
fnv,0.8961400425034752
AVD,0.8950845954352956
AEG,0.8918497395062244
eqh,0.8898138307309209
fnv,0.8850726464649187
dino,0.8825442652419851
nic,0.8767644638707063
ABC,0.8727606810923311
expr,0.8691219413672113
jnj,0.8623706400583352
mdv,0.8602886557431779
bto,0.8566025615597693
lmnd,0.8559075966242351
kcgi,0.852047488565515
hfro,0.8501935418182346
fvrr,0.8497168177437173
ABM,0.8495939198294091
hfro,0.8495109966752338
hri,0.8464175344644882
lft,0.8456054174643934
cube,0.8449084240504593
mov,0.8422636907667875
savn,0.842035540213642
ASGN,0.8418200974103003
dg,0.8400413514932704
lii,0.8375090098648893
gfl,0.8373481830163986
kim,0.8361830514845071
mino,0.8332350997587009
ACA,0.8315060822512207
lub,0.8294885222686672
cldt,0.8275776636940215
lokm,0.8269621439743999
irt,0.8267441903068258
mco,0.8199805039039588
cia,0.8155502230397396
hlly,0.8141860458479981
dco,0.8139464166452224
cag,0.8138877385029594
ipi,0.8135584869974699
kmpr,0.8129688616315646
gva,0.8121937331651324
RERE,0.811666862964983
bcc,0.8097076056142313
hlly,0.8076834203610116
iacc,0.8063896069525699
kmx,0.8046459623695231
culp,0.8038748707850993
gfl,0.8022062222611345
cat,0.8020033136125934
efl,0.7997161527942256
vlt,0.7989269473494129
bv,0.7979747041709861
gl,0.7974852544696924
mxe,0.7973417887938334
crhc,0.796882257829992
caci,0.7962075754416871
bg,0.7952278078114265
ACRE,0.794122548167682
ghld,0.7937588396730174
ARIS,0.7933047699461786
uan,0.7931601605012909
ftk,0.7921759998109995
ABEV,0.7920882090958181
pcq,0.7913759148579707
eggf,0.7905370265694094
gam,0.7903779335906219
cto,0.7899385170708958
bbu,0.7897167122400581
icd,0.788270894876801
ADCT,0.7882063015999098
chn,0.7881338736317192
pcpc,0.7879503969274543
flt,0.7833857350530761
ktb,0.7825161399967541
oxm,0.7812329646896586
AOMR,0.7809667727313848
hbm,0.7794942612702986
htfa,0.778025169545992
dlx,0.7774029195918346
htfa,0.7773751598573768
jhg,0.776515345066527
gof,0.7762615098605583
bke,0.7759849296884205
hbm,0.7743842234068887
by,0.7737044836017547
cnm,0.7733021764452962
bxp,0.7732403030368415
c,0.7730849767247956
ip,0.7719503623365543
htd,0.7711565499883112
hmn,0.7709812448990591
hmn,0.7704803410862612
MO,0.7704196043739591
AMBC,0.7700668770504123
ANTM,0.7685820870170661
nclh,0.7668352184797933
kar,0.7666036889681985
knx,0.7653467320865642
mplx,0.7641463564326536
gmed,0.7639792117959605
WNNR,0.7632202682437005
pcg,0.7618004677832254
che,0.7601442907728206
enva,0.7597155930130121
csv,0.7588274789116997
mfa,0.7577628774959865
leju,0.7560293287716632
mhla,0.7527980423281414
mue,0.7510659789244564
cxw,0.7474942001184306
fsly,0.7470182811747212
ntst,0.745943168398362
AYX,0.7449360779599086
tcs,0.7438863550614176
xpoa,0.7424719486464211
AEL,0.7422029737372953
geni,0.7413908853241056
mnso,0.7410422239183307
fpl,0.7408539286941784
fif,0.7400298780255014
ARL,0.7398023883769094
suny,0.7388567600373714
tfg,0.7369604042387363
locc,0.7367737195546217
ida,0.7365023569886969
nimc,0.7360042179927916
eqgp,0.7353954176943451
ida,0.7348240356536043
orn,0.7341005200594087
dk,0.7319629278914895
hcp,0.730662614722478
bme,0.7296900930159016
esnt,0.7294891966907457
prty,0.7289997796698153
nmt,0.7286020691243985
hngr,0.7257578404645
np,0.7248237228588774
bit,0.7207376871499618
efx,0.7207137993390319
ce,0.7205716425585739
enfn,0.7184648205925962
eqha,0.7164977267372163
ARI,0.7146712612113845
m,0.7146302868989178
mpx,0.7129124915617351
AGD,0.712156485514848
megi,0.7115306757678812
nus,0.7101363088893906
fra,0.7086084956753725
APO,0.7076373519722814
gms,0.7075453727783276
gsqd,0.706468560639596
gwh,0.7053266917859814
you,0.705018985116111
AEO,0.7047304084199693
cxac,0.7045360946746148
mxf,0.7042916325134169
nee,0.7035841346964917
wlyb,0.7027071412287268
eprt,0.7025215260125821
czoo,0.7006123639875869
gsqd,0.7005036863510028
paci,0.6959140494505828
dma,0.6958277442550463
bmez,0.6957468583201347
fbp,0.6925432330236306
brdg,0.6924885972040753
coo,0.6919056443004677
srv,0.6918480005766563
xom,0.6916222278968412
enpc,0.690813955719904
nine,0.6902344303928467
evrg,0.6871236832427222
evc,0.6867506839172764
med,0.6867281125908149
dlb,0.6859657035689414
doc,0.6807112964402309
lhx,0.6802493223457582
mxl,0.6802262169599458
exc,0.6797292061944245
AWK,0.6787305143085939
cts,0.6772181448357362
cbl,0.6748398857842225
blh,0.6747746966214733
clb,0.67349708321488
bam,0.672995707375595
nbr,0.6722387684760449
irl,0.6718143386649152
tap,0.6717971833612417
ds,0.6713968656034346
higa,0.6710744920330278
gms,0.6695454150383794
sbnd,0.6693414303882649
gd,0.6673531016280086
epac,0.6667990129536493
ph,0.6664170481316145
re,0.6648000608513817
msge,0.6647371890243198
gcv,0.6633606103055255
jbl,0.6627694668492059
dri,0.6625733520887506
bb,0.6613503750566516
ggt,0.6609181014970574
hpq,0.6604614047591069
bowl,0.6601079768665534
gls,0.6596337879933467
gkos,0.6587430639936904
bmy,0.6585268701410674
fpac,0.658495056573636
ens,0.6581388778242122
gsqb,0.6575869896795091
hr,0.6573883369310727
scx,0.656698132381806
lmhb,0.6564026527682347
mixt,0.6561465624087521
csr,0.6559576804006225
gcv,0.6545802348550469
jeld,0.6534657031366221
mcd,0.6520386483356693
ohi,0.6515414182550444
jbgs,0.6503864164726245
cni,0.6502915086091825
clbr,0.6501634848407797
ggt,0.6497810618118713
dea,0.649780758513539
cah,0.6492491918730618
cmsa,0.647694847273884
APLE,0.6476007386104309
edd,0.6461242441814483
bdj,0.645884350478646
kyn,0.6421038023221398
gty,0.6416306122706638
cas,0.6414466968879041
ra,0.640884042532288
gs,0.6403821771012556
flag,0.6403496633326043
br,0.6386705787994983
door,0.638592008820848
AGX,0.6381163793222818
AORT,0.6378731929698827
AFT,0.6376305359633534
agm,0.6373382411526236
pnr,0.6371282182089453
AMRX,0.6370890225073995
jco,0.6370500890237903
noah,0.6370391357711125
oacb,0.6364654355836097
ma,0.6360589926698822
is,0.635718308577416
fts,0.634646083863287
eix,0.6343937722120329
hlt,0.6339279154697517
hlt,0.6339278505816737
cpac,0.6339271824722641
nfnt,0.6314118199099804
keys,0.6312365408756189
ibm,0.6310798592311962
lpi,0.6310564025798162
mrc,0.6305114242974577
ARES,0.630306666964181
wel,0.629211260556422
fts,0.6269018492775084
frey,0.6261416189613427
iipr,0.6252753180371085
mrk,0.6250561351333688
pcgu,0.6233251915103609
mcb,0.6226606524482499
et,0.6224371906363284
hov,0.6219929542873034
gnrt,0.6203094525863396
elat,0.6202579227255766
esab,0.6194363442546883
AEP,0.6191299163424323
AM,0.619082480589525
hov,0.6185943797461627
gtx,0.6182304705797095
low,0.6180194663096139
enov,0.6175799829302062
ipg,0.6171517228714278
fsk,0.6160801970606803
inoq,0.6137399693085607
fls,0.6111950804605112
gug,0.6106032836974562
ocft,0.6099762782707316
AOS,0.6098555101549761
main,0.6095758787889932
mwa,0.6088075219539508
nrgv,0.6071847721126662
ll,0.6067794476062053
goac,0.6052972266209407
it,0.6049551296629999
gdl,0.60459133942891
foa,0.6045331169526389
prpc,0.6041805389162745
fof,0.6030849542524543
mgu,0.6026337696230578
jnpr,0.6008963306199496
pnm,0.6007138873075542
ihta,0.6006719080895856
gsbd,0.6003582876321861
do,0.5997564038208317
pfn,0.5989722826996705
gdl,0.59748214094709
eqd,0.5971528657523515
cwen,0.5968540407116417
md,0.5962204378583262
esmt,0.5957794297632383
mgp,0.5955734023541668
cubb,0.595165043755586
mmc,0.5949453887737236
hubs,0.5947169142511249
pcn,0.5946174805829098
orcc,0.5941702558784665
iex,0.5930077270424374
nkg,0.5927980047463738
sam,0.5926405599787656
fgb,0.59242509655583
itgr,0.5921013833118093
matx,0.5919947667893107
hipo,0.5919076570103828
hubs,0.5916719570825735
asr,0.5914678012968893
mcn,0.5905265185743904
iex,0.5897970321871923
clpr,0.5895265636143184
este,0.5893135199917355
goac,0.5886617316378154
pki,0.5885159962883202
hipo,0.5863443083567229
nkx,0.586310576150527
moh,0.5860941349080063
mogu,0.5851064758188426
cnx,0.5830304298170288
cmsd,0.5819739517753303
nhi,0.5809884684853622
osi,0.5809405009930707
pmt,0.5807927793664629
dre,0.58039076157164
fact,0.5797683529637261
g,0.578906472784433
hlx,0.5787082895469228
dukb,0.5785504432469478
cba,0.578123428106598
cccs,0.5776679241030739
gwre,0.5775700050005762
pmvc,0.5764312127936795
lcw,0.5761734044855787
ACM,0.576027434442313
jfr,0.5756210374123659
geo,0.5753653257645557
gpja,0.5742937497205595
hmlp,0.5738245197880991
bip,0.5732406089775759
erf,0.5729069576694272
ATIP,0.572022441260513
dnb,0.571799473133554
fact,0.5715711904789097
pmf,0.5714866241910965
gapa,0.5713288812594133
ajx,0.5709707978853169
hmlp,0.570902480033413
mfgp,0.5691043371727418
icnc,0.5685149882670971
neu,0.5684817378204358
frge,0.5676017759298305
locl,0.5672684256428824
fbhs,0.5671575072191597
fbhs,0.5667524729996187
dd,0.5666573939308137
mtdr,0.5664307552113074
cal,0.5663989521674127
fmy,0.5660840621119214
stz,0.5657831763155462
gsqb,0.5655445859526319
ktf,0.5655444383653184
frge,0.565396231304106
gsl,0.5649047461154487
fnb,0.5643958442148181
dell,0.5643628538139552
gapa,0.5642872303497314
cyd,0.564258813619726
beph,0.5637132560690772
jmm,0.5636134477977165
glob,0.5632372014301052
j,0.5614515682269359
picc,0.5609300195455803
bepc,0.5608297498160102
ifn,0.5608281606115991
ken,0.5606173158811439
desp,0.5604615010345678
ARW,0.5601813194462353
mdt,0.560138170765443
nxrt,0.5600491836824028
ety,0.5593327225845716
fthy,0.5587629036591266
hpp,0.558637414295207
dow,0.5580111248689522
LFG,0.5577999998233287
cno,0.5575173627425617
FINS,0.5565802230556158
chra,0.5564815121697064
mmt,0.5562463601994644
cna,0.5556950246898553
cpri,0.5555575509563213
frxb,0.5554849614149157
ANAC,0.5551966196998933
hpp,0.5550280740115876
cnc,0.5547150401389341
ASXC,0.5534277250424309
insw,0.5529770417688474
utf,0.5526691938785373
lxu,0.5523775949937282
gge,0.5503903082515607
frxb,0.5500871332856256
eoi,0.549034166275898
ccrd,0.5489791246415876
bsl,0.5489371298068721
frt,0.5473014598131218
sxus,0.5471940450743819
AMH,0.5470950526468132
plow,0.54690637418221
irm,0.5464336786109222
cnda,0.5462224569748144
cpt,0.5458859422010789
tgr,0.5457742937794678
mcw,0.5449705617634975
mbac,0.5420575860790083
krg,0.5412673173774776
biph,0.540969361325346
dhx,0.5407581372024168
kio,0.5407291086384246
mpw,0.5405645617419476
evtc,0.5388159278356779
ful,0.5385701676010122
ACHR,0.5382452957180376
cpuh,0.5382039226397423
hma,0.538142701071488
dq,0.5375266057937006
cee,0.53735715224488
law,0.5369307850240139
gmta,0.5360388401570817
kkrs,0.5354185949274654
fhs,0.5346230269370719
exr,0.5346213861696448
jun,0.5339639775423811
oust,0.5334014365628853
mn,0.5332979926983971
cgau,0.5331454405446978
dkl,0.5320588518189284
mua,0.5297876568523727
doug,0.5295325210045492
mx,0.5287943468238839
dks,0.5277623075215979
dy,0.527593389364283
nct,0.5272900850335246
POND,0.5269283193440165
gdv,0.5263739759835256
muj,0.5262175741340368
aval,0.5249735020757761
nrdy,0.5247938283697787
ghm,0.5231748052464892
owl,0.5207191254987908
hal,0.5206329401156259
gmta,0.5203931251663867
cns,0.5196391695087957
d,0.5196385727990182
AON,0.5180323673017225
cien,0.5176770299761912
ee,0.5165362075135201
APCA,0.5163802592804093
gdv,0.5155008436189883
cxh,0.5153703327070097
hmy,0.5150413215204958
mms,0.5144560920681734
hhc,0.5141046714999655
brmk,0.5140262629245382
ess,0.5137016465206292
jib,0.5133924006006875
gb,0.5130755655953365
hbb,0.5129295817887264
dnmr,0.5122396977981086
mfl,0.5121087088303505
lvs,0.5120591767370165
AMPS,0.5117865232426874
bbuc,0.5111423108685342
whd,0.5110579283793245
fam,0.5107978040986098
ivh,0.5103624769852446
fss,0.5102709045282481
cpg,0.5096807322798611
licy,0.5095180796638278
hhc,0.5092781759695195
pana,0.5089359354862009
neti,0.5072255035140345
cnd,0.5069924866242747
ocn,0.5065632531082873
cabo,0.5059849274973258
hglb,0.5057117916589667
hes,0.5051147567799557
hes,0.5051146326538557
APTV,0.504565801130418
htz,0.5025764879328632
htz,0.5025110530395736
ARC,0.5021277061758145
gprk,0.5018920258478861
hglb,0.5017692455429598
ncr,0.5017198363042145
lnc,0.5011987923340337
man,0.5008140516459779
mgm,0.5003482373029433
irrx,0.5000753136844917
joby,0.4990688193429046
orc,0.49870920452473
nabl,0.4987061449720614
ed,0.4984429095045559
ANF,0.4982559678183669
msd,0.4979535421234736
cfi,0.4977582533564604
nvta,0.4977455766208957
mga,0.4976673688082096
hum,0.4970916521699556
hum,0.4970915259475468
dtf,0.4968559363648744
nca,0.4962620092421574
hpx,0.4957749067043427
cday,0.4945391860624322
hl,0.4939945724552139
cvii,0.4936253604185006
ABB,0.4932199437860696
hlio,0.4928366354789607
evhc,0.4923693823353384
mic,0.4922879555901427
crgy,0.4918620712720022
kind,0.4917234226964063
nyc,0.4906108060818999
ooma,0.4901833819737238
hty,0.4879733384604799
APG,0.4870157097825276
AAIN,0.4868954675735862
myj,0.4867933289708346
civi,0.4867654795594962
caap,0.4867408427691014
JEQ,0.48564296595441
AMK,0.4855990957071824
ghl,0.4855239846104084
io,0.4854470444800816
lhc,0.4853452174822907
pagp,0.4850732834143365
cors,0.484624293107241
curo,0.4836328084676781
cls,0.4833460814128725
crs,0.4822754652843817
odc,0.4821990813788341
flo,0.4809253981401808
paxs,0.4808853360237314
ese,0.4808791222494087
pen,0.4806353952896926
jhi,0.4802411989571657
gf,0.4797123992411156
io,0.4797044783752977
fdp,0.479177136171565
oscr,0.4788849481397967
lxfr,0.4788613397369264
fdp,0.4770799444628435
gef,0.4770610988636238
fcrx,0.476621140465552
ACR,0.4751380146148449
insp,0.4750766726772188
ppg,0.4748975417025101
cen,0.4744139581031146
out,0.4743944331055685
bmac,0.4728271169113622
mmd,0.4723392366490162
earn,0.4708106742615721
mvcd,0.4708035933022019
bigz,0.4704297265554289
frc,0.4690044002229208
cuk,0.4677854315246805
race,0.4675298491799209
kkr,0.4669763976477386
lin,0.4667153592356218
cma,0.4665819721177643
hxl,0.4651208564635297
cdre,0.4649083309401999
nmi,0.4645314474415672
evri,0.4645307845987692
dsu,0.4644114970830325
gbl,0.463564609525139
njr,0.4634737769925005
zgn,0.4623990650513848
nms,0.4622980027629575
hd,0.4619716424032566
hd,0.4619715798395502
gbl,0.4618749961842302
ABG,0.4605767312143468
ngs,0.4604586182053412
ing,0.4603891174727608
mkl,0.4584753729012225
cnne,0.4580291898640064
ezt,0.457965421153404
oii,0.4577789703529754
mtw,0.457572677758787
docs,0.457320717677385
htaq,0.4572580449873627
esm,0.4568478510793725
schw,0.455425719275594
ccl,0.4547571282322671
clh,0.4537522120595048
ml,0.4537099176173115
csan,0.4530108023686986
htaq,0.4528110315815835
osle,0.4526191526536815
hcxz,0.452330303223199
cii,0.4519254948483371
hcxz,0.4518908288884701
cwt,0.4518638830654359
bgb,0.451216700383755
fcx,0.4503686338576464
dtb,0.4502151976547628
psb,0.450152313456855
comp,0.4499807413956751
mux,0.4496584306897451
cmg,0.4489000626413084
ing,0.4478939420568359
pbfx,0.447706210755101
elvt,0.4469774281478461
ftch,0.4468158803426413
AAQC,0.4452495602192934
raas,0.4451719409614432
dds,0.4443404259766823
enz,0.44411376414332
bro,0.443716518702807
AAC,0.4436227385681408
ivr,0.4432238322517821
nrg,0.4428550564244995
cpro,0.4419351950750169
AP,0.4416373330236799
ngvc,0.4412748629035875
ks,0.4406215785779724
kd,0.4405101524796199
gatx,0.440487592694937
caa,0.4402091308448183
ctr,0.4398186786486693
gatx,0.4396731463041238
ego,0.4395165474758012
fcx,0.4392079991763648
ceix,0.4391572679843842
hnra,0.4372923582403624
els,0.4372619607693709
pfl,0.4359390044731208
nzf,0.4358222348536476
nmco,0.4349216085222717
chgg,0.4346600231539127
boe,0.4346293410152528
cade,0.4341553180429514
pdo,0.4336121161085465
enr,0.4333790636062089
cars,0.4333062713799863
pom,0.43261210913374787
chh,0.4322986211489809
ASA,0.4322807649202555
pfgc,0.4321051667160387
grbk,0.4313567874315616
etv,0.4305221547664876
cmre,0.4296114415534908
pba,0.4290034014469406
mfd,0.4289478093093539
ACC,0.4273100984285715
maxr,0.4263808250368182
corr,0.4261041608766988
cw,0.4245539957432205
AXR,0.4245416145661486
hzo,0.4243918302121685
nc,0.4229504725253913
kfy,0.4228635357875699
cri,0.4226904054635183
kfs,0.4226578640534329
ero,0.4225029588476829
pzc,0.4217234968085575
ew,0.421015856540518
mdp,0.4210073003979863
jp,0.4209457374660821
bgt,0.419588855283011
igr,0.4195647151703755
AMCR,0.4182080149110778
lyb,0.4181327322269442
nr,0.416937763140672
hvt,0.4169208608611862
dfp,0.4167231131147884
nep,0.4157451109799282
drh,0.4146889699532951
psfe,0.4145096636164693
evr,0.4144821911497356
isd,0.4139507770708791
ATAQ,0.4138275683424724
heq,0.4137550911083404
chkr,0.4137140530681933
dsaq,0.4134879368636265
mth,0.4130999771011897
cpf,0.4130135513843841
peak,0.4128372159933757
cato,0.4127005785933592
fro,0.4124747663375599
ctos,0.4122600682819937
ir,0.4116845581089794
dvn,0.4114604343023679
gtn,0.4113492490897777
scrd,0.4112801288230992
hexo,0.4108529007371351
wtru,0.4106612940733999
napa,0.410157619063347
glt,0.4096839432111536
mbt,0.4095705467381371
mfc,0.4085509006440108
osh,0.4082652709154551
lw,0.4079489137339104
key,0.4065896950913899
niq,0.4058565892847526
AES,0.405547358965958
nm,0.4055279453087183
npct,0.4055150645033863
phg,0.4051837853544632
mvt,0.4048911324031221
pf,0.40400182539273244
etb,0.4035640996412463
es,0.403158961570582
scd,0.4023096222983625
nqp,0.4015334808589971
mos,0.4001872898190725
bpk,0.4000581062378203
myte,0.3993761713266683
iqi,0.3990171068158889
fro,0.3984977913663606
dx,0.3984395878245794
kep,0.3972285884206473
mlr,0.3971220444032475
nuvb,0.39705866526011563
laz,0.3968136448671905
db,0.3955664196482318
lpx,0.393967258249117
ctva,0.3939647084741982
modn,0.3938589253703598
hi,0.3934535917756909
ARMK,0.3933686411397321
cmu,0.3930866735817898
hi,0.3927510980763495
ping,0.3924507919785749
nea,0.3924020598554943
cpk,0.3909930977015113
ecl,0.3909029380165692
bui,0.3908617906346547
ni,0.3906549701087422
drua,0.3891589514052325
ifed,0.3888211503124422
kahc,0.387945607965742
pgp,0.3870004869569437
esrt,0.3866826179285614
homb,0.3864079978722126
yq,0.3861189794273768
AIF,0.384510456695883
cde,0.3844954799581238
RCUS,0.3841520813192758
eccy,0.384122034080762
dsg,0.3836673988609874
krp,0.3830665741260021
btz,0.3830508744770046
lgi,0.3827546288866851
ger,0.3815325614802782
AAIC,0.381043141428789
pbf,0.3809001048626135
bxmt,0.3806041524219313
fmn,0.3803222488340706
ALTG,0.3801441717355088
AJG,0.3794498544896392
nsc,0.3786001920736861
eog,0.3782731785546949
AHT,0.3779875735539985
muc,0.37744964287951
mit,0.3773373088573858
gff,0.3771989142844074
etj,0.3768187919166068
lc,0.376737535922492
homb,0.3764694148309878
MTCN,0.3760165441422837
lzb,0.3758626560461864
hzn,0.3756842058853174
nny,0.3756726485969762
kodk,0.3756521691362143
msi,0.374776804554412
AKR,0.3746056986604184
kss,0.3744162225115101
fr,0.3740427939223832
cnp,0.3732268935902251
hzn,0.3730228788973903
newr,0.3718976569006252
ATR,0.3716521975557401
ois,0.3716338461615663
dtp,0.3715266311435397
bsm,0.371378295620872
nl,0.3708468619772365
bldr,0.370176714588015
dbi,0.3699951407602654
ARGD,0.3699907893289814
ntr,0.3699780987035204
nnn,0.3697141080168868
diax,0.3695972881943948
bepi,0.3691676715639558
cru,0.3691477626121945
ctv,0.3691364008234468
hst,0.3674412585874914
hst,0.3674411539028924
smr,0.3672434136600241
lea,0.3668760830862791
AHH,0.3665816544044952
jill,0.3665144053724362
bcx,0.3664813577629881
ehc,0.366453258989576
mbi,0.3651374563037767
mtor,0.3648185604447234
fnd,0.3644287438360589
hayw,0.3642577964191331
estc,0.3635088108831051
fvt,0.3625237564145385
bfh,0.3624133865722362
pipp,0.3623886255052405
pipr,0.362198174306921
dva,0.3621616844026263
bfam,0.3613354652565095
myi,0.3611944127667399
ggb,0.3609970857470517
ctt,0.3607440042813512
emn,0.3606870814377885
hrb,0.3599541083751389
iim,0.3595926283501878
AEE,0.3592115917263754
cae,0.3590138707410573
nrz,0.3587505392376079
eai,0.3586414611210682
fn,0.3575967397613785
miy,0.35691887480058
fl,0.3569070890064401
phd,0.3565447601023145
ret,0.3561708483098781
nxj,0.355894221255576
mhk,0.3555772183915697
nem,0.3548045103950872
gab,0.3544266442907411
gab,0.3544264654861729
hyt,0.3538674282959003
ht,0.3534837049843513
ht,0.3534834862555538
fvt,0.3528869381228507
oia,0.3521364633704979
kn,0.3517142253870856
ldos,0.3509227618409613
npv,0.3508716786625908
eocw,0.3503173938656579
ibr,0.3500610237198896
ebs,0.3498579526144651
nsr,0.349796775991309
myn,0.3490651047826505
litb,0.3487624044523681
knsw,0.3487246861115899
ACDI,0.3481702562448964
bsig,0.3473703036527241
enba,0.3466693745790264
co,0.3463697593027117
je,0.3461897002022551
eurn,0.3460188154385001
eos,0.3459877256593396
ANET,0.3454695609877392
bros,0.3453184798987894
mlp,0.3451123651433738
AMN,0.3446395245039951
ASGI,0.3440216585172568
vac,0.3439623433076959
sq,0.3437765648365689
jmi,0.3435508098709572
box,0.3427065156752487
fl,0.3421948441662517
ddf,0.3420180465822517
bsd,0.3418425200802026
bvh,0.3411901952057871
dm,0.34054103233085
cir,0.3401315424838038
fsr,0.3378340004039385
gpk,0.3374425575310182
nwe,0.3374114357282676
gddy,0.3367164027369448
mqy,0.336207295910323
cyh,0.3361887700270459
mmp,0.3360312841731802
phk,0.33594561364195685
btt,0.3359021879611807
hca,0.3353343525449031
ecc,0.3352098742215559
MT,0.3349738945761867
ftv,0.3349441614829688
ghc,0.3347540203751916
nruc,0.3344957109613666
nov,0.3339724046172352
dal,0.3332380336557944
flme,0.3325078793473737
mhd,0.3319772054741119
hon,0.3314811147575705
doy,0.3308313168276227
lumn,0.3308105245918278
hon,0.3307364351541323
ifs,0.3306169333892694
oke,0.3304475128712555
kdp,0.3295964899102031
musa,0.3284526023620232
ppl,0.3276907008885276
thg,0.3275438663487992
ftv,0.3270939621891158
mro,0.3265534269872823
hp,0.3260672549398217
mtb,0.3259203366563915
gpi,0.3251904317712155
ntp,0.3246695050034029
brsp,0.3246065215333149
clvt,0.3244275246423818
noa,0.3244136257364481
bfz,0.3235489370805192
rcs,0.3233373439925429
jxn,0.3227773557366674
epwr,0.322596244196759
bbn,0.3225276755828311
ramp,0.3220043946692068
de,0.3217900592584508
etx,0.3193404551380018
og,0.3190885410207618
ofg,0.3189020417841669
jof,0.3186467891554662
ccv,0.3170893167847146
dex,0.3169191344675179
cbt,0.3163464231575404
nsl,0.3162200742462958
nmz,0.3161552535045006
nex,0.3155463504819654
gfx,0.3152187412067584
odv,0.3147676799748283
eqc,0.314656216148304
ogn,0.3145411840010302
AFG,0.3142190986432412
ngg,0.3139131882211026
AWI,0.3134960272711366
pins,0.3134607929760544
fxlv,0.3127005523410739
etn,0.3116776872685674
hpe,0.3116306352355223
hpe,0.3116305442560297
nog,0.3102454902376291
nstc,0.3101615435772368
mtrn,0.3098237556195408
msa,0.3087199405739995
bym,0.3086662452562415
nvo,0.3079197013918726
nmg,0.3078142908772976
phx,0.3077277894919976
epam,0.3076780165089601
nvgs,0.3076035669420579
ASC,0.307039449512915
jef,0.3064693769638565
bta,0.3062889355321687
spxx,0.3059040686665952
bamr,0.3054923606467686
ngvt,0.3052335904384748
nuv,0.3051244924378419
mtal,0.3044784189675221
nbb,0.3039248525180077
mui,0.3033947319515032
fbc,0.3017804586875663
IMPX,0.3014281341126948
grc,0.2999375861429641
kuke,0.2999314047475682
nvro,0.2996841251104855
ben,0.2992055233165682
mhn,0.2991158728377629
dnz,0.2986209446094932
prgo,0.29839603189258407
cgc,0.2982097391327882
exd,0.2974792439975588
cion,0.2967100367657884
crk,0.2964818108533973
nref,0.2960688104335084
ble,0.2956746232069979
cfr,0.2955256042029399
bc,0.295402146407911
byd,0.2952315548466314
hgh,0.2943826432652957
kamn,0.2942009881970259
kop,0.2940111518286153
evn,0.2934108573390468
gxo,0.2933160411752565
cpb,0.2929886866855652
ben,0.292614387218275
gcp,0.2922870437310623
cang,0.2914184688130546
nom,0.2907028203770817
jgh,0.2905274649161081
gcp,0.2901131096087945
cubi,0.2897218345377197
eccv,0.2881861941382738
evex,0.2880698307928925
bnk,0.2879658840330478
ccvi,0.2877601680123875
cem,0.2872771209409592
gnk,0.2869280775332511
klr,0.2868941464662957
blnd,0.2867773436810002
ms,0.2867245165762404
pcf,0.2866940271234276
el,0.286350619212644
jls,0.2862975797482409
jll,0.2860605916871367
goos,0.285710070817209
vmo,0.285540048441525
nbxg,0.2851293465834961
nstd,0.2849643800395666
jrs,0.2846117572264479
fviv,0.2836938564646568
gme,0.2830369344505323
dbl,0.2827886033275151
mc,0.2827708521695172
ggg,0.2823886446280614
jbi,0.282298853680889
doma,0.2820784365931384
pcf,0.2809664870499463
gxo,0.2803723770178894
nxp,0.2792300823013584
mntn,0.2787241209714249
ceqp,0.2784725920700751
cmsc,0.2783155453394532
fviv,0.2770803487069925
nycb,0.2769951486855591
bnl,0.2765630113252686
ebf,0.2761419695653542
mac,0.2754219821701957
irnt,0.2746099487513256
icl,0.274475841577607
cof,0.2743272036137734
foe,0.2737700609326565
htgc,0.2726107698795335
mas,0.271165642601728
NLY,0.27073261323366
htgc,0.2705574259636165
mod,0.2704714396826289
hy,0.2698789676994518
icl,0.2698625940317154
vkq,0.2698080040024727
clim,0.2692239416521587
cvna,0.2687813100867375
fbrt,0.2680053304653942
chct,0.2672813935098905
onl,0.2666387544729996
leg,0.2661785795220516
bhv,0.2647200191222544
dly,0.2641877912475951
gns,0.2635944407276248
par,0.2629422737696906
T,0.2629387775769234
blua,0.2624112007076206
vcv,0.2617344057552404
ms,0.2614117997298475
szc,0.2613841829754749
mp,0.2613338586195551
gnrc,0.2612133328139731
nptn,0.2609277179764068
gm,0.2608000894698111
dbd,0.2607460577935777
eat,0.2603468783843716
kw,0.259494626799429
emg,0.2587746277535713
AAN,0.2585318625780027
olp,0.2580546873624354
rlty,0.2579602988124632
phi,0.2575905698121437
nrk,0.2573451748397198
duk,0.2569203270120504
fbrt,0.2562494236385843
nke,0.2561805956309668
mpa,0.2559674368693665
nat,0.2557459897252419
hlf,0.2555961164598158
bstz,0.2555563755916581
vpv,0.2545518618915783
pags,0.2540864416131893
opy,0.253934589575665
bif,0.2534521333157647
bny,0.2529180620543418
ice,0.2526980644752684
hims,0.2525015425252933
hims,0.2525014990135315
fcf,0.2523133121883111
ko,0.2521753945150385
ingr,0.2513995964833216
mdc,0.2512484064392797
hgv,0.2508986217805172
vvr,0.2502333733099417
borr,0.2501577563877741
chrb,0.2500622109844515
cuz,0.2498237892492117
ipva,0.2491424499448943
ACH,0.2488821091773871
eto,0.2486896647930718
cmtg,0.2478738888947295
met,0.2472376534800544
ACRO,0.2465757688347062
vgm,0.2461729875750631
cif,0.2458175423323702
min,0.2455863935668118
mqt,0.2448420404662665
bgy,0.2444993123081122
cint,0.2444628682021296
gnt,0.2443892097854544
cnr,0.2440658271897452
fzt,0.2431231739298262
sdhy,0.2414597252855662
bfk,0.2409801022307711
gnt,0.2405374883817465
nvr,0.2402106758551237
fet,0.2399282205238691
fet,0.2393334565317074
pnx,0.239310852117826
hii,0.2391700386885814
hii,0.2391700334085774
gme,0.239154712602948
oran,0.2389814746545938
emo,0.2385559896586604
gpn,0.2381745146558404
pnf,0.23805792645242738
esgc,0.237342266782477
myov,0.2364731198257168
ladr,0.2354364837440546
mfm,0.2351360676517167
bst,0.2345994858659069
AGCB,0.2342564679964442
l,0.2336293742947582
mur,0.2332360117904479
omf,0.2330803901088075
AWP,0.2329859626789983
ARR,0.2323885134620268
pjt,0.2314086723885831
nss,0.2313189117814778
hog,0.2310763159621334
cnhi,0.2303633587390972
bami,0.2302828255589477
AME,0.2301414058978439
jwn,0.2299543475635815
fedl,0.2293876054738493
hci,0.2292861992259343
pni,0.2292753631699008
dyn,0.2291941984323156
fcax,0.228474791378081
fsd,0.228392188246915
nsa,0.2282478211294263
cps,0.228167562874529
eot,0.228081883383042
hrt,0.2280107548332125
evgn,0.2278701484922495
bxmx,0.2277358215846577
lci,0.2272823851096039
bcat,0.2262219668210807
nls,0.2249045357968929
ccs,0.2247207366633292
feng,0.22450413405095954
fcax,0.2243195151971313
net,0.2241329266792229
dash,0.2238644128232873
onon,0.2235620533996029
cdr,0.2227149062762571
cnk,0.2224266538031754
hrt,0.2223066513700865
kmg,0.2215584356264208
pd,0.2209616573541335
pck,0.2209191757903979
pflt,0.22019613636333268
igt,0.2197706181441181
vtn,0.2189190382517606
ARDC,0.2189043204965391
dfin,0.2184159038007869
gotu,0.2176316657166374
htfb,0.2170783143538511
ACEL,0.2168835866984021
nid,0.2154539603708062
exk,0.2152266473142607
sfun,0.2143486375988142
etg,0.2141847033155182
exp,0.2136868178589536
deck,0.2132468866762633
htfb,0.2123509762540932
AR,0.2121969440101367
fbk,0.2118898180617328
iber,0.2118038188667352
,0.2113174347432459
ftev,0.2108593501984821
cwk,0.2104150565535456
chmi,0.2103531225639364
pei,0.20918041926996161
nfys,0.2091486585937933
otis,0.2091075778605381
cmp,0.2079565753584547
e,0.2074755516441808
csl,0.2066315924874483
hyb,0.2065398154038713
parr,0.20547084378327257
cim,0.2049726047574009
meg,0.2045691691633112
bhk,0.2040523931310693
DYFN,0.203686625310877
cnmd,0.2036654989834923
mgy,0.2021822841660702
kwac,0.2019118159573491
emr,0.2018244187004849
eqr,0.2006958906339977
lee,0.200200759059709
egf,0.1999912548552292
max,0.1990859327218617
hesm,0.1988642047428832
hesm,0.198864104679245
naz,0.1971561735256069
msgs,0.1960789427826069
eme,0.196070281106
chaa,0.1960344811297242
cea,0.195202663663287
nuo,0.1938754747621801
nad,0.1938335823438941
phh,0.19296561774727006
cb,0.1913722198384829
cck,0.1900339335528833
hwkz,0.1882066144294372
PLAN,0.1879920057026638
crl,0.1876362620070702
imax,0.1869229948469134
oas,0.1866050240727699
kro,0.1851766797006359
pyn,0.184917944172675
prg,0.1841848012730969
pfe,0.18252579777246092
kmb,0.1821178386778231
vtol,0.1811376536208179
jsd,0.1809800872873271
gbli,0.1801005408482067
pnc,0.180056880317543
AMP,0.178322208167558
flr,0.1771079946377822
ne,0.1767626699309876
lxp,0.1766660287058265
fsm,0.1766392671767104
imax,0.1764206100787618
bkt,0.1763894471025406
bki,0.1744917507272091
chs,0.1735925031621538
flr,0.1732310137384397
fdeu,0.1731679887254745
hig,0.173115604504936
flc,0.1715942834363021
gtes,0.171165288726202
gci,0.1701323882276668
mbsc,0.1695993297549931
htpa,0.1682421184604014
fmo,0.1667993890102404
fsm,0.1664951642243009
ibn,0.1658449028936651
fcn,0.1657775208846993
mkfg,0.1648140685512671
ngc,0.1640701196480656
mio,0.16381141547672223
htpa,0.1637763786076062
mhi,0.1632230696791524
ccj,0.162514137659714
ihit,0.1618841947760874
usa,0.1617805112069593
ksm,0.1613288680523056
elp,0.1605922905627534
clas,0.1599982058033961
mkc,0.1596728396745066
nxc,0.1587079930566695
hsc,0.1580041206310169
mcx,0.1579456447521866
cmc,0.1573694742536
ABT,0.1570895170779578
sspx,0.1569086406853694
cixx,0.1561990573972314
nim,0.1560790187601778
ASPN,0.1556423817152282
osk,0.1552073734825568
jce,0.1549263381223047
pltr,0.1545641886586789
ecvt,0.1533266545352775
peb,0.15296912259026296
ADT,0.15160719334883
ba,0.1506060428349364
ggz,0.1499495555216018
pvh,0.1497647701405011
ggz,0.1493326100503781
hasi,0.1482622408380604
kmi,0.1464760054806991
dtm,0.1463030735123969
pdot,0.14555759632917117
dxc,0.143680731610525
nexa,0.1432533546028292
ACN,0.1428624862213457
cce,0.1425081365650586
AMRC,0.1419489982859448
hlgn,0.1409986773831473
ferg,0.1404636915134443
pdm,0.13975021394403198
krc,0.1390102406911891
jri,0.1388252500003397
rqi,0.1377048863843105
ipvf,0.1365321801446136
cwh,0.1359952807027679
cab,0.1354606382345824
ceb,0.1348602939954381
ffa,0.1343477709264578
pml,0.1339072334745184
feo,0.133015470637059
fei,0.1317706799276999
dhr,0.1317668822414824
fehy,0.1317113404572588
btu,0.13165226138234962
AFL,0.1304785611884179
feus,0.1299359628037351
APAM,0.1292896448077566
nue,0.128273508643587
mho,0.128224550434368
grmn,0.1271856538509397
noc,0.1260367129319262
kmt,0.1250454291835563
opa,0.1244177991887056
pm,0.12390232068841665
eqt,0.1232078704544675
prbm,0.12291650646650515
bti,0.1201201829220865
cnvy,0.1200051139123984
oge,0.1196823518170607
gil,0.1195161364623443
cbu,0.1170538472070991
gbci,0.1169022677261804
grx,0.1165839769691888
gogn,0.1162438772875751
ntz,0.1150383904293998
blk,0.1142349825627713
fun,0.1132903418466679
grx,0.1118920755256705
COLD,0.1118745097944755
ivz,0.1107944468336726
or,0.1106836710491178
carr,0.1103945798189103
ARGO,0.1090596775920693
cptk,0.1066487472417266
ecat,0.1027296036257566
mdlq,0.1024849706940812
fico,0.102005945709256
etw,0.1013235157540706
gfa,0.1011176700416131
ARLO,0.1010560328623648
gtls,0.1007285778775407
emc,0.1007062878962964
rjac,0.100498024516253
ntco,0.1002859438680257
mule,0.100006410665866
cmi,0.0990452035193233
bhg,0.098616827334312
aqua,0.0984991207241859
ogs,0.097499339725197
myc,0.096952151873274
hdb,0.0962771665342485
mli,0.0955022473694706
lgv,0.095495064025211
tv,0.0951574471789315
lth,0.0946229496226793
mir,0.0928209279209919
hli,0.0926144461855617
hli,0.09261342096924
mpln,0.0920038830217478
clf,0.0917376901201141
AMC,0.0915224317332579
pty,0.0914337320038152
fst,0.0908392572575335
enlc,0.0902176321092655
nbhc,0.0893106965716975
pgre,0.08774794758142791
asg,0.087120302639445
cpng,0.0869994848891138
osg,0.0830461600718417
hyln,0.0824772278397207
dov,0.0821925801855757
fna,0.08043071408594085
bxc,0.0788414869591324
eb,0.0785110858717102
wlth,0.0778389021670398
msm,0.0776347069616402
pgti,0.0745582182071856
gfa,0.0732762793776291
chd,0.0703844099997905
boot,0.0703783619738812
kgc,0.0698015004833215
nstb,0.0681421606973281
msb,0.0674326614988594
ANVS,0.0671400308944836
APH,0.0655027988121334
npo,0.0644978137601192
obe,0.0621116379899379
eft,0.0618137245077959
dlm,0.0614804103062259
lnfa,0.0605868234133062
kr,0.0563734434778059
env,0.0560597315519724
h,0.0560388504702778
exg,0.0548884047667599
semf,0.0527159353959384
ely,0.0525026243255945
cr,0.0508342471118063
ABR,0.0506602106510992
cio,0.0504055130787722
pmx,0.0485415976593821
ge,0.0457064346806387
ica,0.0439497921261219
gfor,0.0435110488836804
fph,0.0430645459000235
jemd,0.0423041582933251
infa,0.0422019524919252
iag,0.041586452119888
forg,0.0412327082748684
esi,0.0400884735822705
pta,0.0386840906460492
jqc,0.036931212724137
fath,0.0353578717217036
crc,0.0334759512109638
etrn,0.031812186139911
edr,0.0309150431549488
vbf,0.0300801833343568
ftai,0.0280912499681782
hcxy,0.0279977255671019
jci,0.0242923740287858
forg,0.0241509913855124
MITT,0.0232476134272279
dpg,0.0217310656372962
ftai,0.0208947301667159
AIV,0.0196271192007849
cole,0.0188286422941439
dan,0.0186921434909439
AIR,0.0177467764315509
gbll,0.0176165424596885
eaf,0.0168021035516262
cga,0.0115761261447181
psth,0.011440189425204236
gsld,0.009630390903799
hta,0.0082224421306933
hie,0.0071080920350751
ATUS,0.0054169547569822
hbi,0.0044126458844394
cano,0.0030636186154443
nxn,0.0029447887230742
eccx,0.0027781323520363
lthm,0.0027184898149735
AXL,0.0024654233854895
nmfc,0.0005806915140584
pcm,0.0004610523339117
nev,0.0004481590339342
sjm,0.0002560963281095
lu,-0.0004511984659811
ATEN,-0.0009695343575012
mye,-0.0047459486404793
mnrl,-0.0048629338291174
gco,-0.0067940978520066
egp,-0.0074606398186851
bsx,-0.0085295981077348
lac,-0.0086920051072353
ifin,-0.0090965578903536
dht,-0.0094259066915699
oxy,-0.0097118988337913
oi,-0.0133780484703599
ft,-0.014076726082865
ft,-0.0141018407097576
gpc,-0.014433653213207
nomd,-0.0159306455750292
hnp,-0.0164249219407681
psn,-0.01689808380906502
pnnt,-0.017564361228465154
hun,-0.0177927729843147
epc,-0.0180525492622277
fsnb,-0.0193110137812899
mtg,-0.0231300060120153
fix,-0.0263119837777498
brc,-0.0273655410391813
dsl,-0.0286901043437419
fc,-0.0287632913030915
AMBP,-0.0298620132259017
clx,-0.0326939654991231
cvx,-0.0343362852816337
cpa,-0.0345143198517896
pbi,-0.035017098898219245
cp,-0.0368523480103354
ssfi,-0.0394826570399413
invh,-0.0400266140325641
omi,-0.0414446827849216
dvol,-0.0467344618132867
oc,-0.0472241238199124
AIRC,-0.0489059850789695
mtz,-0.0489605447295602
etd,-0.0502320017999405
vate,-0.0506148387245992
vate,-0.0509145155764776
hei,-0.0513795047726535
fsnb,-0.0521634909404179
bco,-0.0522640443919167
cian,-0.0534358834679649
fc,-0.0536519877133189
nmai,-0.0557193306549537
flng,-0.056238609791611
ARNC,-0.0577834745609552
chpt,-0.0601772639637806
kbr,-0.0612007872866054
cci,-0.0623963454631326
bksy,-0.063761238464972
for,-0.0640758316271188
cvs,-0.0665493034014533
len,-0.0673036544829277
fhi,-0.0692285288156283
f,-0.0693275904685203
f,-0.0694512817644937
gflu,-0.0695997303047692
gflu,-0.0696208567489678
ofc,-0.0710347208275105
eqs,-0.0734624989633695
ABBV,-0.0741167964225273
cs,-0.0754691044440102
AIG,-0.0756469188909971
fedm,-0.0761613246945623
ctra,-0.0766898893910375
ecom,-0.0769137565059846
ARCO,-0.076991871598661
cxe,-0.0773644597964103
msp,-0.0813559312605223
elan,-0.0815713036796771
lh,-0.0839847603244069
phr,-0.08786254392108182
mck,-0.0897770710694058
AOD,-0.0898786277824692
inst,-0.0918763991938019
jhs,-0.0969326718250039
fds,-0.0992487644170761
nvst,-0.0994639069533745
maa,-0.1009005150585554
hzon,-0.1040825310204707
dbrg,-0.1045895214098883
ivc,-0.1055466457644815
pgss,-0.10673105968144751
mav,-0.10720275522051789
dsx,-0.1083496138301603
glw,-0.1097873701485246
prm,-0.11535929071927846
cco,-0.1271549501645549
enb,-0.1283175118572828
din,-0.140712510699776
boxd,-0.1427340872663822
dac,-0.1433266004241677
levi,-0.1434080976877018
cpe,-0.1473820628281628
gato,-0.1485500700739987
lsi,-0.1492873084854541
gut,-0.1536251542968757
gut,-0.1540012615786566
wly,-0.1560799328469061
drq,-0.156192655107491
pfsi,-0.16124303375296134
psx,-0.1619911783859535
gmre,-0.1635230471265799
for,-0.1717521381077138
mtx,-0.1719656323475921
lnn,-0.1755378092803221
ajxa,-0.1795246362509741
mcg,-0.1824828676878323
iqv,-0.1850142565118613
iqv,-0.1870871877724158
bkd,-0.1896668566110741
cf,-0.1926483415340457
pdt,-0.1941934622927483
gib,-0.1951269869773955
msci,-0.2074690185524817
lmt,-0.2084947719751904
hiw,-0.2093784110681339
teaf,-0.2108914136993188
nu,-0.2224930786758112
zev,-0.2261834498667817
wtrg,-0.2303421039986108
cvi,-0.2415693183415931
bkn,-0.2448914062295369
den,-0.2461990717428234
AMWL,-0.2472939894239317
dlr,-0.2538967048492699
fmac,-0.2556177297357689
dms,-0.2595171356945021
bfly,-0.2597109440673705
lad,-0.262912958997403
ges,-0.2655107162979074
AIT,-0.275699417675848
fe,-0.2793878825329467
lbrt,-0.2893747902494908
dna,-0.2985775834861572
eccw,-0.2988771602312833
gaq,-0.3012345335754004
evf,-0.3120330571204242
prpb,-0.3160391667199733
coty,-0.3250031591444007
feig,-0.3452983406745759
cveo,-0.3475370174334372
fpi,-0.348508968406582
olo,-0.3496534076829613
nxdt,-0.3545415190476948
AMPY,-0.3567582159694267
pkg,-0.3641379424720375
hwm,-0.3684289608574209
lpg,-0.3704093341417804
oca,-0.3775138890162207
fcpt,-0.3810076593436133
lcii,-0.3853177369396281
itt,-0.3941071775852347
ff,-0.3984186622571227
pre,-0.3997044513067211
gis,-0.4064582813299491
iif,-0.4118223984804708
nsp,-0.4229649478963534
ff,-0.426563522523174
bep,-0.4282970121670333
har,-0.4369069946778428
cbz,-0.4369925736355509
bhr,-0.4492713228614335
bsaq,-0.4529616632289346
docn,-0.4786218015839819
rdy,-0.4854272763093447
AGCO,-0.4911325349514884
bq,-0.4975891087138585
nuw,-0.4976302623636849
ccep,-0.4996490187732893
elu,-0.5009378014886577
fdx,-0.5117844094883451
ontf,-0.5232609495804442
fcpt,-0.5260931252322786
epr,-0.5280027263418654
mcs,-0.5292653968077521
kex,-0.5364521861829094
faf,-0.5381191030655662
APGB,-0.5460946391584112
mg,-0.5463955481083724
dar,-0.5535442489577269
nlsn,-0.5603525664543753
iaa,-0.5669477786990902
ori,-0.5867313024243004
dnow,-0.5987640547845917
dv,-0.6130891571626418
gne,-0.6364178273697072
pk,-0.6430598115521415
nwn,-0.6771079821944189
hgty,-0.6791724369888398
mdlx,-0.7012831792743149
jpns,-0.7056255766114269
ndmo,-0.7197659379441482
gps,-0.7318707755255791
pxd,-0.7320595945299614
mpc,-0.7419414740098383
payc,-0.7537422145773173
capl,-0.7603338315615576
ora,-0.7643723541026101
insi,-0.7796792874295738
bgx,-0.8164239543096695
dava,-0.8336190098592803
bamh,-0.8484824383922304
mec,-0.8526689154986312
mlnk,-0.9000981481474971
fnf,-0.9147577641118596
kore,-0.9180415609007856
px,-0.9343736454289628
dt,-0.9359470756366776
nyt,-0.9465852331068928
mcr,-0.9466453193025168
fct,-0.9477241876956324
kf,-0.9525780593871904
AMAM,-0.9552472029142536
cndt,-0.9574191193377212
panw,-0.9775502367377727
eic,-0.9779946159879602
mgf,-1.0027566091229312
itw,-1.0403714673618452
beke,-1.044936204008562
rfi,-1.0551072091633544
xpro,-1.0718410074374911
eex,-1.0743213352431322
orcl,-1.0767698291258263
emp,-1.088633965963177
codi,-1.103179864710077
ACP,-1.1080071047026985
hni,-1.1117450181332342
AXP,-1.1234058503042983
opad,-1.129771725251212
jbt,-1.1353488436392274
cour,-1.1417562998145852
pdi,-1.144129950843237
macc,-1.183808870774305
bap,-1.1973508884512836
AWR,-1.2265465201282415
dnp,-1.2322531345962355
eva,-1.2378669230891284
pht,-1.2676884465900609
mhnc,-1.3007757905416322
ihs,-1.314764356054687
kbh,-1.3230092634009645
AROC,-1.335657126999463
chx,-1.3458296761707649
bah,-1.3528507747941685
bipc,-1.3548012876238595
figs,-1.3859326624782908
boc,-1.414153216276943
gpor,-1.4311850110192326
fhn,-1.4523885925102202
cl,-1.4592299864445206
bdn,-1.4633747452200545
jro,-1.4803254467403528
stk,-1.4891905413827269
netc,-1.5283664431291604
jpm,-1.5421600995133096
mdh,-1.6167390750917363
csta,-1.677466065669442
dscf,-1.7440036703488715
ovv,-1.7457375788448868
bx,-1.7536338763955237
chwy,-1.7552075146079398
mdu,-1.7627276894295427
he,-1.8154724847798287
bgr,-1.818128962748916
hil,-1.823030107598043
ACCO,-1.871340420274784
boac,-1.872050008883832
oln,-1.882297513541458
bgsx,-1.9124360986572049
cve,-1.960293751292544
AAT,-1.970525052365644
fis,-1.98454282818076
kai,-2.009472188740853
cwan,-2.040392602468604
oec,-2.1112682165433414
dpz,-2.14391520889551
nvg,-2.152187743399081
ngl,-2.2136461616610967
cop,-2.2731726469690448
mvf,-2.319186664114548
ai,-2.3217953114654883
faca,-2.3605767298133187
etwo,-2.4305014109992658
ghy,-2.4411898184599194
kmf,-2.58490328734884
be,-2.609885797554007
dei,-2.6161224702340937
mtd,-2.647536568471144
znh,-2.721664685999656
kref,-2.7981775850386925
jhaa,-2.8425924135065483
dtg,-3.0413211604670174
dfs,-3.091153128286639
bwa,-3.127221081806044
jwsm,-3.2430896567464
aprn,-3.2916499569501374
gnl,-3.41446743503942
pke,-3.465574402693569
bur,-3.47176351451956
cstm,-3.8283447957561214
onto,-3.915443338401443
opfi,-10.499431838807247
blw,
cbre,
chk,
cfg,
claa,
dci,
efr,
etr,
mei,
omc,
