stock,price,direction,RSI,RSIRev,fair_value_mult,geomean,sharpe,weighted_sharpe,et,schwab,rollover,roth,simple,fid,Owned,inEt,inFid,in_self_managed,currentlyActive,status,status_scaled,sharpe_capped,sharpe_scaled,weighted_sharpe_capped,weighted_sharpe_scaled,sharpe_adj_status,w_sharpe_adj_status,mean_sharpe_adj_status,et_norm,fid_norm,schwab_norm,et_target,et_diff,et_bid_ask,et_nshares,up_down,exact_amt,fid_target,fid_diff,fid_bid_ask,fid_nshares,schwab_target,schwab_diff,schwab_bid_ask,schwab_nshares
NVCR,14.81999969482422,1,0.1703924490809736,0.8296075509190264,0.2147087857847976,0.0052548607461902,0.2897842100611859,0.6403867440475136,3927,370,0,3157,0,3157,7454,1,1,1.0,1,0.0149382842764023,5.0,0.2897842100611859,1.47212698910496,0.6403867440475136,3.668955218113189,6.913952226435864,664.8322140489646,335.87308313770023,0.020923040429717,0.018212699349001,0.0383629500372714,2105.7324503194973,-1821.2675496805027,15.895562888985454,-115,1,14.886056618406675,2523.2729674975467,-633.7270325024533,15.895562888985454,-40,387.6384286516092,17.638428651609217,14.886056618406675,1
VRTS,172.36000061035156,0,0.0055932880543347,0.9944067119456652,0.2340087405641636,0.2369410781445884,0.241254079704147,1.0444359158273755,0,172,0,0,0,0,172,0,0,1.0,1,0.0160188366575473,5.0,0.241254079704147,1.423596858747921,1.0444359158273755,4.07300438989305,5.84702707920048,1120.9194133918618,563.3832202355311,0.0,0.0,0.0383629500372714,0.0,0.0,180.44634899425108,0,1,173.95594957009263,0.0,0.0,180.44634899425108,0,387.6384286516092,215.6384286516092,173.95594957009263,1
TECH,63.5,0,0.0079904115061925,0.9920095884938074,0.3980929678188319,0.0183869619724195,0.6273472272924694,0.6716743349095996,0,0,0,0,0,0,0,0,0,1.0,1,0.0164791395801959,4.966209581018615,0.6273472272924694,1.809690006336244,0.6716743349095996,3.7002428089752746,19.02463735281617,663.6672379455183,341.34593764916724,0.0,0.0,0.0383629500372714,0.0,0.0,66.21643722616983,0,1,382.8691415151056,0.0,0.0,66.21687860217965,0,387.6384286516092,387.6384286516092,63.811523585850935,6
JCI,49.20000076293945,0,0.023571713943268,0.976428286056732,0.4656336909018673,0.0242373589636439,0.3807438208518851,-0.5051045799236801,0,0,0,0,0,0,0,0,0,1.0,1,0.0349528298178743,3.380586760685674,0.3807438208518851,1.5630865998956591,-0.5051045799236801,2.523463894141995,4.526645627450736,22.85525430188225,13.690949964666494,0.0,0.0,0.0057932816780015,0.0,0.0,49.97204496629264,0,1,48.892166435737686,0.0,0.0,50.00554069632017,0,58.53821471536646,58.53821471536646,48.892166435737686,1
PAC,127.47000122070312,0,0.0331602077506991,0.9668397922493008,0.5268176400476758,0.0246552444630171,0.5305294043478668,-0.7213524229979803,2040,0,0,2677,0,2677,4717,1,1,1.0,1,0.0413142682465509,3.0419982066340303,0.5305294043478668,1.712872183391641,-0.7213524229979803,2.307216051067695,5.140328792449931,12.720783144950996,8.930555968700464,0.020923040429717,0.0103364313592528,0.0026407922398213,2105.7324503194973,65.73245031949727,126.57830725019136,1,1,0.0,1432.0577817382775,-1244.9422182617225,134.28944668188058,-9,26.68388518727465,26.68388518727465,126.45764904060204,0
TSLA,220.1100006103516,0,0.0339592489013184,0.9660407510986816,0.0290027810885975,0.4266610948600083,0.8059720538167476,-0.5059904870699361,0,0,0,1321,0,1321,1321,0,1,1.0,1,0.0452691535339504,2.862670571906759,0.8059720538167476,1.9883148328605216,-0.5059904870699361,2.522577986995739,7.152611915315499,14.136721928596362,10.644666921955931,0.0,0.018212699349001,0.0044979348844404,0.0,0.0,225.35661439172137,0,1,0.0,2523.2729674975467,1202.2729674975467,215.89313043298745,6,45.44938303982802,45.44938303982802,215.4390632452523,0
TGLS,32.43000030517578,1,0.1618058330003995,0.8381941669996005,0.646404449741756,0.0192227329711659,0.5328713825415855,0.2863753658679365,0,0,0,0,0,0,0,0,0,1.0,1,0.0502100410727365,2.665272657760213,0.5328713825415855,1.7152141615853598,0.2863753658679365,3.3149438399336115,4.21232916959984,24.389950494400367,14.301139832000104,0.0,0.0,0.0180209646545351,0.0,0.0,33.18638877143896,0,1,191.4623195044917,0.0,0.0,33.212288768960725,0,182.09283735175083,182.09283735175083,31.91038658408195,6
TREX,54.790000915527344,0,0.0355573312025569,0.9644426687974432,0.0564163686928883,0.1399916422900125,0.6906593415799386,0.4043031686127418,2356,0,0,2740,0,2740,5096,1,1,1.0,1,0.0566120718460762,2.4451150174133214,0.6906593415799386,1.8730021206237129,0.4043031686127418,3.4328716426784167,4.638605243282401,20.40536449241968,12.521984867851042,0.020923040429717,0.018212699349001,0.0181470533619387,2105.7324503194973,-250.26754968050275,58.22244477298706,-4,1,161.78089492312176,2523.2729674975467,-216.7270325024533,58.22244477298706,-4,183.3669006957104,183.3669006957104,53.92696497437392,3
AAON,52.84999847412109,0,0.051538154214942,0.948461845785058,0.1096543504171632,0.0409527789385708,0.6303228193741909,-0.6887146740433943,0,0,0,0,0,0,0,0,0,1.0,1,0.0566668198703311,2.4433810522889807,0.6303228193741909,1.812665598417965,-0.6887146740433943,2.339853800022281,4.277288612838023,7.981209836505158,6.129249224671591,0.0,0.0,0.0019171886600118,0.0,0.0,53.53752440499003,0,1,0.0,0.0,0.0,53.55607248556011,0,19.372232815090143,19.372232815090143,52.11830517524745,0
EW,69.08000183105469,1,0.1022772672792648,0.8977227327207351,0.1406436233611442,0.0313414124529878,0.6892251962897903,1.143157566170387,0,0,0,0,0,0,0,0,0,1.0,1,0.0614827425247149,2.2994147641618814,0.6892251962897903,1.8715679753335643,1.143157566170387,4.171726040236062,4.225845235840873,26.690902797769557,15.458374016805212,0.0,0.0,0.0383629500372714,0.0,0.0,69.64431265617223,0,1,409.2528452913398,0.0,0.0,69.67560235688057,0,387.6384286516092,387.6384286516092,68.20880754855663,6
MPWR,433.75,0,0.0711146624051138,0.928885337594886,0.0794596742153357,0.0459674049310488,0.8758716677723384,0.1063187219982922,0,0,0,0,0,0,0,0,0,1.0,1,0.0619817509433117,2.285404858623396,0.8758716677723384,2.0582144468161125,0.1063187219982922,3.1348871960639677,5.205386617097178,13.616578134609007,9.410982375853091,0.0,0.0,0.0094847374439103,0.0,0.0,441.10313523741,0,1,0.0,0.0,0.0,441.532509100261,0,95.83852950199258,95.83852950199258,424.7660749547812,0
MDXG,6.090000152587891,0,0.0539352776667998,0.9460647223332002,0.0524433849821215,0.6209778520685332,0.4213974428444795,0.3305236837825663,0,0,0,0,0,0,0,0,0,1.0,1,0.0764929785764185,1.937747426264587,0.4213974428444795,1.6037402218882535,0.3305236837825663,3.3590921578482416,2.497456440170354,10.463697338467629,6.480576889318991,0.0,0.0,0.0086100173135749,0.0,0.0,6.199376114741862,0,1,88.38083488054909,0.0,0.0,6.202801222023526,0,86.99991994501833,86.99991994501833,5.892055658703272,15
ABNB,119.97000122070312,0,0.0496453900709219,0.950354609929078,0.0792767732962447,0.4067226890756302,0.146906542417803,-1.9386628058949915,600,0,0,240,0,240,840,1,1,1.0,1,0.0851895910562015,1.77269059424787,0.146906542417803,1.3292493214615773,-1.9386628058949915,1.0899056681706836,1.6562122270167652,1.1648740516779992,1.4105431393473822,0.015358143286128,0.0001658434408915,2.07703922665334e-05,1545.6711849738426,945.6711849738426,116.70228486471991,8,1,0.0,22.976729765290976,-217.02327023470903,129.50254695957324,-2,0.2098744286571867,0.2098744286571867,116.4731720540479,0
EME,195.58999633789065,0,0.0479424690371554,0.9520575309628446,0.0854191497814858,0.4371082323443376,0.7032096058736167,1.475918605324189,0,0,0,0,0,0,0,0,0,1.0,1,0.0860756238450456,1.7572951157429282,0.7032096058736167,1.885552384917391,1.475918605324189,4.504487079389865,3.048083858066778,14.081462830055637,8.564773344061207,0.0,0.0,0.0367959430049542,0.0,0.0,197.29217027983927,0,1,386.19028208022246,0.0,0.0,197.30852188149444,0,371.8046060935598,371.8046060935598,193.09514104011123,2
MA,387.8699951171875,0,0.0415501398322013,0.9584498601677988,0.2312276519666269,0.1613038027580443,0.7739876137609552,1.4888379850614042,0,0,0,2327,0,2327,2327,0,1,1.0,1,0.0867264281651979,1.7461387500203591,0.7739876137609552,1.956330392804729,1.4888379850614042,4.517406459127079,3.227739836747171,13.916414447336535,8.572077142041854,0.0,0.018212699349001,0.0372516424318833,0.0,0.0,390.3971467889648,0,1,382.0608051583216,2523.2729674975467,196.2729674975467,382.744659336984,1,376.4092209529653,376.4092209529653,382.0608051583216,1
POOL,325.20001220703125,0,0.0567319216939672,0.9432680783060328,0.1370679380214541,0.1036356038445465,0.8076005859361366,0.7330451756268802,0,0,0,0,0,0,0,0,0,1.0,1,0.0867764134304225,1.745287122689995,0.8076005859361366,1.9899433649799108,0.7330451756268802,3.7616136496925554,3.3232487792138463,10.097018698428966,6.710133738821407,0.0,0.0,0.0140194381146613,0.0,0.0,328.1813651498351,0,1,0.0,0.0,0.0,328.338555120653,0,141.6594124295954,141.6594124295954,318.83303637774,0
MELI,1179.9599609375,0,0.051538154214942,0.948461845785058,0.1152165276122367,0.1968240702047639,0.6797001475808734,0.8032216105766551,0,0,0,1180,0,1180,1180,1,1,1.0,2,0.0904620152241075,1.6844742204911798,0.6797001475808734,1.8620429266246477,0.8032216105766551,3.8317900846423294,2.8496444109520542,9.610038763900835,6.229841587426445,0.020923040429717,0.018212699349001,0.0280295752914969,2105.7324503194973,2105.7324503194973,1146.549661753491,2,1,0.0,2523.2729674975467,1343.2729674975467,1147.3593863434612,1,283.2248435329312,283.2248435329312,1145.1268079701465,0
ISRG,273.45001220703125,0,0.0910906911705952,0.9089093088294048,0.1477949940405244,0.0676974508984538,0.7532274959858951,1.695520150449926,1914,273,0,2461,0,2461,4648,1,1,1.0,1,0.0922628266098711,1.6561140339799347,0.7532274959858951,1.9355702750296693,1.695520150449926,4.724088624515601,2.985302310739195,13.084211736212104,8.034757023475649,0.020923040429717,0.018212699349001,0.0383629500372714,2105.7324503194973,191.73245031949727,268.6325669752275,1,1,0.0,2523.2729674975467,62.27296749754669,268.8427755822308,0,387.6384286516092,114.63842865160922,268.2984828725495,0
AMBA,50.20000076293945,1,0.0791050739113064,0.9208949260886936,0.1203814064362336,0.0894274968658587,0.4300760329229425,0.0906310469959763,0,0,0,0,0,0,0,0,0,1.0,1,0.0933689734008825,1.6391094415918797,0.4300760329229425,1.6124188119667169,0.0906310469959763,3.119199521061651,2.1881591865528898,6.453432928514062,4.320796057533476,0.0,0.0,0.0042681440745547,0.0,0.0,50.70794080074801,0,1,48.49045531728508,0.0,0.0,50.77027015436401,0,43.12746180133873,43.12746180133873,48.49045531728508,1
ROKU,62.47999954223633,0,0.072137657180675,0.9278623428193248,0.141639344262295,0.291220556745182,0.5881956721562399,-0.643260486097757,62,0,125,0,0,125,187,1,1,1.0,1,0.1231709421190615,1.2734574730380404,0.5881956721562399,1.770538451200014,-0.643260486097757,2.385307987967918,2.0699107900956366,3.0254279673719564,2.5476693787337963,0.020923040429717,0.0047550615983398,0.0008606441049441,2105.7324503194973,2043.7324503194973,59.96413261721685,34,1,0.0,658.7885826235208,533.7885826235208,60.046525622416375,9,8.696378358407998,8.696378358407998,59.82076960873654,0
CROX,84.44999694824219,1,0.2277267279264882,0.7722732720735118,0.258243941199841,0.0622649394066025,0.6049211829384468,0.5719606713297776,0,0,0,0,0,0,0,0,0,1.0,1,0.123335289905086,1.27183074014568,0.6049211829384468,1.7872639619822208,0.5719606713297776,3.600529145395453,2.0928655968353502,5.10039489355791,3.5966302451966303,0.0,0.0,0.0063075949406454,0.0,0.0,85.04425907679074,0,1,81.1720177165352,0.0,0.0,85.134199532708,0,63.73509307775148,63.73509307775148,81.1720177165352,1
RGEN,146.27999877929688,0,0.0779065121853775,0.9220934878146224,0.1676599125943583,0.1959882992060175,0.8002405753022281,0.0462613026411738,2048,0,1317,585,0,1902,3950,1,1,1.0,1,0.1255088451349783,1.2506318422429326,0.8002405753022281,1.9825833543460023,0.0462613026411738,3.074829776706849,2.353570017228829,4.074596179419768,3.2140830983242985,0.020923040429717,0.0149292538955917,0.0029980860558726,2105.7324503194973,57.73245031949728,141.42855379139166,0,1,0.0,2068.369002188584,166.3690021885841,141.74622810126905,1,30.29416055156502,30.29416055156502,141.20219115559604,0
CTSH,65.44000244140625,0,0.0555333599680383,0.9444666400319616,0.355979340484704,0.4483911408274132,0.306819369554612,1.4765821643742187,0,0,0,0,0,0,0,0,0,1.0,1,0.130171373797358,1.2070444231673758,0.306819369554612,1.489162148598386,1.4765821643742187,4.505150638439893,1.6171438859940603,6.152564644558164,3.884854265276112,0.0,0.0,0.0166999311483503,0.0,0.0,65.68468476985313,0,1,192.8583328709738,0.0,0.0,65.74231721112974,0,168.74445428850584,168.74445428850584,64.28611095699127,3
DPZ,344.3099975585937,0,0.0619256891729924,0.9380743108270077,0.3047278506158125,0.357709987463435,0.734771937881029,1.3083962192945569,0,0,0,0,0,0,0,0,0,1.0,1,0.1349796985164567,1.1645908731798778,0.734771937881029,1.9171147169248035,1.3083962192945569,4.336964693360232,2.133877080942477,5.521548205398923,3.8277126431707,0.0,0.0,0.0141314118616701,0.0,0.0,345.7979639714087,0,1,0.0,0.0,0.0,345.98579402839164,0,142.79085115624588,142.79085115624588,335.6817179099872,0
MSCI,497.2699890136719,0,0.0783060327606871,0.9216939672393129,0.3400874056416368,0.1646468867530296,1.0217791345325562,0.3768117971054612,0,0,0,0,0,0,0,0,0,1.0,1,0.137713018723893,1.1415022311344931,1.0217791345325562,2.2041219135763304,0.3768117971054612,3.4053802711711363,2.464927881851261,4.050123232166127,3.2575255570086945,0.0,0.0,0.0045714394860637,0.0,0.0,498.81305329002953,0,1,0.0,0.0,0.0,499.20544722885546,0,46.19211028693076,46.19211028693076,484.5007335316021,0
LRCX,601.9500122070312,0,0.0787055533359968,0.9212944466640032,0.3476360746920938,0.2323443376514835,0.8327385448042551,1.9088857813035285,0,0,0,1204,0,1204,1204,1,1,1.0,1,0.1508590516369386,1.0397714009693482,0.8327385448042551,2.015081323848029,1.9088857813035285,4.937454255369204,2.072023706870849,5.261198338108745,3.666611022489797,0.020923040429717,0.018212699349001,0.0227394449956279,2105.7324503194973,2105.7324503194973,584.5081254703978,4,1,0.0,2523.2729674975467,1319.2729674975467,585.3390116549184,2,229.77072195832253,229.77072195832253,583.3335720335166,0
SAIA,380.9400024414063,0,0.1234518577706751,0.8765481422293249,0.1092570520460866,0.63769327204346,0.7895075679575281,1.0403063593139754,0,0,0,0,0,0,0,0,0,1.0,1,0.1593947002937316,0.98086774686461,0.7895075679575281,1.9718503470013025,1.0403063593139754,4.068874833379651,1.946401130317993,3.9610809066900505,2.953741018504022,0.0,0.0,0.0084483600892323,0.0,0.0,383.59677975818965,0,1,0.0,0.0,0.0,383.9723789318338,0,85.36645452164824,85.36645452164824,366.501056446183,0
TDG,830.6199951171875,0,0.0834998002397123,0.9165001997602876,0.6607071911005165,0.1913915587129126,0.8354229730125414,1.0123151895165734,0,0,0,0,0,0,0,0,0,1.0,1,0.1603035323857241,0.9748865500286156,0.8354229730125414,2.017765752056316,1.0123151895165734,4.040883663582249,1.982505451227652,3.9016259753871783,2.9420657133074157,0.0,0.0,0.008185786988014,0.0,0.0,833.8818774855292,0,1,0.0,0.0,0.0,834.6146797925535,0,82.71328462038818,82.71328462038818,812.7968699928979,0
MTCH,36.20000076293945,0,0.0858969236915701,0.91410307630843,0.2832737385776718,0.2837442540743836,0.4306813519573795,-0.381426602822019,2534,0,72,2715,0,2787,5321,1,1,1.0,1,0.1604594258479488,0.9738659086165354,0.4306813519573795,1.6130241310011535,-0.381426602822019,2.6471418712436563,1.5929948038813764,2.58064531555032,2.086820059715848,0.020923040429717,0.0055507273830755,0.0010692925818559,2105.7324503194973,-428.2675496805027,39.23609794629931,-11,1,0.0,769.0238600699921,-2017.976139930008,39.23609794629931,-51,10.80466689336382,10.80466689336382,34.79133529666394,0
ASML,587.72998046875,1,0.2245305633240112,0.7754694366759888,0.5033770361541517,0.0873380693689929,0.7269236991094992,1.415408785826137,0,0,0,2351,0,2351,2351,0,1,1.0,1,0.1676906988116041,0.9281605666956644,0.7269236991094992,1.909266478153273,1.415408785826137,4.443977259891812,1.822591136507571,3.9924204082949,2.907505772401236,0.0,0.018212699349001,0.0118334281569412,0.0,0.0,585.0629005731116,0,1,0.0,2523.2729674975467,172.2729674975467,572.3052472467361,0,119.57087481181256,119.57087481181256,570.3206802443257,0
AZO,2494.659912109375,0,0.2121454254894127,0.7878545745105873,0.1179976162097735,0.2152110321771834,0.8197502624986126,1.1844979283250836,0,0,0,0,0,0,0,0,0,1.0,1,0.168207663210135,0.9250108072179528,0.8197502624986126,2.0020930415423868,1.1844979283250836,4.213066402390759,1.9005364146915824,3.782336654477791,2.8414365345846866,0.0,0.0,0.0093418708229072,0.0,0.0,2502.611187494108,0,1,0.0,0.0,0.0,2503.9235560089933,0,94.3949337300664,94.3949337300664,2441.466736475666,0
COF,92.6999969482422,0,0.110667199360767,0.8893328006392329,0.5470798569725864,0.1537818637693272,0.2977459220186554,1.1193190408338536,0,0,0,2410,0,2410,2410,0,1,1.0,1,0.1727443385556129,0.8980009371882774,0.2977459220186554,1.4800887010624295,1.1193190408338536,4.147887514899528,1.4220620706186762,3.5876428165246783,2.504852443571677,0.0,0.018212699349001,0.0077373583257506,0.0,0.0,92.8793197113513,0,1,89.78871574776474,2523.2729674975467,113.27296749754667,90.35735952678372,1,78.18213720254792,78.18213720254792,89.78871574776474,1
NVDA,421.010009765625,0,0.1110667199360767,0.8889332800639232,0.1589193484306714,0.5319682407020476,1.252640118439277,1.12846454237594,0,0,0,2105,0,2105,2105,0,1,1.0,1,0.1746632490536349,0.8869052733857293,1.032920368710306,2.2152631477540803,1.12846454237594,4.157033016441615,2.024694673610415,3.538362519032628,2.7815285963215217,0.0,0.018212699349001,0.0086680240062675,0.0,0.0,423.30717506364914,0,1,0.0,2523.2729674975467,418.2729674975467,405.81040291666216,1,87.58604857133069,87.58604857133069,402.7198112890938,0
AXP,149.6199951171875,1,0.1833799440671194,0.8166200559328806,0.6765991259435836,0.1002925198495612,0.3949187926886225,0.3080776617155916,0,0,0,3142,0,3142,3142,0,1,1.0,1,0.1774940774505244,0.8708769449554606,0.3949187926886225,1.5772615717323966,0.3080776617155916,3.3366461357812667,1.4871329254305496,2.855872043612779,2.1715024845216644,0.0,0.0130802805708477,0.002808688742135,0.0,0.0,149.9208532361055,0,1,0.0,1812.2035476039316,-1329.7964523960686,156.11920713563333,-9,28.38039539490345,28.38039539490345,146.50986623549716,0
ENPH,115.9000015258789,1,0.2433080303635637,0.7566919696364363,0.290425109257052,0.1069786878395319,0.7159390979635355,0.1368692734879484,0,0,0,0,0,0,0,0,0,1.0,1,0.1775053281416546,0.8708140326733617,0.7159390979635355,1.8982818770073095,0.1368692734879484,3.1654377475536237,1.7474324849654406,2.7276255847552084,2.2375290348603247,0.0,0.0,0.0023442637307733,0.0,0.0,116.45939276237849,0,1,0.0,0.0,0.0,116.54629205921228,0,23.68761286759981,23.68761286759981,110.34174617955162,0
MCHP,76.79000091552734,0,0.1833799440671194,0.8166200559328806,0.6646801748112833,0.1053071458420392,0.6451756524757525,0.4057517306691905,0,0,0,0,0,0,0,0,0,1.0,1,0.1823301011791454,0.8443891743737518,0.6451756524757525,1.8275184315195268,0.4057517306691905,3.434320204734865,1.6638464337046948,2.834380542348377,2.249113488026536,0.0,0.0,0.0032649549304096,0.0,0.0,76.88772532590525,0,1,0.0,0.0,0.0,77.05966892783748,0,32.99073709432406,32.99073709432406,74.24092717451026,0
TPX,40.130001068115234,0,0.1574111066719936,0.8425888933280063,0.1632896305125149,0.287087338069369,0.5435213302640882,-0.212158680134149,0,0,0,0,0,0,0,0,0,1.0,1,0.1879682757020069,0.8148411093745634,0.5435213302640882,1.7258641093078624,-0.212158680134149,2.816409793931526,1.5599932482722991,2.3250412476532545,1.9425172479627768,0.0,0.0,0.0012754133196337,0.0,0.0,40.22388005005352,0,1,0.0,0.0,0.0,40.26812056890107,0,12.88741388823948,12.88741388823948,38.92882062846515,0
BCC,91.94000244140624,0,0.0799041150619256,0.9200958849380744,0.7063965037743345,0.5148349352277476,0.5543050486844577,0.9065155452395128,0,0,0,0,0,0,0,0,0,1.0,1,0.1890001214227693,0.8095803337673337,0.5543050486844577,1.7366478277282318,0.9065155452395128,3.935084019305188,1.5633849417423515,3.031538343420741,2.2974616425815464,0.0,0.0,0.0057486648332542,0.0,0.0,92.08185811233774,0,1,88.6776069798948,0.0,0.0,92.2369862846373,0,58.08738380761706,58.08738380761706,88.6776069798948,1
APO,83.37999725341797,0,0.079504594486616,0.920495405513384,0.646404449741756,0.671541997492687,0.6011338684974012,2.04723034954248,0,0,0,0,0,0,0,0,0,1.0,1,0.1921350338072613,0.7938630511790983,0.6011338684974012,1.7834766475411754,2.04723034954248,5.075798823608155,1.5829672373975383,3.631398218645075,2.6071827280213067,0.0,0.0,0.0180589191776764,0.0,0.0,83.54166467284364,0,1,161.40916552477978,0.0,0.0,83.61922309956509,0,182.47634883083185,182.47634883083185,80.70458276238989,2
TYL,377.0,0,0.1905713144226927,0.8094286855773072,0.1835518474374255,0.2035102381947346,0.6245158369896838,1.131470174106278,0,0,0,2262,0,2262,2262,0,1,1.0,1,0.1921944810949897,0.7935687915774496,0.6245158369896838,1.806858616033458,1.131470174106278,4.160038648171954,1.5991419047586808,3.099533596482119,2.3493377506204,0.0,0.018212699349001,0.0073423925513805,0.0,0.0,377.9270019226042,0,1,0.0,2523.2729674975467,261.2729674975467,368.5976227308285,1,74.19120553542427,74.19120553542427,366.7650648872161,0
ODFL,396.4500122070313,0,0.1498202157411106,0.8501797842588893,0.1450139054429876,0.5177601337233598,1.0075457437386144,0.99212009276954,0,0,0,396,0,396,396,1,1,1.0,1,0.1935239985163565,0.7870238248243139,1.0075457437386144,2.1898885227823888,0.99212009276954,4.020688566835215,1.8531912047010248,2.989501940583481,2.421346572642253,0.020923040429717,0.018212699349001,0.0066033052870946,2105.7324503194973,2105.7324503194973,386.047211796328,5,1,0.0,2523.2729674975467,2127.2729674975467,386.7687556616802,6,66.72309827344796,66.72309827344796,385.4256430286894,0
SMCI,265.04998779296875,0,0.2696763883339992,0.7303236116660008,0.0949543106873261,0.9552862515670706,0.8119047197841189,0.785175454578404,0,0,0,0,0,0,0,0,0,1.0,1,0.1962537058079094,0.7737981305921382,0.8119047197841189,1.994247498827893,0.785175454578404,3.813743928644079,1.7059585434248528,2.8174014031958863,2.2616799733103696,0.0,0.0,0.004992751496303,0.0,0.0,266.38482926174913,0,1,0.0,0.0,0.0,266.5382192774775,0,50.449257494394566,50.449257494394566,253.12968839026777,0
RIVN,17.15999984741211,0,0.1350210970464135,0.8649789029535865,0.1639344262295081,0.5824175824175825,-0.6132504245503528,-0.9065278602016262,0,0,0,17,0,17,17,0,1,1.0,1,0.1970672306011944,0.7699104697812332,-0.1823427790437741,1.0,-0.9065278602016262,2.1220406138640486,1.0,1.7847241002207324,1.3923620501103662,0.0,0.001438935857619,0.000294625020154,0.0,0.0,17.178884298569645,0,1,0.0,199.3569367130769,182.3569367130769,16.0252791316462,11,2.9770385161461235,2.9770385161461235,15.900888406906654,0
SPSC,166.00999450683594,0,0.1622053535757091,0.8377946464242909,0.1799761620977354,0.3313832010029252,0.583011885310168,0.7910279473253267,0,0,0,0,0,0,0,0,0,1.0,1,0.2035420316784709,0.739812160801547,0.583011885310168,1.7653546643539422,0.7910279473253267,3.819596421391002,1.5226822761400736,2.6951541378668304,2.108918207003452,0.0,0.0,0.0046841665486495,0.0,0.0,166.73966990566808,0,1,0.0,0.0,0.0,166.89287260195218,0,47.331160890829366,47.331160890829366,160.7498989907984,0
ZM,62.36000061035156,0,0.1364852809991079,0.863514719000892,0.237885462555066,0.516320474777448,0.3105218174969193,-0.3313830908787766,62,0,0,0,0,0,62,1,1,1.0,1,0.2227620869895069,0.6583215976101573,0.3105218174969193,1.4928645965406937,-0.3313830908787766,2.6971853831868984,1.3018513570476595,1.921665904233826,1.6117586306407428,0.020923040429717,0.0048891263231742,0.0008901144988212,2105.7324503194973,2043.7324503194973,60.07236276824515,34,1,0.0,677.3625397062824,677.3625397062824,60.20034847501063,11,8.994161953339509,8.994161953339509,59.73896461212419,0
TMUS,137.83999633789062,0,0.2017578905313623,0.7982421094686376,0.22248708780294,0.2599247806101128,0.7265138182447721,1.4275141778673035,0,0,0,1378,0,1378,1378,0,1,1.0,1,0.2255919750828683,0.6471989498094376,0.7265138182447721,1.9088565972885465,1.4275141778673035,4.456082651932979,1.5195541711472005,2.6302792195453963,2.0749166953462983,0.0,0.018212699349001,0.008537216527091,0.0,0.0,137.9469030144287,0,1,134.8645911043768,2523.2729674975467,1145.2729674975467,135.32376651823753,8,86.26430439799199,86.26430439799199,134.8645911043768,1
STE,216.8999938964844,0,0.1154614462644826,0.8845385537355174,0.456098529996027,0.4659423318010865,0.7901428317327425,2.1833578129681377,0,0,0,0,0,0,0,0,0,1.0,1,0.2307763900637368,0.627340670452934,0.7901428317327425,1.9724856107765167,2.1833578129681377,5.211926287033813,1.5313490114539887,2.817099406644927,2.174224209049458,0.0,0.0,0.016741719732445,0.0,0.0,216.8691988690888,0,1,211.2638555717932,0.0,0.0,217.07344162725835,0,169.16670703649092,169.16670703649092,211.2638555717932,1
USNA,56.75,0,0.2165401518178186,0.7834598481821814,0.2717520858164481,0.2260760551608859,0.2679971441658264,0.4996914594349605,0,0,0,0,0,0,0,0,0,1.0,1,0.2358268839535642,0.6086068582062992,0.2679971441658264,1.4503399232096004,0.4996914594349605,3.528259933500636,1.2539251953081625,2.1540169674494862,1.7039710813788242,0.0,0.0,0.002755543000409,0.0,0.0,56.81728808650449,0,1,55.31437417485343,0.0,0.0,56.869644519551166,0,27.84338424763278,27.84338424763278,55.31437417485343,1
CPRT,44.33000183105469,0,0.2489013184178985,0.7510986815821015,0.1958680969408025,0.3272043460091934,1.0374240787011737,3.46260643629258,0,0,0,0,0,0,0,0,0,1.0,1,0.2463190229028662,0.5714631015544093,1.032920368710306,2.2152631477540803,2.650037878652024,5.678606352717699,1.575425338941237,2.6978719809951173,2.136648659968177,0.0,0.0,0.0231847731833657,0.0,0.0,44.38535403543973,0,1,215.6125123651147,0.0,0.0,44.42633300782032,0,234.27054063131945,234.27054063131945,43.12250247302294,5
VEEV,202.1699981689453,0,0.2045545345585297,0.7954454654414702,0.1958680969408025,0.5073129962390305,0.5654927039515542,1.5476316796089589,202,0,0,202,0,202,404,1,1,1.0,1,0.2507246310525237,0.5565264637615478,0.5654927039515542,1.7478354829953284,1.5476316796089589,4.576200153674634,1.3644510960631329,2.3312482238386294,1.847849659950881,0.020923040429717,0.018212699349001,0.0084564748334998,2105.7324503194973,1903.7324503194973,195.6030897168793,10,1,0.0,2523.2729674975467,2321.2729674975467,195.98148530185944,12,85.4484499550994,85.4484499550994,194.92337041445305,0
ACN,302.94000244140625,0,0.1338393927287255,0.8661606072712744,0.6241557409614621,0.3593815294609277,0.7725898433969857,2.095192399983,0,0,0,606,0,606,606,0,1,1.0,1,0.2530286654683682,0.5488601830617807,0.7725898433969857,1.95493262244076,2.095192399983,5.123760874048675,1.4447431688198218,2.451687245789567,1.9482152073046943,0.0,0.018212699349001,0.0140118352430405,0.0,0.0,302.522430687618,0,1,0.0,2523.2729674975467,1917.2729674975467,295.5743843027168,6,141.5825892133037,141.5825892133037,294.3189669357331,0
LPLA,225.8800048828125,0,0.1390331602077507,0.8609668397922493,0.4032578466428287,0.4580025073129962,0.6843689690165516,1.0167752375124426,0,0,0,0,0,0,0,0,0,1.0,1,0.2530422883828735,0.5488151441547183,0.6843689690165516,1.8667117480603257,1.0167752375124426,4.045343711578118,1.40854687975863,2.153308874594068,1.780927877176349,0.0,0.0,0.0049770353106302,0.0,0.0,225.5341497766216,0,1,0.0,0.0,0.0,225.84263697451956,0,50.29045329626372,50.29045329626372,216.0878581108135,0
ADSK,206.07000732421875,0,0.2528965241709948,0.7471034758290052,0.2534763607469209,0.328458002507313,0.6339306832388778,1.2796282900441258,0,0,0,0,0,0,0,0,0,1.0,1,0.2741263953626356,0.4828403454581924,0.6339306832388778,1.816273462282652,1.2796282900441258,4.308196764109801,1.3339610786634284,2.024246853691396,1.679103966177412,0.0,0.0,0.0060361828791977,0.0,0.0,205.97946728230943,0,1,0.0,0.0,0.0,206.3669728434921,0,60.99260990285368,60.99260990285368,198.51165206675697,0
BBY,69.5,1,0.2780663204155014,0.7219336795844986,0.7628128724672228,0.1730045967404931,0.3810346212331835,-0.9092262388571476,0,0,0,0,0,0,0,0,0,1.0,1,0.2807045094391718,0.4636343191827659,0.3810346212331835,1.5633774002769576,-0.9092262388571476,2.1193422352085274,1.230196965799565,1.4165699399050882,1.3233834528523265,0.0,0.0,0.000278607467844,0.0,0.0,69.39847140960292,0,1,0.0,0.0,0.0,69.45209955048382,0,2.8151891588297264,2.8151891588297264,66.79990777808909,0
DIS,83.25,1,0.4382740711146624,0.5617259288853376,0.7369884783472388,0.143752611784371,0.2473848816033694,-0.2601746159714917,0,0,0,416,0,416,416,0,1,1.0,1,0.2831538744648794,0.4566325543584604,0.2473848816033694,1.4297276606471434,-0.2601746159714917,2.768393858094184,1.1773178260895945,1.5919728068745285,1.3846453164820614,0.0,0.0049071789610837,0.0008486971234793,0.0,0.0,83.01265959050912,0,1,0.0,679.8636370096533,263.8636370096533,81.14018025551763,3,8.57566008419672,8.57566008419672,80.62190568874793,0
AMZN,128.39999389648438,0,0.2361166600079904,0.7638833399920095,0.2344060389352403,0.4956122022565817,0.7883629441253096,1.5578005331447764,0,0,0,2825,128,2953,2953,0,1,1.0,1,0.2851981352944812,0.4508485308347247,0.7883629441253096,1.970705723169084,1.5578005331447764,4.586369007210451,1.357781214384863,1.9871118998258213,1.6724465571053424,0.0,0.018212699349001,0.0077220197091383,0.0,0.0,128.1280422638718,0,1,122.86745579358428,2523.2729674975467,-429.7270325024533,137.093741189117,-3,78.0271481509881,78.0271481509881,122.86745579358428,1
TTWO,140.27999877929688,0,0.272073511785857,0.727926488214143,0.2506952721493842,0.3719180944421228,0.7774325717892834,0.5580740752382081,1683,0,0,1403,0,1403,3086,1,1,1.0,1,0.2897669446232412,0.438111674533892,0.7774325717892834,1.959775350833057,0.5580740752382081,3.586642549303883,1.3428236684380102,1.749908459834983,1.5463660641364965,0.020923040429717,0.0157687780861117,0.0026703450131021,2105.7324503194973,422.7324503194973,135.82050065595558,3,1,0.0,2184.6806293069258,781.6806293069258,136.12151824979065,6,26.98250118489064,26.98250118489064,135.41413016978015,0
CDW,202.8500061035156,0,0.1869756292449061,0.8130243707550939,0.4858959078267779,0.467195988299206,0.947779524755491,0.9303348284049532,0,0,0,0,0,0,0,0,0,1.0,1,0.3142422802487231,0.3738944042348447,0.947779524755491,2.130122303799265,0.9303348284049532,3.958903302470629,1.3267485441191509,1.6727456494205375,1.4997470967698443,0.0,0.0,0.0038443266937786,0.0,0.0,202.37724456064072,0,1,0.0,0.0,0.0,202.7397561397401,0,38.8449990772868,38.8449990772868,195.96347923298256,0
ORCL,108.33999633789062,0,0.2381142628845385,0.7618857371154615,0.7071911005164879,0.2699540325950689,0.6368185463647225,1.1233543652838742,0,0,0,0,0,0,0,0,0,1.0,1,0.3219559903489387,0.3548886385732252,0.6368185463647225,1.8191613254084968,1.1233543652838742,4.151922839349549,1.2365888934724805,1.6573324855573943,1.4469606895149374,0.0,0.0,0.0044870045392761,0.0,0.0,108.10235621679227,0,1,0.0,0.0,0.0,108.28197236653912,0,45.33893736711568,45.33893736711568,105.12200530528456,0
GTLS,155.0399932861328,0,0.2836596084698362,0.7163403915301638,0.2614223281684545,0.5185959047221061,0.3162384541664818,0.1950678031841757,0,0,0,0,0,0,0,0,0,1.0,1,0.3233154501496363,0.3515934493432053,0.3162384541664818,1.498581233210256,0.1950678031841757,3.2236362772498506,1.1528373514800785,1.5091455787037509,1.3309914650919148,0.0,0.0,0.0014998992550647,0.0,0.0,154.70184715440664,0,1,0.0,0.0,0.0,155.02618456309284,0,15.155732022802018,15.155732022802018,146.66624664238878,0
FN,163.97999572753906,0,0.348381941669996,0.651618058330004,0.1875248311481923,0.9565399080651902,0.7542448120551569,0.9368368372148972,0,0,0,0,0,0,0,0,0,1.0,1,0.3243778150916031,0.3490293356112252,0.7542448120551569,1.936587591098931,0.9368368372148972,3.965405311280573,1.2594600142316306,1.6174092329020335,1.438434623566832,0.0,0.0,0.0037114459893173,0.0,0.0,163.36425091666365,0,1,0.0,0.0,0.0,163.75725370808206,0,37.50230599905716,37.50230599905716,157.98992388823885,0
AMD,102.4000015258789,1,0.3008389932081502,0.6991610067918498,0.3269765593961065,0.3572921019640618,0.8740873895385798,0.2384288595346238,0,0,0,1126,0,1126,1126,1,1,1.0,1,0.3267549999543994,0.3433260057829777,0.8740873895385798,2.056430168582354,0.2384288595346238,3.266997333600299,1.2808555884622523,1.5014837868890265,1.3911696876756392,0.020923040429717,0.0103543289037851,0.0016537806541246,2105.7324503194973,2105.7324503194973,97.30779173102692,22,1,0.0,1434.5373916762353,308.5373916762353,97.72350790967695,3,16.710626619602287,16.710626619602287,96.4187518245934,0
CSCO,53.31999969482422,0,0.1869756292449061,0.8130243707550939,0.745331744139849,0.4053489343919766,0.5612950359586111,1.5083823552746165,0,0,0,0,0,0,0,0,0,1.0,1,0.3276187399868484,0.3412652675660541,0.5612950359586111,1.7436378150023852,1.5083823552746165,4.536950829340292,1.2089285715366045,1.6754472805630432,1.4421879260498236,0.0,0.0,0.006376477421722,0.0,0.0,53.18014303842789,0,1,51.86447411865233,0.0,0.0,53.30209849607764,0,64.43111610779017,64.43111610779017,51.86447411865233,1
CMG,1847.6300048828125,1,0.3999200958849381,0.600079904115062,0.4592769169646404,0.2369410781445884,0.544040203536156,1.7714407890409736,0,0,0,0,0,0,0,0,0,1.0,1,0.33714328870466,0.3189317267436634,0.544040203536156,1.7263829825799302,1.7714407890409736,4.800009263106649,1.19022908744954,1.6491862736427103,1.419707680546125,0.0,0.0,0.0078644782328979,0.0,0.0,1843.469002777052,0,1,0.0,0.0,0.0,1845.6337154107011,0,79.46662030431702,79.46662030431702,1786.3836753804871,0
TEAM,192.3999938964844,0,0.2727735368956743,0.7272264631043257,0.300808897876643,0.5994609164420485,0.8013302188827464,0.9741776161729134,192,0,0,385,0,385,577,1,1,1.0,1,0.3464771363081478,0.2976942789479346,0.8013302188827464,1.9836729979265204,0.9741776161729134,4.002746090238588,1.226182578665736,1.5111881624462964,1.3686853705560162,0.020923040429717,0.018212699349001,0.0036663884335998,2105.7324503194973,1913.7324503194973,179.33299545421394,11,1,0.0,2523.2729674975467,2138.2729674975467,180.447561317878,12,37.04702192730952,37.04702192730952,177.15637038572768,0
CHTR,435.8699951171875,0,0.3092289252896524,0.6907710747103476,0.2439411998410806,0.8086084412870873,0.5407116187036616,0.3031199487543525,0,0,0,0,0,0,0,0,0,1.0,1,0.3500627884926459,0.289693660595125,0.5407116187036616,1.7230543977474355,0.3031199487543525,3.331688422820028,1.170723453997452,1.417139350246102,1.293931402121777,0.0,0.0,0.0016636863470495,0.0,0.0,435.5257581488823,0,1,0.0,0.0,0.0,436.1167019546953,0,16.810718693762414,16.810718693762414,416.44271405481305,0
LULU,396.1900024414063,1,0.5705153815421494,0.4294846184578506,0.2157330154946364,0.464688675302967,0.633366267580202,1.3594642782294093,396,0,0,396,0,396,792,1,1,1.0,1,0.3512823528558807,0.2869914621732558,0.633366267580202,1.8157090466239765,1.3594642782294093,4.388032752295084,1.1867085303391716,1.5287130267121605,1.357710778525666,0.020923040429717,0.018212699349001,0.0052527821394262,2105.7324503194973,1709.7324503194973,382.44209512966745,4,1,0.0,2523.2729674975467,2127.2729674975467,383.86240154522034,6,53.07673712783276,53.07673712783276,380.3461775686989,0
LYB,92.75,0,0.2441070715141829,0.755892928485817,0.7814858959078268,0.3547847889678228,0.3757019094200868,1.1382046162637356,0,0,0,0,0,0,0,0,0,1.0,1,0.3660864017242165,0.2549080207307672,0.3757019094200868,1.5580446884638608,1.1382046162637356,4.166773090329411,1.1196703136927442,1.438771919826066,1.279221116759405,0.0,0.0,0.0040239048606267,0.0,0.0,92.2322210310456,0,1,0.0,0.0,0.0,92.39170199590976,0,40.65954666420256,40.65954666420256,88.56312326293514,0
SE,45.09000015258789,1,0.65685618729097,0.34314381270903,0.6951623591782637,0.192057761732852,0.5849886303074652,-0.3839249461164274,1578,0,0,586,0,586,2164,1,1,1.0,1,0.3673012264730956,0.2523306304412974,0.5849886303074652,1.7673314093512391,-0.3839249461164274,2.644643527949248,1.1545318168978538,1.2781333506142976,1.2163325837560757,0.020923040429717,0.0040077547832973,0.0006209027575809,2105.7324503194973,527.7324503194973,41.53582714366373,13,1,0.0,555.2531841255022,-30.74681587449777,50.92949991184037,-1,6.273911913976347,6.273911913976347,40.94892505829012,0
KR,44.5,1,0.3248102277267279,0.675189772273272,0.7949940405244339,0.2783117425825324,0.4684392747673427,-1.2871929115600311,0,0,0,445,0,445,445,0,1,1.0,1,0.3783252450627462,0.2292899199694133,0.4684392747673427,1.6507820538111169,-1.2871929115600311,1.741375562505644,1.1217964538305798,1.1356230778143257,1.1287097658224527,0.0,0.0007319990433737,0.0001083065559047,0.0,0.0,44.51619943271587,0,1,0.0,101.41458786450237,-343.5854121354976,47.408849793801664,-7,1.0943835941392843,1.0943835941392843,42.97071179023577,0
LSPD,13.770000457763672,0,0.3190104166666667,0.6809895833333333,0.4117647058823529,0.4544072948328267,0.0051341575275502,-0.407251790750689,28,0,14,0,0,14,42,1,1,1.0,1,0.3864020381645968,0.2127782120175055,0.0051341575275502,1.1874769365713242,-0.407251790750689,2.621316683314986,1.037238463343738,1.22758572364937,1.132412093496554,0.0103082873794605,0.0034752275621929,0.0005579369782296,1037.4445967861968,1009.4445967861968,12.8360356105504,79,1,0.0,481.4743600357526,467.4743600357526,12.955566710589506,36,5.637674196521306,5.637674196521306,12.730061428565218,0
SNOW,153.42999267578125,0,0.3359477124183007,0.6640522875816993,0.4017971758664955,0.4580152671755725,0.0847811092814674,0.5890774911531039,307,0,0,460,0,460,767,1,1,1.0,1,0.3922181348465222,0.2010639272806936,0.0847811092814674,1.2671238883252416,0.5890774911531039,3.617645965218779,1.048752979629994,1.2950285333994789,1.1718907565147365,0.0140990420570191,0.0127468867924877,0.0020945660604194,1418.9529708941136,1111.9529708941136,141.84804516928182,8,1,0.0,1766.0136065991735,1306.0136065991735,143.28220984441518,9,21.164542757507856,21.164542757507856,140.47765409956938,0
NOW,559.97998046875,0,0.35477427087495,0.6452257291250499,0.3897497020262216,0.5022983702465524,0.782604131383252,1.238934397354656,0,0,0,2800,0,2800,2800,0,1,1.0,1,0.4067635826944898,0.1723437376418126,0.782604131383252,1.964946910427026,1.238934397354656,4.267502871420331,1.1234588686172915,1.284122666271703,1.203790767444497,0.0,0.018212699349001,0.0041662850195702,0.0,0.0,558.8108296908781,0,1,0.0,2523.2729674975467,-276.7270325024533,614.3460138514994,0,42.09822698024783,42.09822698024783,527.4838975411487,0
PINS,26.549999237060547,0,0.3648528099910794,0.6351471900089206,0.3629955947136564,0.5380811078140455,0.3608352638258594,-1.4310071677679963,159,0,0,133,0,133,292,1,1,1.0,1,0.407933404704643,0.1700666117534599,0.3608352638258594,1.5431780428696336,-1.4310071677679963,1.5975613062976788,1.0765724869506057,1.0829323646894764,1.079752425820041,0.020923040429717,0.0004976225793617,7.33933991390573e-05,2105.7324503194973,1946.7324503194973,25.107925527758656,78,1,0.0,68.94297097090642,-64.05702902909358,30.269797925286515,-2,0.7416036016006045,0.7416036016006045,24.820140705685464,0
RVLV,14.029999732971191,1,0.4425022999080036,0.5574977000919963,0.4623069936421435,0.3899692937563971,0.0689222965221252,-1.2732753980028193,0,0,0,323,0,323,323,0,1,1.0,1,0.4293537998364534,0.129101973131113,0.0689222965221252,1.2512650755658994,-1.2732753980028193,1.7552930760628558,1.0293616632413312,1.0753405443171415,1.0523511037792364,0.0,0.0006934149761137,0.0001042466003256,0.0,0.0,13.920527414253865,0,1,0.0,96.06896984119194,-226.93103015880808,15.471731586368294,-15,1.05335977299079,1.05335977299079,12.88819230183588,0
UVE,13.779999732971191,1,0.5369556532161406,0.4630443467838594,0.9114024632499008,0.2565816966151275,0.4270456810769205,-0.2545039809031713,0,0,0,0,0,0,0,0,0,1.0,1,0.4375119578912362,0.1138148675727614,0.4270456810769205,1.6093884601206945,-0.2545039809031713,2.774064493162504,1.0556527442612869,1.1231383376213104,1.0893955409412983,0.0,0.0,0.0006732160923545,0.0,0.0,13.7287372573123,0,1,13.107675638822249,0.0,0.0,13.758391461957494,0,6.802512005196644,6.802512005196644,13.107675638822249,1
MDB,358.0,1,0.4244652406417112,0.5755347593582888,0.4139072847682119,0.4913419913419913,0.9345628715395866,1.2121024239067868,0,0,0,0,0,0,0,1,1,1.0,1,0.440713216021519,0.1078559327738111,0.9345628715395866,2.116905650583361,1.2121024239067868,4.240670897972462,1.0842485232777337,1.168617917675362,1.1264332204765477,0.020923040429717,0.018212699349001,0.0038014248595591,2105.7324503194973,2105.7324503194973,328.58871770298697,6,1,0.0,2523.2729674975467,2523.2729674975467,333.27971752881655,8,38.41149749341543,38.41149749341543,325.5737356579646,0
NKE,103.0500030517578,1,0.8865361566120655,0.1134638433879344,0.9487485101311084,0.2177183451734224,0.5354361515126783,0.078196073332441,0,0,0,0,0,0,0,0,0,1.0,1,0.4427981608506997,0.1039860629765358,0.5354361515126783,1.7177789305564524,0.078196073332441,3.106764547398116,1.0578724852785248,1.1251053922276837,1.0914889387531042,0.0,0.0,0.0010610977221078,0.0,0.0,102.20877452643238,0,1,0.0,0.0,0.0,102.50066584254694,0,10.721861933038822,10.721861933038822,97.90705674482268,0
TASK,8.760000228881836,0,0.3724137931034483,0.6275862068965516,0.4427609427609427,0.6404255319148936,-0.256441962822379,-1.8704408522753715,184,0,0,9,0,9,193,1,1,1.0,1,0.4611693761727324,0.0702130158049367,-0.1823427790437741,1.0,-1.8704408522753715,1.1581276217903036,1.0,1.0103608986539985,1.0051804493269991,0.0042668805515276,0.000127659267433,1.8870021425964224e-05,429.4265390907328,245.42653909073283,7.937097250605505,31,1,0.0,17.68651490873601,8.686514908736012,8.007635481652905,1,0.1906721314986555,0.1906721314986555,7.761718409972925,0
META,312.8099975585937,0,0.4151018777467039,0.5848981222532961,0.3563766388557807,0.8800668616798997,0.659185252381014,1.438641422246149,0,0,0,0,0,0,0,0,0,1.0,1,0.4723409327840528,0.0499008997500352,0.659185252381014,1.841528031424788,1.438641422246149,4.467209896311824,1.0309382127051,1.077549920425793,1.054244066565447,0.0,0.0,0.0043811616879291,0.0,0.0,310.85692073240074,0,1,0.0,0.0,0.0,312.1704849877523,0,44.26944827568053,44.26944827568053,294.6457912551474,0
MSFT,331.32000732421875,1,0.5181781861765881,0.4818218138234119,0.7977751291219706,0.3180108650229837,1.0241778728456803,1.6460273149914837,0,0,0,2651,0,2651,2651,0,1,1.0,1,0.4740931188742011,0.046726507734294,1.0241778728456803,2.2065206518894547,1.6460273149914837,4.674595789057159,1.037672421104519,1.0747186889622693,1.056195555033394,0.0,0.018212699349001,0.00526287760987,0.0,0.0,328.9091438909473,0,1,0.0,2523.2729674975467,-127.72703250245333,347.53899867858087,0,53.17874680893168,53.17874680893168,316.04484118198485,0
GIL,29.040000915527344,1,0.5413503795445466,0.4586496204554534,0.8061183949145808,0.3280401170079398,0.2587702006746088,0.2970134960821665,0,0,0,0,0,0,0,0,0,1.0,1,0.4889056962539055,0.0199771238552916,0.2587702006746088,1.4411129797183828,0.2970134960821665,3.3255819701478417,1.0073266646751893,1.02429585393909,1.0158112593071396,0.0,0.0,0.001296541227423,0.0,0.0,28.78927247378032,0,1,0.0,0.0,0.0,28.87452984244953,0,13.100900832496562,13.100900832496562,27.33655140329032,0
NVEE,104.8499984741211,1,0.6124650419496604,0.3875349580503395,0.5786963434022258,0.3623067279565399,0.773280923003761,0.5348867052645074,0,0,0,0,0,0,0,0,0,1.0,1,0.4901271643569364,0.0177763025839651,0.773280923003761,1.955623702047535,0.5348867052645074,3.5634551793301825,1.0119940882344691,1.0228459531347027,1.017420020684586,0.0,0.0,0.001711938516048,0.0,0.0,104.67469852434958,0,1,0.0,0.0,0.0,104.87522632284336,0,17.298282735407575,17.298282735407575,99.5609315890231,0
DOCS,22.059999465942383,1,0.6304728546409807,0.3695271453590193,0.6615384615384615,0.3318872017353579,-0.127686859282045,-1.9454830152109792,4478,0,0,1390,0,1390,5868,1,1,1.0,1,0.4909332071405075,0.0163242532362434,-0.127686859282045,1.0546559197617291,-1.9454830152109792,1.083085458854696,1.0008690655570045,1.001303751040966,1.0010864082989852,0.0052317017368,9.773606187100496e-05,1.4375572415059004e-05,526.5278798546792,-3951.472120145321,24.31710676652299,-162,1,0.0,13.54081337109982,-1376.4591866289002,24.31710676652299,-57,0.1452579714679637,0.1452579714679637,19.082383761867213,0
SAIC,111.43000030517578,1,0.4374750299640431,0.5625249700359569,0.8224076281287247,0.3840367739239448,0.5994557471291596,0.3334760148505014,0,0,0,0,0,0,0,0,0,1.0,1,0.4913438255534182,0.0155846173973921,0.5994557471291596,1.781798526172934,0.3334760148505014,3.3620444889161765,1.0090426777370012,1.019076796948157,1.014059737342579,0.0,0.0,0.001352010438612,0.0,0.0,111.0157342320132,0,1,0.0,0.0,0.0,111.36581089716438,0,13.661389476955726,13.661389476955726,106.5744472768694,0
ANET,191.47999572753903,0,0.4548167092924126,0.5451832907075873,0.4144067796610169,0.731216457960644,0.8609926902697449,0.4714697072150873,383,0,0,574,0,574,957,1,1,1.0,1,0.5017259420532376,-0.0031067234595089,0.8609926902697449,2.043335469313519,0.4714697072150873,3.5000381812807624,0.997782449063298,0.9961155421069088,0.9969489955851034,0.020923040429717,0.0106256047521908,0.0015612295012206,2105.7324503194973,1722.7324503194973,181.97908044367355,9,1,0.0,1472.1212227108565,898.1212227108565,183.1353010064965,5,15.77544349508374,15.77544349508374,175.52626912041967,0
ENSG,96.44000244140624,1,0.5701158609668397,0.4298841390331602,0.6634882796980532,0.3689928959465106,0.784000218873684,-0.2255467160654317,0,0,0,0,0,0,0,0,0,1.0,1,0.502403638312476,-0.0043266239536297,0.784000218873684,1.966342997917458,-0.2255467160654317,2.8030217580002432,0.9970787182803722,0.9955504857457386,0.9963146020130552,0.0,0.0,0.0006418078903905,0.0,0.0,96.27560956747858,0,1,0.0,0.0,0.0,96.38301786508508,0,6.485147828451715,6.485147828451715,91.51963497952327,0
AXON,212.3099975585937,1,0.5589292848581702,0.4410707151418298,0.5260230433055224,0.4621813623067279,0.7752948880901425,1.357088265657759,637,0,0,1698,0,1698,2335,1,1,1.0,1,0.512483648890282,-0.0224810794401421,0.7752948880901425,1.9576376671339168,1.357088265657759,4.385656739723434,0.9850120483996316,0.967311538659301,0.9761617935294664,0.020923040429717,0.018212699349001,0.0037684524029676,2105.7324503194973,1468.7324503194973,201.74546051789773,7,1,0.0,2523.2729674975467,825.2729674975467,203.12131097629384,4,38.07832730578689,38.07832730578689,195.5319893280062,0
VRTX,364.7999877929688,1,0.6628046344386735,0.3371953655613264,0.4624553039332538,0.467195988299206,0.6045088339947114,1.4416656309617473,365,0,0,0,0,0,365,1,1,1.0,1,0.5162142307354541,-0.0292086559374611,0.6045088339947114,1.7868516130384855,1.4416656309617473,4.470234105027423,0.983188599496899,0.9572044896859796,0.9701965445914392,0.020923040429717,0.018212699349001,0.0040428113376803,2105.7324503194973,1740.7324503194973,352.95371902253254,5,1,0.0,2523.2729674975467,2523.2729674975467,355.9849370213482,7,40.85058716159145,40.85058716159145,345.7372074063292,0
PANW,253.1300048828125,1,0.542948461845785,0.4570515381542149,0.4286849423917362,0.7145842039281237,0.932538038126484,1.4955147663457566,2025,0,0,2025,0,2025,4050,1,1,1.0,1,0.5382202662045384,-0.069099564513363,0.932538038126484,2.114880817170258,1.4955147663457566,4.524083240411432,0.9495610370978692,0.9009550458331352,0.9252580414655024,0.020923040429717,0.018212699349001,0.0040447147385541,2105.7324503194973,80.73245031949727,242.8116179497432,0,1,0.0,2523.2729674975467,498.2729674975467,243.50515337381515,2,40.86982007571995,40.86982007571995,238.79968205444035,0
NFLX,401.7699890136719,1,0.6324410707151419,0.3675589292848581,0.834326579261025,0.3652319264521521,0.6903201328309148,1.5021462902646046,0,0,0,0,0,0,0,0,0,1.0,1,0.5437015840493404,-0.0791166693709306,0.6903201328309148,1.872662911874689,1.5021462902646046,4.53071476433028,0.951576927146122,0.887332266837265,0.9194545969916936,0.0,0.0,0.0040429638286561,0.0,0.0,397.6065045851756,0,1,0.0,0.0,0.0,399.5585247454284,0,40.85212800665634,40.85212800665634,370.3809270082215,0
PRI,204.66000366210932,1,0.5329604474630444,0.4670395525369556,0.7993643226062773,0.4358545758462181,0.6913976729909266,1.6127918283420553,0,0,0,0,0,0,0,0,0,1.0,1,0.5533371734899202,-0.0968347687550088,0.6913976729909266,1.8737404520347007,1.6127918283420553,4.641360302407731,0.9410056805537208,0.8618775295376394,0.9014416050456802,0.0,0.0,0.0043653735547929,0.0,0.0,203.5583997227484,0,1,0.0,0.0,0.0,204.0722509494689,0,44.109917084405005,44.109917084405005,195.06259079309424,0
AVGO,867.8300170898438,1,0.3867359168997203,0.6132640831002797,0.7735399284862932,0.6836606769745089,1.0717922589770648,0.6155006500375713,0,0,0,0,0,0,0,0,0,1.0,1,0.5616698701036076,-0.1122898726585344,1.032920368710306,2.2152631477540803,0.6155006500375713,3.6440691241032463,0.914560066785198,0.8648474544469027,0.8897037606160504,0.0,0.0,0.0016371728470597,0.0,0.0,858.1024860860525,0,1,0.0,0.0,0.0,861.798597541889,0,16.542813033115124,16.542813033115124,821.2947739286669,0
TJX,89.83000183105469,0,0.4754294846184578,0.5245705153815421,0.7810885975367501,0.5653990806519014,0.6102326790036932,2.1427829276592543,0,0,0,0,0,0,0,0,0,1.0,1,0.5822655793820302,-0.1511595511400895,0.6102326790036932,1.792575458047467,2.1427829276592543,5.171351401724929,0.9155550511672016,0.7800670471875425,0.847811049177372,0.0,0.0,0.0063272930937443,0.0,0.0,89.43294351654711,0,1,84.4574284361891,0.0,0.0,89.5863625628228,0,63.93413306573986,63.93413306573986,84.4574284361891,1
GOOG,138.97999572753906,0,0.5285657211346384,0.4714342788653616,0.4962256654747715,0.8403677392394484,0.7592851650137883,1.9095676541507367,0,0,0,0,0,0,0,0,1,1.0,1,0.5885723110423672,-0.1632914631132035,0.7592851650137883,1.9416279440575623,1.9095676541507367,4.938136128216412,0.8973150460348596,0.7704546373636962,0.8338848416992779,0.0,0.018212699349001,0.0051744118359902,0.0,0.0,137.78407642951203,0,1,0.0,2523.2729674975467,2523.2729674975467,134.62673444611983,19,52.28484439676327,52.28484439676327,131.24145257381892,0
MOH,349.6199951171875,1,0.7167399121054734,0.2832600878945266,0.5470798569725864,0.639782699540326,0.7977590784505014,2.310964848812904,0,0,0,0,0,0,0,0,0,1.0,1,0.6268120546039561,-0.2399511329152216,0.7977590784505014,1.9801018574942757,2.310964848812904,5.339533322878579,0.8488080520713126,0.6690133108460934,0.758910681458703,0.0,0.0,0.0064373415323939,0.0,0.0,348.6658627205388,0,1,0.0,0.0,0.0,349.1881235648437,0,65.046117514075,65.046117514075,329.4275184646153,0
CPNG,17.690000534057617,0,0.639751552795031,0.3602484472049689,0.6306990881458967,0.6161048689138576,-0.3126161141359521,-0.2988876960081384,0,0,0,0,0,0,0,0,1,1.0,1,0.6287002587607764,-0.2439024753366101,-0.1823427790437741,1.0,-0.2988876960081384,2.7296807780575367,1.0,0.7827647093913059,0.891382354695653,0.0,0.0039397994455775,0.0005164332069575,0.0,0.0,17.43082178677615,0,1,0.0,545.8383322477131,545.8383322477131,16.366340078050513,33,5.218299339702717,5.218299339702717,15.716719824320236,0
CNC,71.94000244140625,1,0.7958449860167799,0.2041550139832201,0.6468017481128328,0.523192645215211,0.598797446751976,0.8140963640142783,0,0,0,0,0,0,0,0,0,1.0,1,0.636410744747224,-0.260231225349965,0.598797446751976,1.7811402257957505,0.8140963640142783,3.8426648380799535,0.8605191174248399,0.7044665338283455,0.7824928256265926,0.0,0.0,0.0017803814923676,0.0,0.0,71.53905523720096,0,1,0.0,0.0,0.0,71.79752293981859,0,17.989864789628932,17.989864789628932,67.44698988427797,0
SAM,371.4599914550781,0,0.6008789452656812,0.3991210547343188,0.6448152562574494,0.6744671959882992,0.2887956611488563,-0.32679965997192,0,0,371,371,0,742,742,0,1,1.0,1,0.6386087099452473,-0.2649453471367995,0.2887956611488563,1.4711384401926304,-0.32679965997192,2.701768814093755,0.9027780136989684,0.7684875250520947,0.8356327693755315,0.0,0.003413503715977,0.0004646338872629,0.0,0.0,369.33276329613193,0,1,0.0,472.92284827892536,-269.07715172107464,388.09873391854416,-1,4.694893113848234,4.694893113848234,346.5380142422572,0
RBLX,31.670000076293945,1,0.8883720930232558,0.1116279069767441,0.8254931714719271,0.4261682242990654,0.0529972931047713,-0.3559046795412509,982,0,0,95,0,95,1077,1,1,1.0,1,0.6405407548009325,-0.2691118478689412,0.0529972931047713,1.2353400721485457,-0.3559046795412509,2.672663794524424,0.944711402998664,0.7675456633930525,0.8561285331958584,0.0075489108137768,0.003420606747118,0.0004558468671723,759.7359723379706,-222.26402766202943,34.887119732629834,-6,1,0.0,473.9069355974476,378.9069355974476,28.873566761143323,13,4.606104669342679,4.606104669342679,27.065889071646733,0
FAST,58.52999877929688,1,0.7235317618857371,0.2764682381142629,0.8422725466825586,0.4855829502716255,0.5409885171833677,1.9750257872658248,0,0,0,0,0,0,0,0,0,1.0,1,0.6481226027111793,-0.2856764521420059,0.5409885171833677,1.723331296227142,1.9750257872658248,5.0035942613315,0.8560024485571812,0.6312938735489491,0.7436481610530652,0.0,0.0,0.0048640556186806,0.0,0.0,58.29417683526731,0,1,55.562363474349695,0.0,0.0,58.35084104814809,0,49.1488499989583,49.1488499989583,55.562363474349695,1
FICO,919.260009765625,1,0.6576108669596484,0.3423891330403515,0.6686531585220501,0.6535729210196406,0.9818859162615728,3.0374455694890243,0,0,0,0,0,0,0,0,0,1.0,1,0.6598843810113684,-0.3121020337202954,0.9818859162615728,2.164228695305347,2.650037878652024,5.678606352717699,0.7858708946957851,0.5815668075470789,0.683718851121432,0.0,0.0,0.0074190327972208,0.0,0.0,915.7381646507356,0,1,0.0,0.0,0.0,918.3051236943548,0,74.96561689951781,74.96561689951781,857.3110825945803,0
QLYS,161.52999877929688,0,0.7510986815821015,0.2489013184178985,0.5522447357965833,0.8633514417049728,0.6775733663844733,1.5158300169565728,0,0,0,0,0,0,0,0,0,1.0,1,0.6976012176647759,-0.4041743022810073,0.6775733663844733,1.8599161454282476,1.5158300169565728,4.544398491022248,0.7781757760506121,0.5423316271852663,0.6602537016179392,0.0,0.0,0.002938455739225,0.0,0.0,160.26375604834288,0,1,0.0,0.0,0.0,160.705675556923,0,29.691626016999383,29.691626016999383,146.76627244781776,0
UNH,531.6300048828125,1,0.8030363563723532,0.1969636436276468,0.8744537147397695,0.5486836606769745,0.9882138035614352,1.5298169190870623,0,0,0,0,0,0,0,0,0,1.0,1,0.712354127275947,-0.4439926203612317,0.9882138035614352,2.1705565826052093,1.5298169190870623,4.558385393152737,0.7088672467492094,0.5099090968569829,0.6093881718030962,0.0,0.0,0.0027456227346755,0.0,0.0,529.3407419008456,0,1,0.0,0.0,0.0,531.1479051450016,0,27.743144922529368,27.743144922529368,503.8175877554425,0
CRWD,184.5200042724609,1,0.816420664206642,0.1835793357933579,0.6211293260473588,0.7433264887063655,0.7403891712098534,1.5127601150677727,0,0,0,369,0,369,369,0,1,1.0,3,0.7176804626665706,-0.4590087445273337,0.7403891712098534,1.9227319502536275,1.5127601150677727,4.541328589133448,0.7407622023117062,0.4992835873230402,0.6200228948173732,0.0,0.018212699349001,0.0082558799329131,0.0,0.0,181.3263735892225,0,1,164.18444609887212,2523.2729674975467,2154.2729674975467,172.3731628431718,12,83.42153878212096,83.42153878212096,164.18444609887212,1
TRGP,87.70999908447266,1,0.7143427886536157,0.2856572113463843,0.8792212951926897,0.6535729210196406,0.4041854638952515,1.7104498552427736,0,0,0,0,0,0,0,0,0,1.0,1,0.737588346439723,-0.5186087715434717,0.4041854638952515,1.5865282429390255,1.7104498552427736,4.739018329308449,0.7871291728996063,0.4462539516905163,0.6166915622950613,0.0,0.0,0.0032458185735495,0.0,0.0,87.18221520973255,0,1,0.0,0.0,0.0,87.4066969991177,0,32.797373776431414,32.797373776431414,82.79332704776574,0
ADBE,555.739990234375,1,0.6432281262485018,0.3567718737514982,0.6746126340882003,0.9882992060175512,0.8911422941719337,1.5479873074267596,0,0,0,0,0,0,0,0,1,1.0,1,0.7409548192297829,-0.5292891686992632,0.8911422941719337,2.073485073215708,1.5479873074267596,4.576555781492434,0.6797882238059482,0.4470787095904331,0.5634334666981906,0.0,0.018212699349001,0.0025792911088617,0.0,0.0,550.0072196890302,0,1,0.0,2523.2729674975467,2523.2729674975467,535.3884011452787,5,26.062447009493443,26.062447009493443,523.6650089865639,0
CME,214.1199951171875,0,0.7283260087894526,0.2716739912105473,0.8617401668653158,0.7070622649394066,0.6815396009893777,1.2596075375465678,0,0,0,0,0,0,0,0,0,1.0,1,0.7599252468198351,-0.5932907440519974,0.6815396009893777,1.863882380033152,1.2596075375465678,4.288176011612243,0.6911355068374768,0.4215785608101406,0.5563570338238087,0.0,0.0,0.001963119224591,0.0,0.0,213.40948159734387,0,1,0.0,0.0,0.0,213.7033874624402,0,19.836338204880317,19.836338204880317,204.56853620307464,0
MPC,152.83999633789062,0,0.6240511386336396,0.3759488613663604,0.8708780294000794,0.849143334726285,0.6332859279076786,0.9176654643713668,0,0,0,0,0,0,0,0,0,1.0,1,0.7636781083608541,-0.6068018021014205,0.6332859279076786,1.8156287069514527,0.9176654643713668,3.9462339384370417,0.6963409327070297,0.4347455907508758,0.5655432617289528,0.0,0.0,0.0014311983351394,0.0,0.0,150.75103954409133,0,1,0.0,0.0,0.0,151.83677302310792,0,14.461543577416808,14.461543577416808,142.5028511198219,0
CF,85.68000030517578,0,0.6588094286855773,0.3411905713144226,0.8712753277711561,0.8290848307563727,0.4367510730764677,0.3807918573329374,0,0,0,0,0,0,0,0,0,1.0,1,0.7748370847418578,-0.648872175477501,0.4367510730764677,1.6190938521202418,0.3807918573329374,3.4093603313986125,0.7314913698896045,0.4511940606584916,0.591342715274048,0.0,0.0,0.0008337455847669,0.0,0.0,85.10785838526553,0,1,0.0,0.0,0.0,85.2966208540396,0,8.424582261277918,8.424582261277918,78.37794287493928,0
BAH,123.30999755859376,1,0.6679984019176988,0.3320015980823012,0.8732618196265395,0.8533221897200167,0.9687545533455022,2.618155827692693,0,0,0,0,0,0,0,0,0,1.0,1,0.7865692129906954,-0.6965215636503647,0.9687545533455022,2.151097332389276,2.618155827692693,5.646724301758368,0.5865365679989151,0.299472858307077,0.443004713152996,0.0,0.0,0.0046999946539508,0.0,0.0,123.21984540391674,0,1,0.0,0.0,0.0,123.35201291535232,0,47.49109598084635,47.49109598084635,117.73338032702628,0
MUSA,364.9400024414063,1,0.8381941669996005,0.1618058330003995,0.744139849026619,0.7839531968240702,0.8807529812946348,1.8208090910610653,0,0,0,0,0,0,0,0,0,1.0,1,0.786893343383554,-0.6978927934630474,0.8807529812946348,2.063095760338409,1.8208090910610653,4.849377565126741,0.6032525782136928,0.3322497652485488,0.4677511717311208,0.0,0.0,0.0026993646785586,0.0,0.0,364.1325436829024,0,1,0.0,0.0,0.0,364.64319784502527,0,27.275730394495604,27.275730394495604,348.42277155890935,0
AMGN,280.6000061035156,0,0.7630842988413903,0.2369157011586097,0.8955105284068335,0.9239448391140828,0.5708696015288658,0.6728523738489767,0,0,0,281,0,281,281,1,1,1.0,1,0.8548303326036495,-1.082020723681702,0.5708696015288658,1.75321238057264,0.6728523738489767,3.701420847914652,0.5447108006623695,0.2426685752255144,0.393689687943942,0.0096824577440888,0.0072554862315747,0.0007711353056296,974.459975789043,974.459975789043,272.35866756298407,4,1,0.0,1005.2091633076562,724.2091633076562,273.4717945385464,3,7.791936695735295,7.791936695735295,268.3886397778919,0
FANG,168.9199981689453,1,0.9468637634838194,0.0531362365161806,0.9137862534763608,0.7413288758880067,0.5019136616742966,0.7266472890764217,0,0,0,0,0,0,0,0,0,1.0,1,0.8572910598365826,-1.1011092144303951,0.5019136616742966,1.684256440718071,0.7266472890764217,3.755215763142097,0.5632482178398756,0.232950808384088,0.3980995131119818,0.0,0.0,0.0008261024468617,0.0,0.0,166.44308046846623,0,1,0.0,0.0,0.0,167.28947419291438,0,8.347352174314642,8.347352174314642,154.99702779891197,0
MTDR,66.77999877929688,1,0.9408709548541748,0.059129045145825,0.8823996821613032,0.8073547847889678,0.5340222386290028,1.1350058953242408,0,0,0,0,0,0,0,0,0,1.0,1,0.8734308076186081,-1.2404980357943391,0.5340222386290028,1.716365017672777,1.1350058953242408,4.163574369389916,0.5116431742392956,0.1704328235041573,0.3410379988717265,0.0,0.0,0.0010694752976373,0.0,0.0,65.57192144648278,0,1,0.0,0.0,0.0,65.79079062962714,0,10.806513144976648,10.806513144976648,60.692026767912296,0
GPS,11.979999542236328,1,0.8393927287255294,0.1606072712744706,0.9475566150178784,0.8951107396573339,0.0799319628354754,0.6043615362131473,0,0,0,0,0,0,0,0,0,1.0,1,0.891831649076123,-1.4379329171995447,0.0799319628354754,1.2622747418792497,0.6043615362131473,3.6329300102788222,0.7153976165360725,0.1564544689796095,0.4359260427578409,0.0,0.0,0.0007923984556518,0.0,0.0,11.827168269344948,0,1,10.773296064465848,0.0,0.0,11.878068780599218,0,8.006790195133728,8.006790195133728,10.773296064465848,1
USAC,26.13999938964844,1,0.9508589692369156,0.0491410307630842,0.9721891140246324,0.8190555787714167,0.4846744835843473,1.299474204929467,0,0,0,0,0,0,0,0,0,1.0,1,0.9087589376604982,-1.6721005526048114,0.4846744835843473,1.6670172626281214,1.299474204929467,4.328042678995142,0.4254943924382587,0.0863090970623945,0.2559017447503267,0.0,0.0,0.0009370053417554,0.0,0.0,26.00459731302032,0,1,0.0,0.0,0.0,26.083269500021903,0,9.467970475767594,9.467970475767594,24.460157193409167,0
PGR,157.8000030517578,1,0.9768278066320416,0.0231721933679585,0.9936432260627732,0.9665691600501464,1.0104465531664293,2.85080132463879,0,0,0,0,0,0,0,0,0,1.0,1,0.978886578532942,-4.446192838149366,1.0104465531664293,2.192789332210204,2.650037878652024,5.678606352717699,0.0304692652922882,0.0004430937976361,0.0154561795449621,0.0,0.0,0.0001677149939272,0.0,0.0,156.11457710910875,0,1,0.0,0.0,0.0,156.7161156965839,0,1.6946761561383508,1.6946761561383508,150.40142055014863,0
RDFN,5.090000152587891,0,0.0006435006435006,0.9993564993564994,0.0210459183673469,0.0429362880886426,0.0733854030543528,-1.1502490999369008,0,0,0,0,0,0,0,0,0,0.0,0,0.0018463748724562,5.0,0.0733854030543528,1.255728182098127,-1.1502490999369008,1.8783193741287745,3.1223257146313848,23.38014447599185,13.25123509531162,0.0,0.0,0.0,0.0,0.0,5.558974973579128,0,0,0.0,0.0,0.0,5.558974973579128,0,0.0,0.0,5.558974973579128,0
UI,116.88999938964844,0,0.065521374350779,0.9344786256492208,0.0774731823599523,0.002507312996239,0.4649308718134526,-2.716408801747352,0,234,0,818,0,818,1052,0,0,0.64,0,0.0070257081308181,5.0,0.4649308718134526,1.6472736508572268,-2.028568474065675,1.0,12.129105075551257,1.0,6.564552537775628,0.0,0.0,0.0,0.0,0.0,122.4772666391082,0,0,-244.9545332782164,0.0,-818.0,122.4772666391082,-7,0.0,-234.0,122.4772666391082,-2
RMD,142.2899932861328,1,0.2305233719536556,0.7694766280463444,0.5669447755264203,0.0058503969912244,0.504108230477211,-1.0645142909744785,0,427,0,3984,0,3984,4411,0,1,1.0,1,0.0169462451993412,4.9084371550444965,0.504108230477211,1.6864510095209853,-1.0645142909744785,1.9640541830911968,13.004279286003603,27.474219147342037,20.239249216672818,0.0,0.0137317793172142,0.0031427579794171,0.0,0.0,146.41020148537424,0,0,-439.3339851120444,1902.46524596965,-2081.53475403035,146.49058380010956,-14,31.755998003020984,-395.244001996979,146.4446617040148,-3
MASI,80.0,1,0.0695165801038753,0.9304834198961248,0.0659515295987286,0.0071040534893439,0.4802882864761646,-0.7054725760990553,0,400,0,3440,0,3440,3840,0,1,1.0,1,0.0176146877982397,4.828029816532084,0.4802882864761646,1.6626310655199388,-0.7054725760990553,2.32309589796662,11.641505410787966,58.53061088650552,35.08605814864674,0.0,0.018212699349001,0.0106636482629267,0.0,0.0,83.2317157496926,0,0,-333.94026443883456,2523.2729674975467,-916.7270325024532,83.9103305636769,-11,107.75083387274309,-292.2491661272569,83.48506610970864,-4
JD,25.06999969482422,0,0.0152801358234295,0.9847198641765704,0.020253164556962,0.0529830810329474,0.2771652852058596,-2.091303983349358,3410,476,175,75,0,250,4136,1,1,1.0,1,0.0224394033968144,4.316562379240508,0.2771652852058596,1.4595080642496336,-2.028568474065675,1.0,5.114551968342618,1.0,3.057275984171309,0.0191628433994918,0.0003629395232334,3.190342620612997e-05,1928.5830528429765,-1481.4169471570235,27.098351244971447,-55,0,-479.3026548048791,50.28334736451778,-199.7166526354822,27.098351244971447,-7,0.3223681700998402,-475.6776318299002,26.627925266937726,-18
MICS,0.75,0,0.0347582900519376,0.9652417099480624,0.0150973381009137,0.0430422064354366,0.3714023964113752,-1.32308146268449,0,9,0,147,16,163,172,0,0,0.0,0,0.0253721316259953,4.0546325713121885,0.3714023964113752,1.5537451754551492,-1.32308146268449,1.705487011381185,5.970005657347899,8.710842075190198,7.340423866269049,0.0,0.0,0.0,0.0,0.0,0.8153195631778729,0,0,-9.246306110702902,0.0,-163.0,0.9033335902221812,-180,0.0,-9.0,0.8405732827911729,-11
ULTA,372.8599853515625,0,0.0447463044346783,0.9552536955653216,0.0814461660707191,0.0238194734642707,0.4789260396578945,-1.2178429410294032,0,373,0,0,0,0,373,0,0,1.0,1,0.0391600333626694,3.1490590527648874,0.4789260396578945,1.6612688187016686,-1.2178429410294032,1.810725533036272,4.945136747331931,6.48624195420602,5.715689350768976,0.0,0.0,0.0006411827062134,0.0,0.0,379.266769014701,0,0,-382.2649906783067,0.0,0.0,379.3836692224236,0,6.4788306549336445,-366.5211693450664,382.2649906783067,-1
ZBRA,205.9900054931641,0,0.0327606871753895,0.9672393128246104,0.0552244735796583,0.0530714584203928,0.5688813389403606,-0.0567688954000616,0,412,0,2884,0,2884,3296,0,1,1.0,1,0.0444610276845337,2.897642267350424,0.5688813389403606,1.7512241179841348,-0.0567688954000616,2.971799578665613,5.071276399165171,23.47693216751236,14.274104283338763,0.0,0.018212699349001,0.0116179529518442,0.0,0.0,209.3638193444236,0,0,-211.67892510118585,2523.2729674975467,-360.7270325024533,215.483589395336,-2,117.3936056019106,-294.6063943980894,211.67892510118585,-1
CHWY,16.860000610351562,1,0.0988909426987061,0.901109057301294,0.1441605839416058,0.0236625514403292,0.0712036004540636,-2.126690445163228,3810,152,0,3473,0,3473,7435,1,1,1.0,1,0.0505819214360531,2.651463112488188,0.0712036004540636,1.2535463794978376,-2.028568474065675,1.0,1.820604738420706,1.0,1.4103023692103531,0.0104278693743345,0.0001291939978025,1.4716851797934258e-05,1049.4795439979075,-2760.5204560020925,18.713521476926257,-148,0,-158.77792677379443,17.899143667350614,-3455.100856332649,18.713521476926257,-185,0.1487064289922267,-151.85129357100777,17.64199186375494,-9
ADYEY,7.309999942779541,1,0.1582089552238806,0.8417910447761194,0.1815505397448479,0.0212290502793296,0.3409087138290402,-1.6218091877376335,6075,0,0,154,0,154,6229,1,1,0.0,1,0.0509042927160095,2.639601769079968,0.3409087138290402,1.5232514928728145,-1.6218091877376335,1.4067592863280416,3.0369963607961754,2.461734554691046,2.74936545774361,0.020923040429717,0.0008440148793012,0.0,2105.7324503194973,-3969.267549680503,7.841629534006736,-506,0,0.0,116.93378824833258,-37.066211751667424,7.841629534006736,-5,0.0,0.0,7.369139314324579,0
HD,286.7699890136719,0,0.0239712345185777,0.9760287654814224,0.5633690901867302,0.073129962390305,0.7604931373411178,0.9673781025400312,0,574,0,0,0,0,574,0,0,1.0,1,0.0524787574526573,2.5830911951154585,0.7604931373411178,1.942835916384892,0.9673781025400312,3.9959465766057054,5.559769809992216,35.8128167926895,20.68629330134086,0.0,0.0,0.0383629500372714,0.0,0.0,289.54302201736374,0,0,-291.5479846091974,0.0,0.0,289.5989379222105,0,387.6384286516092,-186.3615713483908,291.5479846091974,-1
SPWR,5.570000171661377,1,0.2121454254894127,0.7878545745105873,0.3210170838299563,0.0254910154617634,0.1368961869173205,-1.7252764932685267,0,0,0,45,0,45,45,0,0,0.02,0,0.0637506349169777,2.237003678510753,0.1368961869173205,1.3192389659610946,-1.7252764932685267,1.3032919807971484,1.8585063359230725,1.80862594936853,1.8335661426458008,0.0,0.0,0.0,0.0,0.0,5.687482041088964,0,0,0.0,0.0,-45.0,6.264138105553048,-7,0.0,0.0,5.681636144834042,0
KO,54.34999847412109,1,0.1841789852177387,0.8158210147822613,0.8506158124751688,0.0267446719598829,0.4255652709161003,-0.0938719236414711,0,544,0,3044,0,3044,3588,0,1,1.0,1,0.0681884123820876,2.123600616662086,0.4255652709161003,1.6079080499598746,-0.0938719236414711,2.934696550424204,2.741677902353095,9.838242047410588,6.289959974881841,0.0,0.0144309827171487,0.0048685918654498,0.0,0.0,54.63001184034588,0,0,-493.8365236559622,1999.336171252553,-1044.663828747447,55.710146163935455,-19,49.19468650443832,-494.8053134955617,54.87072485066247,-9
TTC,83.62000274658203,1,0.1622053535757091,0.8377946464242909,0.6841477949940405,0.0355202674467196,0.6274053956254609,-0.3839792076413527,0,418,0,3930,0,3930,4348,0,1,1.0,1,0.0838465715178328,1.7964932373800535,0.6274053956254609,1.809748174669235,-0.3839792076413527,2.6445892664243225,2.9027474979720664,5.738041773505701,4.320394635738884,0.0,0.0100755520693048,0.0022052560533967,0.0,0.0,84.07325089378722,0,0,-424.4249853615662,1395.914338776215,-2534.085661223785,86.38313201505382,-29,22.283009791547343,-395.7169902084527,84.88499707231324,-5
EPAM,230.72999572753903,0,0.0783060327606871,0.9216939672393129,0.0619785458879618,0.1897200167154199,0.6345319471476547,1.3274644573861123,0,231,0,0,0,0,231,0,0,1.0,0,0.0877810307482604,1.728326986988416,0.6345319471476547,1.8168747261914289,1.3274644573861123,4.356032931451788,2.8067153361249613,12.722090750451736,7.764403043288349,0.0,0.0,0.0,0.0,0.0,232.882918577772,0,0,-237.3469384828676,0.0,0.0,233.07595669676155,0,0.0,-231.0,237.3469384828676,-1
PYPL,54.810001373291016,0,0.0669879518072289,0.9330120481927712,0.1101005265677357,0.1027989821882951,0.3199218102541427,-0.9083132575121542,3289,274,932,1315,0,2247,5810,1,1,1.0,1,0.0889194797669173,1.7094599346048522,0.3199218102541427,1.502264589297917,-0.9083132575121542,2.120255216553521,2.005122642937823,3.6136613366735695,2.8093919898056967,0.020923040429717,0.0028755450208436,0.0005924716613819,2105.7324503194973,-1183.2675496805027,58.39377448149711,-20,0,-280.0726612896753,398.391522249276,-1848.608477750724,58.39377448149711,-32,5.986629902434251,-268.01337009756577,56.014532257935066,-5
IDXX,425.6799926757813,0,0.1110667199360767,0.8889332800639232,0.1330949543106873,0.0597576264103635,0.8350852866656994,1.0938385597823843,3831,426,0,4682,0,4682,8939,1,1,1.0,1,0.0902220481196676,1.688318408782796,0.8350852866656994,2.017428065709473,1.0938385597823843,4.122407033848059,3.2703645971373803,10.928751192612276,7.099557894874828,0.020923040429717,0.018212699349001,0.021396240355672,2105.7324503194973,-1725.2675496805027,447.3234134341084,-4,0,0.0,2523.2729674975467,-2158.7270325024533,447.3234134341084,-5,216.19831067388853,-209.80168932611147,434.5267294459927,0
MOBQ,0.6100000143051147,0,0.1158609668397922,0.8841390331602077,0.135876042908224,0.0580860844128708,0.3242597829877184,0.2799471225121227,0,9,0,146,0,146,155,0,0,0.0,0,0.0903437282250697,1.6863671922930008,0.3242597829877184,1.5066025620314925,0.2799471225121227,3.3085155965777977,1.996048872881916,7.521290401471384,4.7586696371766495,0.0,0.0,0.0,0.0,0.0,0.6160411330162019,0,0,-9.180595878550925,0.0,-146.0,0.7665652190353877,-190,0.0,-9.0,0.6557568484679233,-14
FTNT,57.77000045776367,1,0.1638034358769476,0.8361965641230523,0.2467222884386174,0.0442958629335562,0.8741739503119195,0.5266452843505293,0,347,116,2426,0,2542,2889,0,1,1.0,1,0.0916492562920117,1.6656813185393085,0.8741739503119195,2.0565167293556934,0.5266452843505293,3.555213758416204,3.3233687639867204,8.271165968265683,5.797267366126201,0.0,0.018212699349001,0.0096647112436886,0.0,0.0,58.29795874324564,0,0,-236.58016994675128,2523.2729674975467,-18.727032502453312,60.88925850758174,0,97.6570747618524,-249.3429252381476,59.14504248668782,-4
BYND,7.429999828338623,0,0.0764388489208633,0.9235611510791368,0.0772646536412078,0.1736526946107784,-0.1824237872961321,-2.061377950338301,1858,7,0,825,0,825,2690,1,1,1.0,1,0.0943885908296069,1.6237058718281447,-0.1823427790437741,1.0,-2.028568474065675,1.0,1.0,1.0,1.0,0.0042231251795392,7.096213421623234e-05,1.04352457453322e-05,425.0229196941552,-1432.9770803058448,8.642286152208282,-166,0,-7.718628316344962,9.831427596347645,-815.1685724036523,8.642286152208282,-94,0.1054429406337092,-6.89455705936629,7.718628316344962,-1
STZ,233.1999969482422,0,0.0587295245705153,0.9412704754294846,0.5458879618593564,0.0890096113664855,0.6705400985549539,-0.0450692766243401,0,700,0,0,0,0,700,0,0,1.0,1,0.0996882071959297,1.5475755679519512,0.6705400985549539,1.852882877598728,-0.0450692766243401,2.983499197441335,2.5972572740938498,5.4284300201517,4.012843647122775,0.0,0.0,0.0033178643113743,0.0,0.0,234.2127499975068,0,0,-709.2493394776349,0.0,0.0,234.32191957151923,0,33.52535993428249,-666.4746400657175,236.41644649254496,-3
EDIT,6.429999828338623,0,0.0990663900414937,0.9009336099585062,0.1009268795056642,0.1776677667766776,0.2050329605023151,-0.5052959582068773,2643,19,0,309,0,309,2971,1,1,1.0,1,0.11704628057567,1.3366135307214884,0.2050329605023151,1.3873757395460893,-0.5052959582068773,2.523272515858798,1.5490254479914778,3.4456465932320866,2.4973360206117823,0.020923040429717,0.0044559658138823,0.0010564192136802,2105.7324503194973,-537.2675496805027,7.127165553184203,-75,0,-6.664636563746587,617.3504468945868,308.35044689458675,6.15347425040681,50,10.674587944632158,-8.325412055367842,6.664636563746587,-1
FLGT,25.450000762939453,1,0.0618615209988649,0.9381384790011352,0.3451576576576576,0.2076271186440678,0.5862155245022174,-1.387194865651842,3716,1222,0,3461,0,3461,8399,1,1,1.0,1,0.1256350280127985,1.249418869510138,0.5862155245022174,1.7685583035459915,-1.387194865651842,1.641373608413833,2.0388267728221745,1.8573093457940275,1.9480680593081008,0.020923040429717,0.0010501148041378,0.0001475491089684,2105.7324503194973,-1610.2675496805027,27.44574768173603,-59,0,-1230.3366794383126,145.4878405048412,-3315.512159495159,27.44574768173603,-121,1.4909099715720495,-1220.509090028428,26.17737615826197,-47
OPEN,2.200000047683716,0,0.0761789600967352,0.9238210399032648,0.1331747919143876,0.5760111576011158,0.0326201651327737,-0.3422563753209604,0,0,0,0,0,0,0,0,0,0.0,0,0.1340962505270547,1.1722112772997264,0.0326201651327737,1.214962944176548,-0.3422563753209604,2.6863120987447147,1.256393671465706,3.184652509564131,2.2205230905149187,0.0,0.0,0.0,0.0,0.0,2.22776704688658,0,0,0.0,0.0,0.0,2.23309439323602,0,0.0,0.0,2.218076759240632,0
TDOC,18.14999961853028,0,0.0837343599615014,0.9162656400384984,0.2544237207077953,0.173780487804878,0.3120435576511671,-1.026828394415708,3793,254,54,3467,0,3521,7568,1,1,1.0,1,0.1387131481387131,1.1332331952231232,0.3120435576511671,1.4943863366949413,-1.026828394415708,2.001740079649968,1.5765477757015174,2.195660524393242,1.88610415004738,0.020923040429717,0.0017962407483001,0.000316008737727,2105.7324503194973,-1687.2675496805027,20.18099016755447,-84,0,-243.47550824743837,248.85963560102175,-3272.1403643989784,20.18099016755447,-162,3.1931102903624984,-250.8068897096375,18.72888524980295,-13
GH,25.989999771118164,0,0.097211155378486,0.902788844621514,0.1418439716312056,0.3353711790393013,0.2895001321116606,-0.2282135248468746,1923,26,0,1481,0,1481,3430,1,1,1.0,1,0.1476475603652696,1.063305857240311,0.2895001321116606,1.4718429111554348,-0.2282135248468746,2.8003549492188005,1.5083011916261169,2.988988814826272,2.248645003226194,0.020923040429717,0.0065821393431467,0.0014430318221109,2105.7324503194973,182.73245031949727,24.72072148115675,7,0,0.0,911.9205206544656,-569.0794793455343,29.2620654483184,-19,14.581115046520084,-11.418884953479916,26.921283043112844,0
URI,411.1900024414063,0,0.1334398721534159,0.8665601278465841,0.0985299960270162,0.3961554534057668,0.6510732750027329,0.1442357071109434,0,0,0,0,0,0,0,0,0,1.0,0,0.1487544261749686,1.0551045114817652,0.6510732750027329,1.833416054046507,0.1442357071109434,3.1728041811766183,1.8956925368415043,3.381232662380399,2.638462599610952,0.0,0.0,0.0,0.0,0.0,413.442463882259,0,0,0.0,0.0,0.0,414.1367748482101,0,0.0,0.0,412.9087588041703,0
PAYC,265.5,1,0.2388748950461796,0.7611251049538204,0.3113522537562604,0.079225352112676,0.8829793079117054,0.2835197112592678,4779,531,0,2655,0,2655,7965,1,1,1.0,1,0.1498478279665465,1.047096428998042,0.8829793079117054,2.06532208695548,0.2835197112592678,3.312088185324943,2.1370889047008768,3.5042641307879623,2.8206765177444195,0.020923040429717,0.018212699349001,0.0035421221188975,2105.7324503194973,-2673.2675496805027,284.3802569360517,-9,0,-542.1841666156624,2523.2729674975467,-131.7270325024533,284.3802569360517,0,35.79137295039996,-495.20862704960007,271.0920833078312,-2
QDEL,67.02999877929688,0,0.1474230922892529,0.8525769077107471,0.1712355979340484,0.1362306727956539,0.4339621123546049,0.0788369978950335,3486,67,0,1676,0,1676,5229,1,1,1.0,1,0.1502735292145613,1.0440033412835863,0.4339621123546049,1.616304891398379,0.0788369978950335,3.1074054719607087,1.6508172890490278,3.266367758788665,2.4585925239188464,0.020923040429717,0.0109223825128003,0.0023921088748857,2105.7324503194973,-1380.2675496805027,72.60889299089638,-19,0,-68.47070031314536,1513.2382085211752,-162.76179147882476,72.60889299089638,-2,24.171064126283103,-42.8289358737169,68.47070031314536,-1
HCA,244.0500030517578,1,0.2153415900918897,0.7846584099081102,0.4835121176003178,0.0806519013790221,0.676622771405589,1.3335431248059813,0,244,0,0,0,0,244,0,0,1.0,1,0.1569780756776917,0.997034756226636,0.676622771405589,1.8589655504493632,1.3335431248059813,4.362111598871657,1.855550961732819,4.343100862486279,3.0993259121095487,0.0,0.0,0.0117100032911425,0.0,0.0,245.12253958390733,0,0,-247.65174894876876,0.0,0.0,245.2292177513308,0,118.32372825534976,-125.67627174465024,247.65174894876876,-1
TSCO,202.13999938964844,0,0.2253296044746304,0.7746703955253695,0.5665474771553437,0.085248641872127,0.5549778391125583,0.1719199631876435,1819,202,0,2628,0,2628,4649,1,1,1.0,1,0.1672855063294112,0.9306399068074428,0.5549778391125583,1.7373206181563323,0.1719199631876435,3.2004884372533184,1.6720215726342578,2.952394689336531,2.312208130985394,0.020923040429717,0.0124489750094784,0.0025315974822327,2105.7324503194973,286.7324503194973,197.8359538071572,1,0,-205.40360155768516,1724.7395079956823,-903.2604920043176,212.9113326421032,-4,25.580526759220877,-176.41947324077913,205.40360155768516,-1
MNST,50.400001525878906,0,0.1941669996004794,0.8058330003995205,0.3174413984902662,0.1078144588382783,0.7100526079987778,0.152498373115013,2671,504,0,2923,0,2923,6098,1,1,1.0,1,0.1706913089015197,0.9100858170664252,0.7100526079987778,1.892395387042552,0.152498373115013,3.181066847180688,1.7869178363081866,2.866714038647117,2.326815937477652,0.020923040429717,0.0129844163970056,0.0024863135269856,2105.7324503194973,-565.2675496805027,52.37167415165343,-11,0,-459.0443216168069,1798.9220743982314,-1124.0779256017686,52.37167415165343,-21,25.12295503342626,-478.87704496657375,51.00492462408965,-9
TTD,75.87000274658203,0,0.129524886877828,0.870475113122172,0.1632996632996633,0.3063932448733413,0.9835584710042188,1.138843581877662,2124,228,0,2504,0,2504,4856,1,1,1.0,1,0.1753564057621657,0.8829435744805235,0.9835584710042188,2.165901250047993,1.138843581877662,4.167412055943338,1.978563490964278,3.5262012379033667,2.7523823644338226,0.020923040429717,0.018212699349001,0.0086631776948346,2105.7324503194973,-18.267549680502725,85.17703004863338,0,0,-156.75248948203824,2523.2729674975467,19.272967497546688,72.78979537744105,0,87.53707901745624,-140.46292098254378,78.37624474101912,-2
SHOP,51.83000183105469,0,0.1671415004748338,0.8328584995251662,0.219443133553563,0.1528056112224448,0.9579249725379791,0.7388336175927955,4250,311,0,2851,0,2851,7412,1,1,1.0,1,0.1756007849925107,0.8815526150409676,0.9579249725379791,2.140267751581753,0.7388336175927955,3.767402091658471,1.9558026247658555,3.219669615044878,2.5877361199053666,0.020923040429717,0.018212699349001,0.0054398956251604,2105.7324503194973,-2144.2675496805027,59.487179635258514,-36,0,-267.3295303568971,2523.2729674975467,-327.7270325024533,59.487179635258514,-6,54.96742534443426,-256.0325746555657,53.46590607137942,-5
DGX,122.83000183105467,1,0.2301238513783459,0.769876148621654,0.8033373063170441,0.0923526953614709,0.5100064658792782,0.784590427730995,0,246,0,2579,0,2579,2825,0,1,1.0,1,0.1827224082240741,0.8422879399583684,0.5100064658792782,1.6923492449230524,0.784590427730995,3.81315890179667,1.5575943553058156,3.087516334739894,2.3225553450228547,0.0,0.018212699349001,0.0051239911021883,0.0,0.0,123.1944947824482,0,0,-248.7374151308508,2523.2729674975467,-55.72703250245331,127.81804331779666,0,51.77536809206234,-194.2246319079377,124.3687075654254,-2
AREN,3.859999895095825,0,0.1622053535757091,0.8377946464242909,0.1312127236580517,0.3873798579189302,0.5683983774001181,0.01579142845345,0,4,0,89,0,89,93,0,0,0.02,0,0.1832880153466748,0.839270684442271,0.5683983774001181,1.7507411564438922,0.01579142845345,3.044359902519125,1.6000333876870203,2.545563957088817,2.072798672387919,0.0,0.0,0.0,0.0,0.0,3.879883654676568,0,0,-4.04125024979401,0.0,-89.0,4.753769613282103,-19,0.0,-4.0,4.04125024979401,-1
VTRS,9.3100004196167,0,0.1222532960447463,0.8777467039552537,0.2228843861740166,0.3363978269954032,-0.1821855277303734,-0.5259310547198808,0,0,0,0,0,0,0,0,0,0.0,0,0.1918276266339638,0.7953869124383266,-0.1821855277303734,1.0001572513134007,-0.5259310547198808,2.5026374193457945,1.000125073624573,2.074342677043121,1.5372338753338468,0.0,0.0,0.0,0.0,0.0,9.328704488018392,0,0,0.0,0.0,0.0,9.33248645151162,0,0.0,0.0,9.310875680313652,0
GMED,51.400001525878906,1,0.2656811825809029,0.7343188174190971,0.1839491458085022,0.1821980777267028,0.494202631906278,0.7150840812504825,2005,51,0,2056,0,2056,4112,1,1,1.0,1,0.2042382572522086,0.7366617656712932,0.494202631906278,1.6765454109500522,0.7150840812504825,3.7436525553161575,1.4632488342323966,2.6443863177914837,2.05381757601194,0.020923040429717,0.018212699349001,0.0042096567848025,2105.7324503194973,100.73245031949727,50.08180361080742,2,0,0.0,2523.2729674975467,467.2729674975467,50.247079708185694,9,42.53647698203773,-8.463523017962267,52.13868771534023,0
DOCU,41.13999938964844,1,0.1888726207906295,0.8111273792093704,0.2797101449275362,0.23328025477707,0.325155652516453,-0.2735669993246439,3991,82,0,3209,0,3209,7282,1,1,1.0,1,0.2280260320530674,0.6377938359909577,0.325155652516453,1.5074984315602271,-0.2735669993246439,2.7550014747410314,1.2992452335935234,1.9085651694874428,1.603905201540483,0.020923040429717,0.0053113527225249,0.0009642035351508,2105.7324503194973,-1885.2675496805027,45.32414781514322,-42,0,-84.68581446666475,735.8597695364075,-2473.1402304635926,45.32414781514322,-55,9.74279462093206,-72.25720537906794,42.342907233332376,-2
SBUX,94.41999816894533,1,0.5549340791050739,0.4450659208949261,0.8625347636074692,0.1040534893439197,0.5159266935935332,0.6075412793470099,0,378,0,1511,0,1511,1889,0,1,1.0,1,0.2386287216475293,0.5984607820069336,0.5159266935935332,1.698269472637307,0.6075412793470099,3.636109753412685,1.3729348575152602,2.165305842082203,1.7691203497987318,0.0,0.0170303876886719,0.0032270670839184,0.0,0.0,94.36714664525948,0,0,-381.6626241657258,2359.4699532107416,848.4699532107416,92.5866126490798,9,32.607899349453845,-345.3921006505461,95.41565604143146,-4
AAPL,175.4600067138672,1,0.2393128246104674,0.7606871753895326,0.601907032181168,0.1746761387379858,0.9764249826444608,0.6619507705904312,0,351,0,2983,0,2983,3334,0,1,1.0,1,0.2594056697023537,0.5281364383855782,0.9764249826444608,2.158767761688235,0.6619507705904312,3.690519244656106,1.5014342767572189,1.99296448222694,1.7471993794920793,0.0,0.018212699349001,0.003382166979442,0.0,0.0,175.37281015680625,0,0,-355.2608029546411,2523.2729674975467,-459.7270325024533,182.39654614080607,-3,34.17510624377255,-316.8248937562274,177.63040147732056,-2
TWLO,55.40999984741211,0,0.1967213114754098,0.8032786885245902,0.2613882863340564,0.3982558139534883,0.4563681976557995,0.5411914789158783,222,111,0,1496,0,1496,1829,1,1,1.0,1,0.2626968300110527,0.5177126181523213,0.4563681976557995,1.6387109766995738,0.5411914789158783,3.5697599529815536,1.2913696634262402,1.9324496642286888,1.6119096638274644,0.020923040429717,0.0148810405809939,0.0027314888530532,2105.7324503194973,1883.7324503194973,52.65361414765718,36,0,-56.95461521005167,2061.689302981634,565.6893029816338,52.83606203222218,11,27.60032911567705,-83.39967088432294,56.95461521005167,-1
ETSY,65.41999816894531,1,0.3943661971830985,0.6056338028169015,0.449160447761194,0.1777227722772277,0.4532963348862719,-1.145549585634279,2878,327,0,2159,0,2159,5364,1,1,1.0,1,0.2887716586365937,0.4408643841508978,0.4532963348862719,1.635639113930046,-1.145549585634279,1.883018888431396,1.2422448432257926,1.3218240142321571,1.2820344287289749,0.020923040429717,0.001108287862024,0.0001681980958287,2105.7324503194973,-772.2675496805027,72.35606325217483,-11,0,-337.0677445097604,153.54740935776445,-2005.4525906422357,72.35606325217483,-28,1.6995576593012949,-325.3004423406987,67.41354890195207,-5
DDOG,87.75,0,0.2325123152709359,0.767487684729064,0.3109815354713314,0.4784530386740331,0.6430198340513845,0.6314404985989917,2106,88,0,1492,0,1492,3686,1,1,1.0,1,0.3122871976894858,0.3787981055965529,0.6430198340513845,1.8253626130951588,0.6314404985989917,3.6600089726646665,1.256025808710081,1.6347297676463013,1.4453777881781913,0.020923040429717,0.0159938799652898,0.0027065288310097,2105.7324503194973,-0.2675496805027251,99.57895829557796,0,0,-90.73039209446286,2215.867301627096,723.8673016270959,82.35543515480131,9,27.348120572938264,-60.651879427061736,90.73039209446286,-1
PTON,4.789999961853027,1,0.3306930693069307,0.6693069306930692,0.3740234375,0.3355555555555555,-0.0569265338275597,-1.9648794907129303,0,0,0,0,0,0,0,0,0,0.0,0,0.3457131766453161,0.2994098779295863,-0.0569265338275597,1.1254162452162144,-1.9648794907129303,1.0636889833527448,1.036009345159297,1.0186584086003134,1.0273338768798053,0.0,0.0,0.0,0.0,0.0,4.761223078289833,0,0,0.0,0.0,0.0,4.7715513865811365,0,0.0,0.0,4.725951426901289,0
KNSL,429.30999755859375,0,0.3665559246954595,0.6334440753045405,0.3098901098901099,0.6745283018867925,1.3571541271118244,2.6664619655098605,0,0,0,0,0,0,0,0,0,1.0,0,0.4033578457581935,0.1789996215262479,1.032920368710306,2.2152631477540803,2.650037878652024,5.678606352717699,1.1530044993766262,1.3646113849807415,1.258807942178684,0.0,0.0,0.0,0.0,0.0,429.1220872580986,0,0,0.0,0.0,0.0,429.7586615838847,0,0.0,0.0,426.6486963656756,0
UPST,26.68000030517578,0,0.3266761768901569,0.6733238231098431,0.4209790209790209,0.560067681895093,0.6117550788030905,-0.0805861000816784,2161,53,107,1334,0,1441,3655,1,1,1.0,1,0.4153945702389727,0.1556466093378556,0.6117550788030905,1.7940978578468647,-0.0805861000816784,2.9479823739839968,1.0952425029333837,1.1832593801375362,1.13925094153546,0.020923040429717,0.0058699781930486,0.0008978868420743,2105.7324503194973,-55.267549680502725,33.07646630995117,-2,0,-55.54401265868656,813.2543677624702,-627.7456322375298,33.07646630995117,-19,9.072697595740328,-43.92730240425967,27.77200632934328,-2
NET,62.790000915527344,1,0.4484789008832188,0.5515210991167812,0.4811229428848015,0.4763476347634763,0.7797204499295562,0.9101393733173048,0,63,377,126,0,503,566,0,1,1.0,1,0.4681986022073944,0.0574168237033834,0.7797204499295562,1.9620632289733304,0.9101393733173048,3.93870784738298,1.0394572929373098,1.0818905375027073,1.0606739152200086,0.0,0.0177520450992467,0.0026637879058016,0.0,0.0,62.04736175455413,0,0,-65.0883946155925,2459.451762661614,1956.4517626616137,57.86851538518026,34,26.916244894172436,-36.08375510582757,65.0883946155925,-1
OKTA,85.45999908447266,1,0.6223175965665236,0.3776824034334763,0.5738601823708207,0.502301117685733,0.6384261753241657,1.3408045182918265,2136,85,256,2307,0,2563,4784,1,1,1.0,1,0.5617641948862268,-0.1124656132921468,0.6384261753241657,1.82076895436794,1.3408045182918265,4.369372992357501,0.9348249174302314,0.8471783934054455,0.8910016554178385,0.020923040429717,0.018212699349001,0.0033888915550299,2105.7324503194973,-30.267549680502725,92.80023084005435,0,0,-87.17621475697031,2523.2729674975467,-39.72703250245331,92.80023084005435,0,34.24305471780029,-50.75694528219971,87.17621475697031,-1
JBL,130.33999633789062,0,0.6208549740311626,0.3791450259688373,0.7079856972586412,0.9644797325532805,0.7126451818806802,2.347839314151185,0,0,0,0,0,0,0,0,0,1.0,0,0.7389219989980825,-0.5228173859232723,0.7126451818806802,1.8949879609244544,2.347839314151185,5.37640778821686,0.7159167421563606,0.4150361987179964,0.5654764704371785,0.0,0.0,0.0,0.0,0.0,129.33878114453964,0,0,0.0,0.0,0.0,129.51462540085444,0,0.0,0.0,127.99712353090656,0
