,price,direction,RSI,RSIRev,fair_value_mult,geomean,sharpe,weighted_sharpe,et,schwab,rollover,roth,simple,fid,Owned,inEt,inFid,in_self_managed,currentlyActive,status,status_scaled,sharpe_capped,sharpe_scaled,weighted_sharpe_capped,weighted_sharpe_scaled,sharpe_adj_status,w_sharpe_adj_status,mean_sharpe_adj_status,et_norm,fid_norm,schwab_norm,et_target,et_diff,et_bid_ask,et_nshares,up_down,exact_amt,fid_target,fid_diff,fid_bid_ask,fid_nshares,schwab_target,schwab_diff,schwab_bid_ask,schwab_nshares
MTCH,35.540000915527344,0,0.0151817818617658,0.984818218138234,0.0774731823599523,0.2532386126201421,0.4288691361326192,2.3918786526461524,2488,0,71,2666,0,2737,5225,1,1,1.0,1,0.036264750852118034,3.30493689744868,0.4288691361326192,1.5711549328863135,2.3918786526461524,3.18650362897593,4.451347065973333,46.070443086319976,25.260895076146653,0.02103888432207105,0.019422794688760014,0.020957766379587475,2133.9004006925393,-354.0995993074607,38.117647108299984,-9,1,210.19747385306914,2704.7659468110596,-32.23405318894038,38.117647108299984,-1,211.342307725036,211.342307725036,35.03291230884486,6
NFLX,355.67999267578125,0,0.0251697962445065,0.9748302037554936,0.0750893921334922,0.1633932302549101,0.6866705248813787,2.37615418608169,0,0,0,0,0,0,0,0,0,1.0,1,0.0507032338671995,2.6469876600615305,0.6866705248813787,1.828956321635073,2.37615418608169,3.170779162411468,4.943664495241434,21.211930993588112,13.077797744414774,0.0,0.0,0.020957766379587475,0.0,0.0,360.4555554291162,0,1,350.31939169780105,0.0,0.0,360.4555554291162,0,211.342307725036,211.342307725036,350.31939169780105,1
ADUS,80.2699966430664,0,0.0347582900519376,0.9652417099480624,0.1295192689709972,0.0476389469285415,0.4508612406869702,1.5768055759900512,0,0,0,0,0,0,0,0,0,1.0,1,0.052190067540907686,2.5932800445335875,0.4508612406869702,1.5931470374406644,1.5768055759900512,2.371430552319829,3.345847068413482,9.386571979393283,6.3662095239033825,0.0,0.0,0.004330249340440027,0.0,0.0,81.33373826772376,0,1,79.2565159407498,0.0,0.0,81.33373826772376,0,43.667100398865315,43.667100398865315,79.2565159407498,1
CTSH,65.77999877929688,0,0.0195765081901717,0.9804234918098282,0.5891934843067144,0.4901796907647304,0.3230808114415489,3.113025326053605,0,0,0,0,0,0,0,0,0,1.0,1,0.054725615063187516,2.506314471392205,0.3230808114415489,1.465366608195243,3.113025326053605,3.9076503023833826,2.605635066794579,30.44576308524776,16.52569907602117,0.0,0.0,0.020957766379587475,0.0,0.0,66.4164496875656,0,1,195.4811516745013,0.0,0.0,66.4164496875656,0,211.342307725036,211.342307725036,65.16038389150043,3
JCI,51.63999938964844,0,0.0587295245705153,0.9412704754294846,0.7536750099324593,0.0321771834517342,0.3978015793355076,2.7102095277345875,0,0,0,0,0,0,0,0,0,1.0,1,0.06068947516076147,2.3220200999026837,0.3978015793355076,1.5400873760892018,2.7102095277345875,3.504834504064365,2.7257379317953516,18.39623374760374,10.560985839699546,0.0,0.0,0.020957766379587475,0.0,0.0,52.094902301593386,0,1,204.04628742114838,0.0,0.0,52.094902301593386,0,211.342307725036,211.342307725036,51.011571855287094,4
TASK,8.175000190734863,0,0.0260416666666666,0.9739583333333334,0.1491525423728813,0.3841201716738197,-0.2971770021590726,-0.9931156978853134,172,0,0,8,0,8,180,1,1,1.0,1,0.06288267064522589,2.2605115573656906,-0.14228579675369427,1.0,0.2053750236702221,1.0,1.0,1.0,1.0,0.004561197292105924,9.440707466559691e-05,2.15075198827143e-05,462.6262771477815,290.6262771477815,7.914100823436824,37,1,0.0,13.146874318829427,5.146874318829427,7.914100823436824,1,0.21688613200126752,0.21688613200126752,7.909494864723723,0
TGLS,32.75,1,0.1705952856572113,0.8294047143427886,0.6849423917361939,0.0250731299623903,0.5353961810916756,0.8639091996337449,0,0,0,0,0,0,0,0,0,1.0,1,0.06355240555374261,2.242332188844824,0.5353961810916756,1.6776819778453698,0.8639091996337449,1.6585341759635228,3.1906095237717933,3.109532863130945,3.150071193451369,0.0,0.0,0.0005126351751458696,0.0,0.0,33.34443595447139,0,1,0.0,0.0,0.0,33.34443595447139,0,5.169515633205978,5.169515633205978,32.08219511866663,0
VRTS,181.63999938964844,0,0.0271673991210547,0.9728326008789452,0.5828367103694875,0.3439197659841203,0.2765317501372102,1.7644505882269426,0,0,0,0,0,0,0,0,0,1.0,1,0.07240740774336507,2.0252743404879965,0.2765317501372102,1.4188175468909043,1.7644505882269426,2.5590755645567205,2.0309206017060886,6.706257907167243,4.368589254436666,0.0,0.0,0.004029619004357935,0.0,0.0,183.2935791987804,0,1,0.0,0.0,0.0,183.2935791987804,0,40.63548396374628,40.63548396374628,178.04478086196752,0
MDXG,6.340000152587891,0,0.0435477427087495,0.9564522572912504,0.0599920540325784,0.71541997492687,0.4511981215751279,0.3444777416025855,0,0,0,0,0,0,0,0,0,1.0,1,0.0731173073905078,2.009550426727641,0.4511981215751279,1.5934839183288223,0.3444777416025855,1.1391027179323634,2.550514967366665,1.2991699775302283,1.9248424724484468,0.0,0.0,6.970069016734695e-05,0.0,0.0,6.4493926151448315,0,1,0.0,0.0,0.0,6.4493926151448315,0,0.7028756997855601,0.7028756997855601,6.1482161638938795,0
TREX,56.86000061035156,0,0.048341989612465,0.951658010387535,0.088994835121176,0.1671541997492687,0.7151023475861873,2.27333992021177,2445,0,0,2843,0,2843,5288,1,1,1.0,1,0.07914511132350921,1.884547477563992,0.7151023475861873,1.8573881443398816,2.27333992021177,3.0679648965415476,3.211883961951794,8.269755453589013,5.740819707770404,0.02103888432207105,0.019422794688760014,0.01093870185891347,2133.9004006925393,-311.0995993074607,60.50967206276439,-5,1,111.0508318360677,2704.7659468110596,-138.23405318894038,60.50967206276439,-2,110.30805728565521,110.30805728565521,55.52541591803385,2
CROX,82.7300033569336,1,0.0938873351977626,0.9061126648022372,0.1434247119586809,0.0505641454241537,0.6053925294667689,1.2604133841851235,0,0,0,0,0,0,0,0,0,1.0,1,0.08021342653156184,1.8638619593354229,0.6053925294667689,1.7476783262204632,1.2604133841851235,2.055038360514901,2.830836373030941,3.8287161780670997,3.3297762755490203,0.0,0.0,0.001277277082760612,0.0,0.0,83.77371580537732,0,1,0.0,0.0,0.0,83.77371580537732,0,12.880317557974562,12.880317557974562,80.21774533142298,0
PII,97.12999725341795,0,0.0699161006791849,0.930083899320815,0.700834326579261,0.0484747179272879,0.1710952355097531,1.66655194232431,0,0,0,0,0,0,0,0,0,1.0,1,0.08251043332138908,1.8207507316253984,0.1710952355097531,1.3133810322634474,1.66655194232431,2.461176918654088,1.6427066921101403,5.154346378767455,3.3985265354387977,0.0,0.0,0.0026819602232892627,0.0,0.0,98.0407951434497,0,1,0.0,0.0,0.0,98.0407951434497,0,27.04542328369358,27.04542328369358,95.41335441092342,0
PAC,134.30999755859375,0,0.0615261685976827,0.9384738314023172,0.7822804926499801,0.0555787714166318,0.5624894154221018,1.7645462204406377,2149,0,0,2821,0,2821,4970,1,1,1.0,1,0.08444984991018144,1.785730579512583,0.5624894154221018,1.7047752121757962,1.7645462204406377,2.5591711967704156,2.5923585217647083,5.3549506079494344,3.973654564857071,0.02103888432207105,0.010497767773939933,0.0036658762502978603,2133.9004006925393,-15.099599307460721,142.09035037724857,0,1,0.0,1461.8907962258852,-1359.1092037741148,142.09035037724857,-10,36.96742928325368,36.96742928325368,132.12082440493114,0
TECH,67.79000091552734,0,0.0958849380743108,0.9041150619256892,0.4731823599523242,0.0497283744254074,0.5987661865689833,2.4304843566019283,0,0,0,0,0,0,0,0,0,1.0,1,0.0918786599855923,1.6620928511829764,0.5987661865689833,1.7410519833226776,2.4304843566019283,3.225109332931706,2.5133413047785997,7.002418802709909,4.7578800537442545,0.0,0.0,0.011070865905708683,0.0,0.0,68.17121421884568,0,1,132.62471995517276,0.0,0.0,68.17121421884568,0,111.64082596634748,111.64082596634748,66.31235997758638,2
VAC,93.18000030517578,1,0.1486216540151818,0.8513783459848182,0.5713150576082638,0.0497283744254074,0.4074508789216827,2.259987826485917,0,0,0,0,0,0,0,0,0,1.0,1,0.10493881952230406,1.4780669314817465,0.4074508789216827,1.549736675675377,2.259987826485917,3.0546128028156945,1.910794254704394,5.209519580087345,3.560156917395869,0.0,0.0,0.006666289102604461,0.0,0.0,93.64816526903448,0,1,91.37225316775792,0.0,0.0,93.64816526903448,0,67.2241925684839,67.2241925684839,91.37225316775792,1
EW,70.77999877929688,1,0.1857770675189772,0.8142229324810227,0.2598331346841478,0.0539072294191391,0.708406712155254,2.947214960356831,0,0,0,0,0,0,0,0,0,1.0,1,0.10798433607671942,1.440169495638277,0.708406712155254,1.8506925089089483,2.947214960356831,3.741839936686609,2.4266472887574384,6.688670959855494,4.557659124306467,0.0,0.0,0.019216442779556954,0.0,0.0,71.06497844750096,0,1,208.31076637993922,0.0,0.0,71.06497844750096,0,193.7824522776082,193.7824522776082,69.43692212664641,3
CMG,1781.47998046875,0,0.0906911705952856,0.9093088294047144,0.1644815256257449,0.150856665273715,0.5772522157247074,1.737625171990897,0,0,0,0,0,0,0,0,0,1.0,1,0.12639588067714258,1.2421452586244683,0.5772522157247074,1.7195380124784017,1.737625171990897,2.532250148320675,1.9607202195270534,3.171128322756193,2.5659242711416232,0.0,0.0,0.0022691363282478063,0.0,0.0,1789.8443038485998,0,1,0.0,0.0,0.0,1789.8443038485998,0,22.882424561316526,22.882424561316526,1743.5059831934545,0
AAON,56.15999984741211,0,0.1426288453855373,0.8573711546144627,0.4151767977751291,0.075637275386544,0.6558951456851605,2.270361109295502,0,0,0,0,0,0,0,0,0,1.0,1,0.13250408509570086,1.1861461255048427,0.6558951456851605,1.7981809424388548,2.270361109295502,3.0649860856252795,2.0057169233516894,3.775507081767133,2.8906120025594113,0.0,0.0,0.0054864845900434766,0.0,0.0,56.49186931071225,0,1,54.749267707921426,0.0,0.0,56.49186931071225,0,55.32680790291642,55.32680790291642,54.749267707921426,1
DPZ,346.8099975585937,0,0.0587295245705153,0.9412704754294846,0.4406038935240365,0.3923944839114083,0.7559007617784173,1.9111046554910955,0,0,0,0,0,0,0,0,0,1.0,1,0.13732944342953413,1.1446987114872371,0.7559007617784173,1.8981865585321116,1.9111046554910955,2.7057296318208737,2.0826398448894015,3.1248947415142743,2.603767293201838,0.0,0.0,0.003001442942637413,0.0,0.0,348.01158728492123,0,1,0.0,0.0,0.0,348.01158728492123,0,30.267150922144197,30.267150922144197,338.01697191896955,0
TPX,39.88999938964844,0,0.0854974031162604,0.9145025968837396,0.1652761223678983,0.2758044295862933,0.5425890617698204,1.7622064727561282,0,0,0,0,0,0,0,0,0,1.0,1,0.14036729424155384,1.1197604802528731,0.5425890617698204,1.6848748585235147,1.7622064727561282,2.556831449085906,1.7935004930760565,2.8610714176403507,2.3272859553582035,0.0,0.0,0.002139185665244108,0.0,0.0,40.03221856776532,0,1,38.89468444789593,0.0,0.0,40.03221856776532,0,21.571976085454633,21.571976085454633,38.89468444789593,1
ABNB,124.08000183105467,0,0.101283880171184,0.8987161198288159,0.1244755244755244,0.4737732656514382,0.1689991011847396,0.7067307692960536,620,0,0,248,0,248,868,1,1,1.0,1,0.14986765496490176,1.046952062697928,0.1689991011847396,1.311284897938434,0.7067307692960536,1.5013557456258315,1.3280767665305224,1.5302763974709035,1.429176582000713,0.020636544369903077,0.0006370333382897104,0.0001561746947558967,2093.0924675339743,1473.0924675339743,119.0228983547922,12,1,0.0,88.71154270021168,-159.28845729978832,134.8849970324811,-1,1.5748968568574133,1.5748968568574133,118.91772772211692,0
TYL,375.1600036621094,0,0.1338393927287255,0.8661606072712744,0.1362733412793007,0.1943167572085248,0.6358475707422416,2.834570362056384,0,0,0,2251,0,2251,2251,0,1,1.0,1,0.15033019448440005,1.0435926557077158,0.6358475707422416,1.7781333674959359,2.834570362056384,3.629195338386162,1.8233117924644613,3.838963332096292,2.8311375622803765,0.0,0.019422794688760014,0.01056313140302298,0.0,0.0,376.388747199612,0,1,0.0,2704.7659468110596,453.7659468110596,366.3248074841298,1,106.52072969436432,106.52072969436432,366.16164540876923,0
ROKU,66.06999969482422,0,0.0975447909754479,0.902455209024552,0.1709401709401709,0.3206871868289191,0.6003401886623954,2.4228267953452987,66,0,132,0,0,132,198,1,1,1.0,1,0.1560873744205621,1.0030920631497275,0.6003401886623954,1.7426259854160895,2.4228267953452987,3.2174517716750763,1.7456211868316498,3.229098590237632,2.487359888534641,0.02103888432207105,0.01766048913521312,0.005732936646665108,2133.9004006925393,2067.9004006925393,62.884809096611505,33,1,62.87750224585321,2459.3520336491138,2327.3520336491138,62.884809096611505,37,57.812079732300276,57.812079732300276,62.87750224585321,1
EME,202.0200042724609,0,0.0799041150619256,0.9200958849380744,0.1990464839094159,0.6096949435854576,0.733287504983969,3.180281260437524,0,0,0,0,0,0,0,0,0,1.0,1,0.1564201346607022,1.0008227750176701,0.733287504983969,1.8755733017376632,3.180281260437524,3.9749062367673016,1.8765440777307036,3.979422029656878,2.927983053693791,0.0,0.0,0.015720503311648343,0.0,0.0,202.85476254598876,0,1,198.22487578971564,0.0,0.0,202.85476254598876,0,158.5286994953242,158.5286994953242,198.22487578971564,1
AMBA,52.84999847412109,1,0.1737914502596883,0.8262085497403117,0.22367898291617,0.1157542833263685,0.4560832417669066,2.3138344222444887,0,0,0,0,0,0,0,0,0,1.0,1,0.1590355669661792,0.9832459902336312,0.4560832417669066,1.5983690385206009,2.3138344222444887,3.108459398574267,1.5858592911644478,3.049952615142317,2.3179059531533825,0.0,0.0,0.004654434688427516,0.0,0.0,52.90636546581086,0,1,50.477527692678,0.0,0.0,52.90636546581086,0,46.93625028504076,46.93625028504076,50.477527692678,1
MELI,1223.5,0,0.1370355573312025,0.8629644426687975,0.2101708382995629,0.262849979105725,0.7023502723732022,2.305170738623533,0,0,0,1224,0,1224,1224,1,1,1.0,2,0.18915675747811306,0.8087855804553525,0.7023502723732022,1.8446360691268966,2.305170738623533,3.099795714953311,1.6408343414318474,2.4967962599528892,2.068815300692368,0.02103888432207105,0.014302158011393304,0.008216263191648896,2133.9004006925393,2133.9004006925393,1172.6517896341145,2,1,0.0,1991.6799088400005,767.6799088400005,1172.6517896341145,1,82.85444127722579,82.85444127722579,1171.7018340732054,0
GH,27.030000686645508,0,0.1374900079936051,0.8625099920063949,0.1675889328063241,0.3847502191060473,0.3009082233647493,2.5024639282325363,2000,27,0,1541,0,1541,3568,1,1,1.0,1,0.18940200112393904,0.8075432625582352,0.3009082233647493,1.4431940201184434,2.5024639282325363,3.2970889045623144,1.3448120898734217,2.620673528389687,1.9827428091315544,0.02103888432207105,0.015003368522848084,0.0050394059915170155,2133.9004006925393,133.90040069253928,25.3844209124015,5,1,25.331083213664567,2089.3285913968125,548.3285913968125,25.3844209124015,22,50.81837789965588,23.81837789965588,25.331083213664567,1
RGEN,152.74000549316406,0,0.1338393927287255,0.8661606072712744,0.2407628128724672,0.2703719180944421,0.8070077332996687,1.7005077570140146,2138,0,1375,611,0,1986,4124,1,1,1.0,1,0.19577496607382533,0.776097381964871,0.8070077332996687,1.949293530053363,1.7005077570140146,2.4951327333437927,1.6786995270646214,2.033215187212022,1.8559573571383217,0.02103888432207105,0.006142598416907414,0.0015471518515614985,2133.9004006925393,-4.099599307460721,165.5038485231711,0,1,0.0,855.4016705228007,-1130.5983294771993,165.5038485231711,-7,15.601788701516462,15.601788701516462,145.60387382796583,0
ZM,62.75,0,0.1253357206803939,0.8746642793196061,0.2007073386383731,0.5322740814299901,0.3132381094781317,1.1557200249443005,63,0,0,0,0,0,63,1,1,1.0,1,0.20216067133452997,0.7461110760325631,0.3132381094781317,1.455523906231826,1.1557200249443005,1.9503450012740784,1.3232153715072452,1.6460967590075164,1.4846560652573808,0.02103888432207105,0.001807510564087379,0.0004620212557487772,2133.9004006925393,2070.9004006925393,60.24378178566933,34,1,0.0,251.70904087628534,251.70904087628534,60.24378178566933,4,4.659114747221818,4.659114747221818,60.172606046629504,0
TWLO,55.58000183105469,0,0.128696604600219,0.871303395399781,0.2369565217391304,0.4015151515151515,0.4574440369075288,3.43833670545899,222,111,0,1501,0,1501,1834,1,1,1.0,1,0.20716855274775545,0.7235771954411548,0.4574440369075288,1.5997298336612231,3.43833670545899,4.232961681788768,1.404893808378963,2.840701182039585,2.122797495209274,0.02103888432207105,0.019422794688760014,0.01465805166166454,2133.9004006925393,1911.9004006925393,52.89903227257926,36,1,52.818692009946545,2704.7659468110596,1203.7659468110596,52.89903227257926,23,147.81472456655754,36.814724566557544,52.818692009946545,1
ACN,301.8299865722656,0,0.1014782261286456,0.8985217738713543,0.7103694874851013,0.3685750104471375,0.7887780670208026,3.5519753386837625,0,0,0,604,0,604,604,0,1,1.0,1,0.214665968109106,0.6913243774380532,0.7887780670208026,1.9310638637744968,3.5519753386837625,4.34660031501354,1.5760797245327964,2.7616488041565446,2.1688642643446707,0.0,0.019422794688760014,0.016650279750088967,0.0,0.0,301.21419652999634,0,1,293.6653750852371,2704.7659468110596,2100.7659468110596,293.77738210217836,7,167.90475105584716,167.90475105584716,293.6653750852371,1
ASML,599.75,1,0.3216140631242509,0.6783859368757491,0.7612236789829162,0.1086502298370246,0.7334330660552663,3.0124016873563964,0,0,0,2399,0,2399,2399,0,1,1.0,1,0.2201537998835973,0.6687583243659107,0.7334330660552663,1.8757188628089605,3.0124016873563964,3.807026663686174,1.5229414391860696,2.4449594801184906,1.9839504596522801,0.0,0.019422794688760014,0.008963235982423755,0.0,0.0,594.7122906150704,0,1,0.0,2704.7659468110596,305.7659468110596,577.8876906373724,1,90.38706429395762,90.38706429395762,577.6318771076168,0
SAM,349.239990234375,0,0.1981622053535757,0.8018377946464244,0.1489868891537544,0.5482657751776013,0.2926502898107618,1.7810772009443394,0,0,349,349,0,698,698,0,1,1.0,1,0.22087563518580142,0.6658518716984451,0.2926502898107618,1.434936086564456,1.7810772009443394,2.5757021772741173,1.2718246909200457,1.8775678249934424,1.574696257956744,0.0,0.005284627409697076,0.0014906294898639758,0.0,0.0,349.13622738638884,0,1,0.0,735.9229445804085,37.92294458040851,337.34977717813933,0,15.031805901686303,15.031805901686303,336.9822171150852,0
SAIA,391.0700073242188,0,0.1662005593288054,0.8337994406711946,0.1628923321414382,0.7091516924362724,0.8089100018055788,2.5536324436952227,0,0,0,0,0,0,0,0,0,1.0,1,0.22114130242936145,0.6647856840121359,0.8089100018055788,1.9511957985592732,2.5536324436952227,3.348257420025001,1.5595088748044432,2.23301711372115,1.8962629942627967,0.0,0.0,0.00512583075664771,0.0,0.0,392.03896865696254,0,1,0.0,0.0,0.0,392.03896865696254,0,51.689902516186834,51.689902516186834,373.6769529645209,0
SPSC,167.1199951171875,0,0.1705952856572113,0.8294047143427886,0.2121573301549463,0.3535311324697033,0.6075431681544383,3.1795727650175656,0,0,0,0,0,0,0,0,0,1.0,1,0.22381520547910871,0.6541583611114486,0.6075431681544383,1.7498289649081324,3.1795727650175656,3.9741977413473437,1.4419745791573317,2.4660623492386606,1.954018464197996,0.0,0.0,0.010483755528327551,0.0,0.0,167.35738226225658,0,1,161.61965458602785,0.0,0.0,167.35738226225658,0,105.72028749876068,105.72028749876068,161.61965458602785,1
APTV,94.95999908447266,0,0.2021574111066719,0.797842588893328,0.346046881207787,0.194734642707898,0.3962681468872819,2.9478500318180108,0,0,0,0,0,0,0,0,0,1.0,1,0.2312742035971426,0.6254679406523851,0.3962681468872819,1.5385539436409763,2.9478500318180108,3.742475008147789,1.3092814430652557,2.2829296172198763,1.7961055301425661,0.0,0.0,0.007578056143588912,0.0,0.0,94.62679602070786,0,1,91.27549152072864,0.0,0.0,94.62679602070786,0,76.4186337631793,76.4186337631793,91.27549152072864,1
MCHP,77.45999908447266,0,0.2273272073511786,0.7726727926488214,0.7421533571712357,0.138737985791893,0.617366492336788,3.5821290581029785,0,0,0,0,0,0,0,0,0,1.0,1,0.2315849933510563,0.6243017317253723,0.617366492336788,1.7596522890904822,3.5821290581029785,4.376754034432756,1.4230508300861613,2.5134623939639975,1.9682566120250793,0.0,0.0,0.015533903936152995,0.0,0.0,77.24319630422966,0,1,149.21065213430944,0.0,0.0,77.24319630422966,0,156.64699407295402,156.64699407295402,74.60532606715472,2
BCC,93.91000366210938,0,0.0986815821014782,0.9013184178985216,0.8466428287644021,0.6197241955704137,0.5926852207658456,2.650151964489566,0,0,0,0,0,0,0,0,0,1.0,1,0.23204799560873693,0.6225685496656387,0.5926852207658456,1.7349710175195399,2.650151964489566,3.4447769408193443,1.409210313809795,2.1598302042377115,1.7845202590237532,0.0,0.0,0.005404508909602593,0.0,0.0,93.85511902123764,0,1,90.27333286098765,0.0,0.0,93.85511902123764,0,54.50014874621446,54.50014874621446,90.27333286098765,1
LPLA,227.8600006103516,0,0.1170595285657211,0.8829404714342789,0.4870878029400079,0.4889260342666109,0.6999610074776363,2.5334261105687705,0,0,0,0,0,0,0,0,0,1.0,1,0.23732338698933095,0.6031663508796842,0.6999610074776363,1.8422468042313307,2.5334261105687705,3.3280510868985482,1.4456024359376882,2.0652252550602226,1.7554138454989554,0.0,0.0,0.00463158660838196,0.0,0.0,227.47400798102802,0,1,0.0,0.0,0.0,227.47400798102802,0,46.70584567624536,46.70584567624536,218.31194805317517,0
TEAM,188.30999755859372,0,0.1927587965323814,0.8072412034676186,0.196048632218845,0.5186385737439222,0.7970163821496437,2.8989465007698025,188,0,0,377,0,377,565,1,1,1.0,1,0.24556487566663504,0.5740575712675341,0.7970163821496437,1.939302178903338,2.8989465007698025,3.6935714770995807,1.4625983149485207,2.1171272597711623,1.7898627873598416,0.02103888432207105,0.019422794688760014,0.007164668534988549,2133.9004006925393,1945.9004006925393,176.23303987824372,11,1,0.0,2704.7659468110596,2327.7659468110596,176.23303987824372,13,72.24995044053152,72.24995044053152,175.73654054598336,0
NOW,549.6599731445312,0,0.1654015181781861,0.8345984818218138,0.2542709574890743,0.4479732553280401,0.7979367168531042,3.399417987766575,0,0,0,2748,0,2748,2748,0,1,1.0,1,0.2456804798060292,0.573659133857511,0.7979367168531042,1.9402225136067983,3.399417987766575,4.194042964096353,1.4626104260757768,2.2760355222435824,1.8693229741596795,0.0,0.019422794688760014,0.012439593162884736,0.0,0.0,549.5145441748684,0,1,0.0,2704.7659468110596,-43.23405318894038,600.1840773042509,0,125.44334537316224,125.44334537316224,526.2920073554419,0
AXP,151.10000610351562,1,0.270874950059928,0.7291250499400719,0.8506158124751688,0.1370664437944003,0.4281680345142206,2.8235951175357803,0,0,0,3173,0,3173,3173,0,1,1.0,1,0.24664783010096286,0.5703354147414205,0.4281680345142206,1.5704538312679148,2.8235951175357803,3.618220093865558,1.2936002730347627,2.0822336791826426,1.6879169761087027,0.0,0.019422794688760014,0.006221875818053711,0.0,0.0,150.82908536126408,0,1,0.0,2704.7659468110596,-468.2340531889404,159.3006382100598,-3,62.74264012441722,62.74264012441722,147.21426255543915,0
MSCI,510.55999755859375,0,0.1861765880942868,0.8138234119057132,0.6523639253079062,0.2160468031759298,1.044553853875298,3.265286871844172,0,0,0,0,0,0,0,0,0,1.0,1,0.26012858213902207,0.5258313897288146,1.044553853875298,2.1868396506289924,3.265286871844172,4.05991184817395,1.508990180376467,2.0891861185265213,1.799088149451494,0.0,0.0,0.010512577046561777,0.0,0.0,508.0410973906772,0,1,0.0,0.0,0.0,508.0410973906772,0,106.01092945293827,106.01092945293827,490.7782911073565,0
MPWR,475.75,1,0.334398721534159,0.6656012784658409,0.7350019864918553,0.1562891767655662,0.8971038836261089,3.074265825159124,0,0,0,0,0,0,0,0,0,1.0,1,0.27908590724146776,0.468305012812346,0.8971038836261089,2.039389680379803,3.074265825159124,3.8688908014889023,1.396177076863357,1.8843852247054038,1.6402811507843804,0.0,0.0,0.007904138024950944,0.0,0.0,471.8852491967301,0,1,0.0,0.0,0.0,471.8852491967301,0,79.7069086712103,79.7069086712103,451.4541291937343,0
COF,95.1999969482422,0,0.1865761086695964,0.8134238913304035,0.8327373857767183,0.2511491851232762,0.3105609081260634,2.441017361701858,0,0,0,2475,0,2475,2475,0,1,1.0,1,0.2845679109128566,0.4526259729105346,0.3105609081260634,1.4528467048797578,2.441017361701858,3.235642338031636,1.1841995494481077,1.7014585430721891,1.4428290462601483,0.0,0.012253819251814766,0.003401318080584763,0.0,0.0,94.63025233258554,0,1,0.0,1706.4337836957443,-768.5662163042557,101.07307188842938,-8,34.29957178823286,34.29957178823286,91.34941064866864,0
MA,398.0299987792969,0,0.2137435077906512,0.7862564922093488,0.6269368295589988,0.2503134141245299,0.8038808865909842,3.357027753488661,0,0,0,2388,0,2388,2388,0,1,1.0,1,0.2921541033933238,0.431557969187722,0.8038808865909842,1.9461666833446785,3.357027753488661,4.151652729818439,1.332901166406685,1.84840956659364,1.5906553665001626,0.0,0.019422794688760014,0.010163668816266798,0.0,0.0,396.3350358694691,0,1,0.0,2704.7659468110596,316.7659468110596,387.208941883142,1,102.49246907699764,102.49246907699764,386.7072493459205,0
BBY,69.48999786376953,1,0.2836596084698362,0.7163403915301638,0.9415971394517284,0.1855411617216882,0.4179820056128371,2.0493399946148134,0,0,0,0,0,0,0,0,0,1.0,1,0.300691076232611,0.40865851535156694,0.4179820056128371,1.5602678023665315,2.0493399946148134,2.843964970944591,1.1993680524952546,1.532851231717257,1.3661096421062557,0.0,0.0,0.0019220862028712694,0.0,0.0,69.14711292987484,0,1,0.0,0.0,0.0,69.14711292987484,0,19.38270168699445,19.38270168699445,66.61528434738081,0
ORLY,926.4600219726562,1,0.4686376348381941,0.5313623651618058,0.5164878823996821,0.1738403677392394,0.8778371965155575,2.7792485255816497,0,0,0,0,0,0,0,0,0,1.0,1,0.3054242573988015,0.39630518299687206,0.8778371965155575,2.0201229932692515,2.7792485255816497,3.573873501911428,1.321365031872191,1.6565781262523345,1.4889715790622629,0.0,0.0,0.005224364228854119,0.0,0.0,926.4578498473359,0,1,0.0,0.0,0.0,926.4578498473359,0,52.68353375661071,52.68353375661071,905.858217574351,0
ENPH,123.80999755859376,1,0.4958050339592489,0.5041949660407511,0.5593961064759635,0.1671541997492687,0.7310748560345048,1.9995599552120824,0,0,0,0,0,0,0,0,0,1.0,1,0.3065270683793385,0.39346030429770384,0.7310748560345048,1.873360652788199,1.9995599552120824,2.79418493154186,1.2801642555123225,1.4982479275896572,1.3892060915509898,0.0,0.0,0.001821283684509231,0.0,0.0,123.23308208643786,0,1,0.0,0.0,0.0,123.23308208643786,0,18.366188931327983,18.366188931327983,115.95716211127738,0
KR,44.15999984741211,0,0.2329204954055133,0.7670795045944866,0.8518077075883989,0.2519849561220225,0.4792895745703164,1.7600433359156962,0,0,0,442,0,442,442,0,1,1.0,1,0.3179389005363669,0.36471963333877966,0.4792895745703164,1.6215753713240106,1.7600433359156962,2.5546683122454743,1.1928015549216044,1.407871110098888,1.3003363325102462,0.0,0.004796349498837741,0.00119119843655736,0.0,0.0,44.16995937710705,0,1,0.0,667.926681064497,225.92668106449696,42.91671059257586,5,12.012283273931729,12.012283273931729,42.84046622602394,0
POOL,344.25,0,0.2668797443068318,0.7331202556931682,0.7707588398887565,0.2315085666527371,0.8242110059499083,2.554593239926978,0,0,0,0,0,0,0,0,0,1.0,1,0.32037853353305973,0.3587322195841551,0.8242110059499083,1.9664968027036025,2.554593239926978,3.349218216256756,1.2745510336685686,1.542815974863105,1.4086835042658368,0.0,0.0,0.0038122163592261486,0.0,0.0,343.4064532997987,0,1,0.0,0.0,0.0,343.4064532997987,0,38.44315220970832,38.44315220970832,330.8227436594287,0
NKE,99.91000366210938,1,0.7630842988413903,0.2369157011586097,0.957886372665872,0.1466778102799832,0.5323078890751917,2.348504691216875,0,0,0,0,0,0,0,0,0,1.0,1,0.32707885223918837,0.34255263457986895,0.5323078890751917,1.674593685828886,2.348504691216875,3.1431296675466527,1.1931657318583324,1.4803784877612622,1.3367721098097973,0.0,0.0,0.002806059661157143,0.0,0.0,99.14771639611331,0,1,0.0,0.0,0.0,99.14771639611331,0,28.29686683504086,28.29686683504086,96.21973623721915,0
LSPD,13.6899995803833,0,0.2408376963350785,0.7591623036649214,0.3598971722365038,0.4495412844036697,0.0020511216655794,2.107913887991144,27,0,14,0,0,14,41,1,1,1.0,1,0.327681370814939,0.34111607746534345,0.0020511216655794,1.1443369184192735,2.107913887991144,2.9025388643209222,1.047065089423378,1.4383382535504372,1.2427016714869077,0.011250077804511269,0.007016013155546949,0.001897008993119856,1141.0560164392623,1114.0560164392623,12.731002254706517,88,1,25.43148319953572,977.0310488059481,963.0310488059481,12.731002254706517,76,19.12981808841925,19.12981808841925,12.71574159976786,2
ORCL,108.25,0,0.2453056332401118,0.7546943667598881,0.8061183949145808,0.2808190555787714,0.6499039076176772,2.5031032660062564,0,0,0,0,0,0,0,0,0,1.0,1,0.33791121541810254,0.31716106612294265,0.6499039076176772,1.7921897043713715,2.5031032660062564,3.297728242336034,1.2032712291935592,1.4600158772408571,1.3316435532172082,0.0,0.0,0.003387176117561487,0.0,0.0,107.86049046966782,0,1,0.0,0.0,0.0,107.86049046966782,0,34.15696140471354,34.15696140471354,104.97913353783514,0
AMZN,129.7899932861328,0,0.2952457051538154,0.7047542948461846,0.3170441001191895,0.5156707062264939,0.8102415303044025,2.873903291230737,0,0,0,2855,130,2985,2985,0,1,1.0,1,0.3537582809909824,0.28153444120023713,0.8102415303044025,1.9525273270580967,2.873903291230737,3.6685282675605153,1.2072941549852467,1.4418626869345301,1.3245784209598885,0.0,0.019422794688760014,0.00515983112596838,0.0,0.0,128.7249996437594,0,1,0.0,2704.7659468110596,-280.2340531889404,138.6091718112527,-2,52.03276904049033,52.03276904049033,123.46289533346382,0
ODFL,405.0799865722656,0,0.2469037155413503,0.7530962844586496,0.3476360746920938,0.6502298370246552,1.0283195900754265,3.303434418652184,0,0,0,405,0,405,405,1,1,1.0,1,0.3544150854611485,0.28009322678321363,1.0283195900754265,2.170605386829121,3.303434418652184,4.098059394981962,1.242435991512762,1.4844959540901452,1.3634659728014538,0.02103888432207105,0.019422794688760014,0.008270802134774045,2133.9004006925393,2133.9004006925393,390.15595123277006,5,1,0.0,2704.7659468110596,2299.7659468110596,390.15595123277006,6,83.40442288748842,83.40442288748842,389.82255298005026,0
DIS,84.3499984741211,1,0.6422293248102278,0.3577706751897722,0.8895510528406834,0.1748850814876723,0.2587000491221277,2.038137056142661,0,0,0,422,0,422,422,0,1,1.0,1,0.357173497563412,0.2740692009745748,0.2587000491221277,1.400985845875822,2.038137056142661,2.8327620324724387,1.096813987258706,1.3302610000853445,1.2135374936720251,0.0,0.006667728268090809,0.001680675633593948,0.0,0.0,83.72853139093274,0,1,0.0,928.529835748002,506.52983574800203,81.2140015038307,6,16.94826922428809,16.94826922428809,81.16223165729677,0
LYB,92.68000030517578,0,0.2113463843387934,0.7886536156612065,0.9340484704012714,0.3886335144170497,0.369899382067118,2.754117720203552,0,0,0,0,0,0,0,0,0,1.0,1,0.3581963155136158,0.27184709685969183,0.369899382067118,1.5121851788208123,2.754117720203552,3.5487426965333295,1.1189871302320322,1.4110297129718858,1.265008421601959,0.0,0.0,0.004315009903175196,0.0,0.0,91.86256070332026,0,1,0.0,0.0,0.0,91.86256070332026,0,43.51342286559931,43.51342286559931,88.58936481724503,0
MDB,350.67999267578125,0,0.3223860589812332,0.6776139410187667,0.3605577689243028,0.4573082489146165,0.9307381599937892,3.6742654714282055,0,0,0,0,0,0,0,1,1,1.0,1,0.3721133019601319,0.24219776677710744,0.9307381599937892,2.0730239567474835,3.6742654714282055,4.468890447757984,1.1931110268089662,1.4370666714471863,1.315088849128076,0.02103888432207105,0.019422794688760014,0.011280913305035431,2133.9004006925393,2133.9004006925393,321.3978478057932,7,1,0.0,2704.7659468110596,2704.7659468110596,321.3978478057932,8,113.75898595063828,113.75898595063828,320.7132058125162,0
GTLS,157.38999938964844,0,0.306432281262485,0.693567718737515,0.3440603893524036,0.5478478896782282,0.3252435695893771,2.175432569188777,0,0,0,0,0,0,0,0,0,1.0,1,0.3752272729263037,0.2357035956144799,0.3252435695893771,1.4675293663430713,2.175432569188777,2.9700575455185545,1.0946243576790813,1.2925054359825379,1.1935648968308095,0.0,0.0,0.001997541571923628,0.0,0.0,156.2408954368894,0,1,0.0,0.0,0.0,156.2408954368894,0,20.143608719592248,20.143608719592248,147.5020109978622,0
AZO,2552.699951171875,1,0.4286855773072313,0.5713144226927687,0.4481525625744934,0.3033848725449227,0.8437582768216422,2.3169641838369617,0,0,0,0,0,0,0,0,0,1.0,1,0.38166782022426565,0.22242071734556,0.8437582768216422,1.9860440735753364,2.3169641838369617,3.11158916016674,1.164873863134321,1.287210179700442,1.2260420214173815,0.0,0.0,0.002471864657191136,0.0,0.0,2549.145388742004,0,1,0.0,0.0,0.0,2549.145388742004,0,24.926777576046852,24.926777576046852,2482.6987435909555,0
NET,61.15999984741211,0,0.3467980295566502,0.6532019704433498,0.3828960155490767,0.4408839779005525,0.772604824919181,3.379283191202011,0,61,367,122,0,489,550,0,1,1.0,1,0.38643020551212326,0.21272113617982738,0.772604824919181,1.9148906216728752,3.379283191202011,4.173908167531789,1.1482011733137885,1.3551974897599153,1.2516993315368519,0.0,0.019422794688760014,0.008170749801769156,0.0,0.0,60.051276805751854,0,1,0.0,2704.7659468110596,2215.7659468110596,55.042087421263545,40,82.39547515100051,21.39547515100051,54.776890861988605,0
TDG,857.0900268554688,0,0.3276068717538953,0.6723931282461046,0.8466428287644021,0.2904304220643544,0.8533421049154427,3.410230666253385,0,0,0,0,0,0,0,0,0,1.0,1,0.3907908770344913,0.20392561155654723,0.8533421049154427,1.995627901669137,3.410230666253385,4.204855642583163,1.1513143275705904,1.3402901398140006,1.2458022336922956,0.0,0.0,0.008376137550095489,0.0,0.0,852.3850580075837,0,1,0.0,0.0,0.0,852.3850580075837,0,84.46664628267291,84.46664628267291,821.5906988014019,0
ADSK,209.47000122070312,0,0.4011186576108669,0.598881342389133,0.4135876042908224,0.369828666945257,0.6325892007655805,3.2997262049188496,0,0,0,0,0,0,0,0,0,1.0,1,0.3939670447104663,0.19756848987924372,0.6325892007655805,1.7748749975192748,3.2997262049188496,4.094351181248627,1.120024958025246,1.3211389108662783,1.2205819344457622,0.0,0.0,0.00737730318445784,0.0,0.0,207.71504691274734,0,1,0.0,0.0,0.0,207.71504691274734,0,74.39420077270974,74.39420077270974,200.09970476775132,0
DOCS,21.600000381469727,1,0.4162257495590828,0.5837742504409171,0.5851979345955249,0.2888402625820569,-0.1406699550670593,-1.3879909756196973,4385,0,0,1361,0,1361,5746,1,1,1.0,1,0.3961187171349658,0.1932845910353903,-0.1406699550670593,1.001615841686635,0.2053750236702221,1.0,1.000312113940832,1.0,1.000156056970416,0.004590749514205633,9.44365404297132e-05,2.151087628110836e-05,465.6236556025776,-3919.376344397422,23.732837591443033,-165,1,0.0,13.150977641582699,-1347.8490223584172,23.732837591443033,-57,0.2169199785939529,0.2169199785939529,19.64532296223009,0
SE,45.56999969482422,1,0.772635814889336,0.227364185110664,0.8564784053156146,0.1991310644460535,0.5883684425761924,1.585959077609428,1595,0,0,592,0,592,2187,1,1,1.0,1,0.4008733278689141,0.1838807284420456,0.5883684425761924,1.7306542393298865,1.585959077609428,2.380584053939206,1.106120103031204,1.1729104080171766,1.1395152555241903,0.02103888432207105,0.0033538289318413906,0.0007871265429655603,2133.9004006925393,538.9004006925393,41.31191160430025,13,1,0.0,467.045161710116,-124.95483828988398,51.514649895222654,-2,7.937541484573302,7.937541484573302,41.14570877828931,0
TSLA,251.1199951171875,0,0.3391929684378745,0.6608070315621255,0.322606277314263,0.7150020894274969,0.8183891802405155,3.143993126433936,0,0,0,1507,0,1507,1507,0,1,1.0,1,0.4028724629977604,0.17995148508948122,0.8183891802405155,1.9606749769942098,3.143993126433936,3.938618102763714,1.1288047365606486,1.2797732081106576,1.2042889723356531,0.0,0.019422794688760014,0.006232991481289835,0.0,0.0,248.2474746041319,0,1,0.0,2704.7659468110596,1197.7659468110596,231.08537387610602,5,62.85473269562294,62.85473269562294,230.28408265358618,0
KKR,60.25,0,0.2341190571314422,0.7658809428685578,0.6777910210568137,0.5975762641036356,0.5840178681038127,2.6684840948123045,0,0,0,0,0,0,0,0,0,1.0,1,0.4043051141885591,0.17714434976594454,0.5840178681038127,1.726303664857507,2.6684840948123045,3.4631090711420827,1.1015493812990902,1.2461300927106256,1.1738397370048579,0.0,0.0,0.0036313141339089903,0.0,0.0,59.74285257755019,0,1,57.2463143519111,0.0,0.0,59.74285257755019,0,36.618897989165035,36.618897989165035,57.2463143519111,1
LULU,377.6900024414063,0,0.4047143427886536,0.5952856572113464,0.4318633293603496,0.4045131633932302,0.6128777843348104,1.8696207241309497,378,0,0,378,0,378,756,1,1,1.0,1,0.4133066332974886,0.15966438728569096,0.6128777843348104,1.7551635810885047,1.8696207241309497,2.664245700460728,1.0939785827608886,1.1693622124244532,1.131670397592671,0.02103888432207105,0.005203678477260271,0.0012263300860336436,2133.9004006925393,1755.9004006925393,358.2117836622484,5,1,0.0,724.6502148113767,346.6502148113767,358.2117836622484,1,12.366557853580467,12.366557853580467,356.7284244515359,0
PINS,26.6200008392334,0,0.3724261414503133,0.6275738585496866,0.3801945181255526,0.5431976166832175,0.362089429520352,3.577052223799884,160,0,0,133,0,133,293,1,1,1.0,1,0.41921225437194337,0.14833375145852207,0.362089429520352,1.5043752262740462,3.577052223799884,4.371677200129662,1.0624485459273125,1.2445998206191151,1.153524183273214,0.02103888432207105,0.019422794688760014,0.009061693807517274,2133.9004006925393,1973.9004006925393,24.902049000435447,79,1,99.28497354789799,2704.7659468110596,2571.7659468110596,24.902049000435447,103,91.3799326937657,91.3799326937657,24.821243386974498,4
TJX,88.5999984741211,0,0.2552936476228525,0.7447063523771474,0.8235995232419547,0.506059339740911,0.6202493474004925,3.140622719799141,0,0,0,0,0,0,0,0,0,1.0,1,0.4221016298831508,0.14282666584328282,0.6202493474004925,1.7625351441541868,3.140622719799141,3.9352476961289193,1.0843139352597577,1.2161240510119298,1.1502189931358437,0.0,0.0,0.0059327925266221965,0.0,0.0,88.09094821178239,0,1,85.21444564970282,0.0,0.0,88.09094821178239,0,59.827466396963544,59.827466396963544,85.21444564970282,1
MSFT,327.7300109863281,1,0.4155013983220136,0.5844986016779864,0.855383392928089,0.2833263685750104,1.0330841134309892,3.375498223451571,0,0,0,2622,0,2622,2622,0,1,1.0,1,0.42222028766565584,0.14260099817640198,1.0330841134309892,2.1753699101846835,3.375498223451571,4.170123199781349,1.117204199223218,1.225840173722468,1.171522186472843,0.0,0.019422794688760014,0.007619674048793017,0.0,0.0,324.4622717010247,0,1,0.0,2704.7659468110596,82.76594681105962,314.8318151894775,0,76.83831704283854,76.83831704283854,313.6985062507345,0
UVE,13.720000267028809,1,0.5725129844186976,0.4274870155813024,0.9761620977353992,0.2388215628917676,0.4702449038643884,2.234705345386499,0,0,0,0,0,0,0,0,0,1.0,1,0.43113781356205555,0.12574590758729667,0.4702449038643884,1.6125307006180827,2.234705345386499,3.0293303217162766,1.0619236199828517,1.1495486853066363,1.105736152644744,0.0,0.0,0.0020027575146342037,0.0,0.0,13.639004549183303,0,1,26.12823090757683,0.0,0.0,13.639004549183303,0,20.196207329074234,20.196207329074234,13.064115453788416,2
RIVN,19.299999237060547,0,0.3063829787234042,0.6936170212765957,0.4628099173553719,0.7,-0.5513752396255209,0.9459496484325006,0,0,0,19,0,19,19,0,1,1.0,1,0.43775332947307466,0.11336482703858336,-0.14228579675369427,1.0,0.9459496484325006,1.7405746247622784,1.0,1.0648442261598128,1.0324221130799063,0.0,0.0008665130980918352,0.00020380658981845927,0.0,0.0,18.895402941330403,0,1,0.0,120.66827445490411,101.66827445490411,17.181503635912755,6,2.055226413047307,2.055226413047307,17.014200782139753,0
AMD,105.08999633789062,1,0.4482620854974031,0.5517379145025969,0.4676201827572507,0.4061847053907229,0.8473598910114137,2.3035426146901234,0,0,0,1156,0,1156,1156,1,1,1.0,1,0.43915766110331617,0.11074885753271463,0.8473598910114137,1.9896456877651079,2.3035426146901234,3.0981675910199016,1.0791680334599913,1.1334159170551503,1.1062919752575708,0.02103888432207105,0.009386706516170008,0.0021921977195636503,2133.9004006925393,2133.9004006925393,98.25449665091776,22,1,0.0,1307.1674053342415,151.1674053342415,98.25449665091776,2,22.10656024362376,22.10656024362376,97.81438151211705,0
TTWO,142.8300018310547,1,0.48381941669996,0.5161805833000399,0.4596742153357171,0.4233180108650229,0.7862408081109734,2.459040460175942,1714,0,0,1428,0,1428,3142,1,1,1.0,1,0.45422674860969464,0.08291366864204261,0.7862408081109734,1.9285266048646676,2.459040460175942,3.2536654365057203,1.0559639788403308,1.1027643461609593,1.079364162500645,0.02103888432207105,0.011172367679764846,0.0026016561840089933,2133.9004006925393,419.9004006925393,136.01856019281578,3,1,0.0,1555.833757691317,127.83375769131703,136.01856019281578,1,26.235621290783488,26.235621290783488,135.73643118321877,0
ABBV,147.9600067138672,0,0.3579704354774271,0.6420295645225729,0.9435836313071116,0.3890513999164229,0.7246108023160154,2.983602993730578,0,0,0,0,0,0,0,0,0,1.0,1,0.46702269343821723,0.059553572728668555,0.7246108023160154,1.8668965990697095,2.983602993730578,3.778227970060356,1.0378776991861371,1.0823795351678944,1.060128617177016,0.0,0.0,0.004646238788521147,0.0,0.0,147.09382057304066,0,1,0.0,0.0,0.0,147.09382057304066,0,46.85360119120495,46.85360119120495,143.15539783095278,0
OKTA,83.08000183105469,0,0.5212046711739398,0.4787953288260602,0.4436319317489335,0.4522083058668424,0.6313515853921902,3.679926476978954,2077,83,249,2243,0,2492,4652,1,1,1.0,1,0.46991574223055477,0.05429917656466393,0.6313515853921902,1.7736373821458844,3.679926476978954,4.474551453308732,1.0316043280716474,1.0847637464605022,1.058184037266075,0.02103888432207105,0.019422794688760014,0.00912324976762316,2133.9004006925393,56.90040069253928,75.8359939113393,1,1,0.0,2704.7659468110596,212.76594681105962,75.8359939113393,3,92.00067530666546,9.000675306665457,75.50272410867358,0
STE,222.32000732421875,0,0.2904514582500999,0.7095485417499001,0.789829161700437,0.6017551190973673,0.81340902294376,3.864390472607324,0,0,0,0,0,0,0,0,0,1.0,1,0.47089712692596536,0.052518685789813245,0.81340902294376,1.9556948196974542,3.864390472607324,4.659015448937102,1.035854483564039,1.0841713598657874,1.0600129217149132,0.0,0.0,0.0107418255395461,0.0,0.0,220.16347051913485,0,1,211.99154475078458,0.0,0.0,220.16347051913485,0,108.32271710589077,108.32271710589077,211.99154475078458,1
CSCO,53.77000045776367,0,0.3132241310427487,0.6867758689572513,0.929678188319428,0.4872544922691182,0.5876985624430562,3.573516995346322,0,0,0,0,0,0,0,0,0,1.0,1,0.47464158693553876,0.045733404049924146,0.5876985624430562,1.7299843591967505,3.573516995346322,4.3681419716761,1.0253838644347077,1.0697516124156548,1.0475677384251814,0.0,0.0,0.00820274912158505,0.0,0.0,53.38773106020163,0,1,103.80727809049057,0.0,0.0,53.38773106020163,0,82.71816269188795,82.71816269188795,51.903639045245285,2
TMUS,141.6699981689453,1,0.5932880543347983,0.4067119456652017,0.5538339292808899,0.3752611784371082,0.7452497538867333,3.2538612944454286,0,0,0,1417,0,1417,1417,0,1,1.0,1,0.48733513572410975,0.022807731750503043,0.7452497538867333,1.8875355506404277,3.2538612944454286,4.048486270775206,1.0145945902200935,1.032407066119694,1.0235008281698939,0.0,0.019422794688760014,0.005913562821521501,0.0,0.0,140.8225814688642,0,1,0.0,2704.7659468110596,1287.7659468110596,136.81691765565623,9,59.63355020478711,59.63355020478711,135.43986435028484,0
ENSG,95.63999938964844,1,0.5489412704754295,0.4510587295245705,0.710766785856178,0.3451734224822398,0.7928046896009207,2.816471844166512,0,0,0,0,0,0,0,0,0,1.0,1,0.48973881456354906,0.01847597026585536,0.7928046896009207,1.935090486354615,2.816471844166512,3.6110968204962903,1.0122716738987376,1.0240069966946894,1.0181393352967136,0.0,0.0,0.0037235233447413503,0.0,0.0,95.27878285630703,0,1,0.0,0.0,0.0,95.27878285630703,0,37.54875411304072,37.54875411304072,90.82193419368558,0
ANET,189.8500061035156,0,0.4607173356105892,0.5392826643894107,0.4286926994906621,0.7011648745519713,0.8598297550623756,2.3010458009343115,380,0,0,570,0,570,950,1,1,1.0,1,0.5059534174831366,-0.010717291058500064,0.8598297550623756,2.00211555181607,2.3010458009343115,3.0956707772640897,0.9925876176379869,0.9879624497089005,0.9902750336734436,0.02103888432207105,0.008605824076016943,0.0019559837078576264,2133.9004006925393,1753.9004006925393,176.7643231568963,10,1,0.0,1198.423825101114,628.4238251011141,176.7643231568963,4,19.724530906777872,19.724530906777872,174.0345708027519,0
NVDA,454.6099853515625,0,0.4035157810627247,0.5964842189372752,0.5260230433055224,0.6916005014625992,1.276510088786593,3.6691134548773072,0,0,0,2273,0,2273,2273,0,1,1.0,1,0.5150040707674224,-0.02702558201775954,1.050386438318825,2.1926722350725196,3.6691134548773072,4.463738431207085,0.9790051735476183,0.9603764755946358,0.9696908245711271,0.0,0.019422794688760014,0.008279775661000412,0.0,0.0,445.74344321120054,0,1,0.0,2704.7659468110596,431.7659468110596,414.25387649279884,1,83.49491372066035,83.49491372066035,409.8911948726744,0
LRCX,645.1199951171875,1,0.449460647223332,0.550539352776668,0.8351211760031784,0.4195570413706644,0.863608397925704,3.950766877203979,0,0,0,1290,0,1290,1290,1,1,1.0,1,0.5167258969031694,-0.03013190738346648,0.863608397925704,2.0058941946793984,3.9093062029975854,4.7039311793273635,0.9792439176243325,0.9544154667364294,0.966829692180381,0.02103888432207105,0.019422794688760014,0.010180852590631825,2133.9004006925393,2133.9004006925393,601.2300080836314,4,1,0.0,2704.7659468110596,1414.7659468110596,601.2300080836314,2,102.66575369444944,102.66575369444944,597.2444581744925,0
SNOW,157.16000366210938,1,0.5269382391590013,0.4730617608409987,0.5303225806451612,0.5099846390168971,0.0961466590047349,1.475671109552786,314,0,0,471,0,471,785,1,1,1.0,1,0.5222619597687733,-0.040131211799575336,0.0961466590047349,1.2384324557584292,1.475671109552786,2.270296085882564,0.9914548031003091,0.9676314553043567,0.9795431292023329,0.010381930947721836,0.002486608782875386,0.0005596852960608959,1053.0029192691088,739.0029192691088,141.6212186041189,5,1,0.0,346.27842525951246,-124.72157474048754,171.75253880633204,-1,5.643978462537286,5.643978462537286,139.16815423857665,0
FICO,895.3400268554688,0,0.4794246903715541,0.5205753096284459,0.4974175605880016,0.608441287087338,0.989176433756607,3.375958752652005,0,0,0,0,0,0,0,0,0,1.0,1,0.5226698758653182,-0.040868806287528106,0.989176433756607,2.1314622305103015,3.375958752652005,4.170583728981783,0.9695435848994204,0.9433075171192172,0.9564255510093188,0.0,0.0,0.006223416702271533,0.0,0.0,887.3550992486219,0,1,0.0,0.0,0.0,887.3550992486219,0,62.75817870904659,62.75817870904659,843.6761886987806,0
APO,87.55999755859375,0,0.298841390331602,0.7011586096683979,0.8367103694874851,0.868366067697451,0.6450653572205726,2.935477309762644,0,0,0,0,0,0,0,0,0,1.0,1,0.5269628031772431,-0.04863917299911639,0.6450653572205726,1.7873511539742668,2.935477309762644,3.7301022860924222,0.9721487448084432,0.9379765393845055,0.9550626420964743,0.0,0.0,0.003976538166768776,0.0,0.0,86.42813827514951,0,1,0.0,0.0,0.0,86.42813827514951,0,40.10020618132968,40.10020618132968,80.91699197413483,0
GIL,29.26000022888184,1,0.6955653216140631,0.3044346783859368,0.953118792212952,0.3497701629753447,0.2832052604215485,2.040688101947368,0,0,0,0,0,0,0,0,0,1.0,1,0.5611790931613372,-0.11137578430533206,0.2832052604215485,1.4254910571752428,2.040688101947368,2.835313078277146,0.9612848180441834,0.8904124141119864,0.9258486160780849,0.0,0.0,0.001286869178546736,0.0,0.0,28.853093426981367,0,1,0.0,0.0,0.0,28.853093426981367,0,12.977046170300993,12.977046170300993,27.55186966289116,0
RVLV,14.510000228881836,1,0.7442289935364728,0.2557710064635272,0.6836827711941659,0.4018499486125385,0.0793322051928057,1.2613085399097108,0,0,0,334,0,334,334,0,1,1.0,1,0.5665904103889152,-0.12148312637604615,0.0793322051928057,1.2216180019465,1.2613085399097108,2.055933516239489,0.975975269067371,0.9161670747159424,0.9460711718916567,0.0,0.0016461887133270995,0.00036353849786426403,0.0,0.0,14.137593717784915,0,1,0.0,229.24379550840587,-104.75620449159413,15.730596547996026,-7,3.665994920162811,3.665994920162811,12.902597124093267,0
CDW,207.25999450683597,0,0.3951258489812225,0.6048741510187774,0.8228049264998013,0.651901379022148,0.9620919251748006,4.113548035123478,0,0,0,0,0,0,0,0,0,1.0,1,0.5681636873537824,-0.12443396002577974,0.9620919251748006,2.104377721928495,3.9093062029975854,4.7039311793273635,0.9115750690036842,0.8247513211147686,0.8681631950592263,0.0,0.0,0.009141880503873588,0.0,0.0,204.36176995930578,0,1,0.0,0.0,0.0,204.36176995930578,0,92.18855137716203,92.18855137716203,196.0678065528111,0
RBLX,30.51000022888184,1,0.7706708268330733,0.2293291731669267,0.7419847328244275,0.3822975517890772,0.035293850561528,0.6958698866312337,946,0,0,92,0,92,1038,1,1,1.0,1,0.5702260979107558,-0.12831099326305856,0.035293850561528,1.1775796473152222,0.6958698866312337,1.4904948629610115,0.9792445547438414,0.9500791633933227,0.964661859068582,0.008332969937596172,0.0004562655092435118,0.00010239703347816001,845.1839753755982,-100.81602462440185,34.12596088721558,-3,1,0.0,63.53830290037649,-28.461697099623507,34.12596088721558,-1,1.032592165000461,1.032592165000461,26.055734060814732,0
NVEE,105.58999633789062,1,0.7786656012784658,0.2213343987215341,0.7485101311084624,0.3798579189302131,0.7630826397793127,2.6300019913069224,0,0,0,0,0,0,0,0,0,1.0,1,0.5711240970189391,-0.1300022921223088,0.7630826397793127,1.9053684365330068,2.6300019913069224,3.4246269676367005,0.9196066276578945,0.8521166458539667,0.8858616367559307,0.0,0.0,0.002620651772904656,0.0,0.0,105.13223615127333,0,1,0.0,0.0,0.0,105.13223615127333,0,26.42717660832513,26.42717660832513,99.65226045893873,0
CPRT,45.75,1,0.6244506592089493,0.3755493407910507,0.7103694874851013,0.4534057668198913,1.055770362420542,3.863846092941178,0,0,0,0,0,0,0,0,0,1.0,1,0.5753016529061669,-0.13789675906934593,1.050386438318825,2.1926722350725196,3.863846092941178,4.658471069270956,0.8973891812338526,0.8088191038539764,0.8531041425439145,0.0,0.0,0.008641039586541674,0.0,0.0,45.37589759978254,0,1,87.63838303997706,0.0,0.0,45.37589759978254,0,87.13797139860354,87.13797139860354,43.81919151998853,2
SMCI,285.20001220703125,0,0.536556132640831,0.463443867359169,0.457290425109257,0.9740910990388634,0.8265820446095403,2.22882995610219,0,0,0,0,0,0,0,0,0,1.0,1,0.5908850056672311,-0.16777117360716784,0.8265820446095403,1.9688678413632346,2.22882995610219,3.023454932431968,0.8925631268787176,0.8305874485782582,0.8615752877284879,0.0,0.0,0.0015484513478266082,0.0,0.0,278.5950822256697,0,1,0.0,0.0,0.0,278.5950822256697,0,15.614893081753081,15.614893081753081,255.0540519454072,0
MPC,148.1999969482422,0,0.3803435876947663,0.6196564123052337,0.857767183154549,0.7831174258253238,0.6434255095576926,3.097183510455089,0,0,0,0,0,0,0,0,0,1.0,1,0.5914865105721279,-0.16893912631864522,0.6434255095576926,1.785711306311387,3.097183510455089,3.891808486784867,0.9066908389199976,0.7948777267860436,0.8507842828530205,0.0,0.0,0.004197740954782653,0.0,0.0,145.66934010422838,0,1,0.0,0.0,0.0,145.66934010422838,0,42.33085933621923,42.33085933621923,138.143135188598,0
META,314.69000244140625,1,0.5245705153815422,0.4754294846184578,0.5442987683750496,0.8875888006686168,0.6830401045736635,2.785948397382018,0,0,0,0,0,0,0,0,0,1.0,1,0.6159916972493087,-0.21764128068561933,0.6830401045736635,1.8253259013273577,2.785948397382018,3.580573373711796,0.8772462836707826,0.7575949159133262,0.8174205997920544,0.0,0.0,0.0028896565140575058,0.0,0.0,303.445226445509,0,1,0.0,0.0,0.0,303.445226445509,0,29.139874219058697,29.139874219058697,286.0329431832328,0
AXON,215.42999267578125,1,0.7211346384338794,0.2788653615661206,0.7377830750893921,0.4897618052653573,0.7849098573712829,2.191025538273744,646,0,0,1723,0,1723,2369,1,1,1.0,1,0.6271002069852203,-0.24055296950826033,0.7849098573712829,1.927195654124977,2.191025538273744,2.985650514603522,0.8540046804408855,0.7686488205757761,0.8113267505083308,0.02103888432207105,0.006406497655573914,0.0013865706674854312,2133.9004006925393,1487.9004006925393,201.78740347296338,7,1,0.0,892.1515659715532,-830.8484340284468,224.8619423995309,-4,13.982455925056584,13.982455925056584,198.40477723984023,0
GOOG,138.5800018310547,0,0.5553335996803835,0.4446664003196164,0.5633690901867302,0.8357709987463435,0.7982351777547176,3.1329032119957643,0,0,0,0,0,0,0,0,1,1.0,1,0.6286336748085779,-0.24376283069020668,0.7982351777547176,1.940520974508412,3.1329032119957643,3.9275281883255424,0.8507779197500035,0.716433351620664,0.7836056356853338,0.0,0.019111641646768072,0.004010191634181847,0.0,0.0,136.7579444761269,0,1,0.0,2661.4356142964753,2661.4356142964753,132.20907557859678,20,40.439574477416585,40.439574477416585,130.8828795210837,0
CNC,71.06999969482422,1,0.8150219736316421,0.1849780263683579,0.6722288438617402,0.5265357292101964,0.5983207865135842,2.761788038184568,0,0,0,0,0,0,0,0,0,1.0,1,0.6502294744558628,-0.2903426458712053,0.5983207865135842,1.7406065832672786,2.761788038184568,3.556413014514346,0.8513621623110603,0.6918591080069492,0.7716106351590047,0.0,0.0,0.0026548335749092826,0.0,0.0,70.19423156650092,0,1,0.0,0.0,0.0,70.19423156650092,0,26.771872736100185,26.771872736100185,66.55946012348664,0
PRI,205.3999938964844,1,0.7538953256092689,0.2461046743907311,0.9515295987286452,0.4634350188048475,0.7173495936469423,3.3784946406931016,0,0,0,0,0,0,0,0,0,1.0,1,0.6614947525961863,-0.3157943228213454,0.7173495936469423,1.8596353904006366,3.3784946406931016,4.17311961702288,0.8220840639930952,0.636886423724655,0.729485243858875,0.0,0.0,0.004758282010214437,0.0,0.0,203.11093046202177,0,1,0.0,0.0,0.0,203.11093046202177,0,47.98346744740442,47.98346744740442,195.76724273258378,0
SAIC,114.04000091552734,1,0.7958449860167799,0.2041550139832201,0.9781485895907828,0.4989552862515671,0.6169050737698442,3.3538214037946728,0,0,0,0,0,0,0,0,0,1.0,1,0.7004349025273231,-0.41163233260166043,0.6169050737698442,1.7591908705235384,3.3538214037946728,4.148446380124451,0.7925401139565941,0.5567476058545756,0.6746438599055848,0.0,0.0,0.00429741038976004,0.0,0.0,113.03380894310277,0,1,0.0,0.0,0.0,113.03380894310277,0,43.33594585241819,43.33594585241819,108.5915636557416,0
VRTX,371.0,1,0.9093088294047144,0.0906911705952856,0.7953913388955105,0.5415796071876305,0.6134652744317717,2.2913246526702067,371,0,0,0,0,0,371,1,1,1.0,1,0.7137028986972421,-0.4477611260536358,0.6134652744317717,1.755751071185466,2.2913246526702067,3.085949628999985,0.7772111058961312,0.6037688530611259,0.6904899794786286,0.02103888432207105,0.0066542462746569725,0.0013467998060603416,2133.9004006925393,1762.9004006925393,353.58652806025754,5,1,0.0,926.6523697437883,926.6523697437883,353.58652806025754,3,13.581398604273696,13.581398604273696,351.55491180696447,0
ADBE,548.760009765625,1,0.5972832600878946,0.4027167399121054,0.6801748112832737,0.9816130380275804,0.8940648046925581,3.687417106762445,0,0,0,0,0,0,0,0,1,1.0,1,0.7206014173327577,-0.4673999957879039,0.8940648046925581,2.0363506014462525,3.687417106762445,4.482042083092223,0.7172033640009423,0.49602110225275375,0.606612233126848,0.0,0.019422794688760014,0.005265082939888231,0.0,0.0,540.6056484313393,0,1,0.0,2704.7659468110596,2704.7659468110596,519.5650986444115,5,53.094149382420895,53.094149382420895,511.09671688278826,0
VEEV,216.1100006103516,1,0.8333333333333334,0.1666666666666666,0.6991255961844197,0.6676421404682275,0.6340794036660798,2.483820087530363,216,0,0,216,0,216,432,1,1,1.0,1,0.7267148659224507,-0.4853403348977784,0.6340794036660798,1.776365200419774,2.483820087530363,3.278445063860141,0.756644589628492,0.5619860864640113,0.6593153380462516,0.02103888432207105,0.00825216901689062,0.001638155615654324,2133.9004006925393,1917.9004006925393,205.32804571246766,9,1,0.0,1149.174776435842,933.174776435842,205.32804571246766,5,16.519488859381333,16.519488859381333,202.7534020928974,0
TRGP,87.22000122070312,1,0.6947662804634439,0.3052337195365561,0.9451728247914184,0.6473046385290431,0.4140523417750018,2.5438060803824065,0,0,0,0,0,0,0,0,0,1.0,1,0.742168604833445,-0.5331867118940387,0.4140523417750018,1.556338138528696,2.5438060803824065,3.338431056712184,0.7899011046523939,0.5258406339766698,0.6578708693145319,0.0,0.0,0.0017575214603057778,0.0,0.0,86.19001536477543,0,1,0.0,0.0,0.0,86.19001536477543,0,17.72319791001552,17.72319791001552,82.33059442570065,0
CHTR,449.2699890136719,0,0.682780663204155,0.317219336795845,0.6789829161700437,0.9226911826159632,0.5502779247179036,2.78835048943624,0,0,0,0,0,0,0,0,0,1.0,1,0.7460503129177226,-0.5458227364611227,0.5502779247179036,1.6925637214715978,2.78835048943624,3.582975465766018,0.7503345205518458,0.49828878621151623,0.624311653381681,0.0,0.0,0.002212927124327906,0.0,0.0,443.8186764814999,0,1,0.0,0.0,0.0,443.8186764814999,0,22.315599707147467,22.315599707147467,419.4209253165265,0
CF,84.55000305175781,0,0.6076707950459449,0.3923292049540551,0.8923321414382201,0.812787296280819,0.4502526456177068,1.9104315723301213,0,0,0,0,0,0,0,0,0,1.0,1,0.7506340951734627,-0.5610935988653959,0.4502526456177068,1.592538442371401,1.9104315723301213,2.705056548659899,0.7702090847863756,0.5721483072041933,0.6711786959952845,0.0,0.0,0.0007729188331798944,0.0,0.0,83.54262993797465,0,1,0.0,0.0,0.0,83.54262993797465,0,7.79426809755269,7.79426809755269,77.34424936581495,0
QLYS,161.02000427246094,0,0.7982421094686376,0.2017578905313624,0.6527612236789829,0.8570831592143753,0.6927667104533503,2.901420650637471,0,0,0,0,0,0,0,0,0,1.0,1,0.7592141217603334,-0.5907644858632058,0.6927667104533503,1.8350525072070445,2.901420650637471,3.6960456269672486,0.6986277500165265,0.4619563611833651,0.5802920555999458,0.0,0.0,0.0023290899074038824,0.0,0.0,158.9972140716376,0,1,0.0,0.0,0.0,158.9972140716376,0,23.487008444242228,23.487008444242228,146.3029022625993,0
AVGO,883.1799926757812,1,0.6356372353176188,0.3643627646823811,0.9709972189114024,0.7914751358127873,1.116340645299756,3.738598083354761,0,0,0,0,0,0,0,0,0,1.0,1,0.7758840699381965,-0.6529747856444891,1.050386438318825,2.1926722350725196,3.738598083354761,4.533223059684539,0.5988978582837944,0.372720020719683,0.4858089395017387,0.0,0.0,0.004412494654638602,0.0,0.0,871.2526715592707,0,1,0.0,0.0,0.0,871.2526715592707,0,44.49647859630659,44.49647859630659,835.6617872088531,0
FN,173.17999267578125,0,0.7734718337994406,0.2265281662005593,0.6523639253079062,0.9954032595068952,0.7780639441988905,3.1564246571134564,0,0,0,0,0,0,0,0,0,1.0,1,0.7832128062630114,-0.6825017616541549,0.7780639441988905,1.9203497409525847,3.1564246571134564,3.951049633443234,0.6406080986350172,0.39150983610705575,0.5160589673710365,0.0,0.0,0.0027048276886114313,0.0,0.0,170.24682094391747,0,1,0.0,0.0,0.0,170.24682094391747,0,27.27602337749539,27.27602337749539,160.27538182931033,0
MOH,348.9100036621094,1,0.8917299240910906,0.1082700759089093,0.7930075486690504,0.69828666945257,0.8006622450286354,2.314905422583811,0,0,0,0,0,0,0,0,0,1.0,1,0.7864696978944276,-0.696101187247523,0.8006622450286354,1.9429480417823295,2.314905422583811,3.1095303989135887,0.6297987949717408,0.453977741552941,0.5418882682623409,0.0,0.0,0.0010896306457421146,0.0,0.0,346.1368403716209,0,1,0.0,0.0,0.0,346.1368403716209,0,10.98805335779263,10.98805335779263,328.4983448300341,0
FAST,60.119998931884766,1,0.9632441070715142,0.0367558929284858,0.9956297179181566,0.5975762641036356,0.578707908740432,3.090509269418644,0,0,0,0,0,0,0,0,0,1.0,1,0.807325243162894,-0.7911965426284211,0.578707908740432,1.7209937054941262,3.090509269418644,3.8851342457484215,0.6508070476908717,0.3417149558200669,0.4962610017554693,0.0,0.0,0.0024317817813013197,0.0,0.0,59.70030057675578,0,1,0.0,0.0,0.0,59.70030057675578,0,24.522573838998767,24.522573838998767,57.03056734237696,0
MTDR,63.5099983215332,1,0.8262085497403117,0.1737914502596883,0.867699642431466,0.7718345173422482,0.5484962095173921,2.649498304312013,0,0,0,0,0,0,0,0,0,1.0,1,0.8200227244776771,-0.8571388633970701,0.5484962095173921,1.6907820062710863,2.649498304312013,3.444123280641791,0.6375250279141895,0.3464567151954018,0.49199087155479565,0.0,0.0,0.0014888883495293808,0.0,0.0,62.16876673976027,0,1,0.0,0.0,0.0,62.16876673976027,0,15.01424789432418,15.01424789432418,58.46085585840596,0
CRWD,185.72000122070312,1,0.9425925925925924,0.0574074074074074,0.7943327239488117,0.7587628865979381,0.7442235383231064,3.1540434187537203,0,0,0,371,0,371,371,0,1,1.0,3,0.8246840442569517,-0.8831740977035606,0.7442235383231064,1.8865093350768007,3.1540434187537203,3.948668395083498,0.5708804201479394,0.297324175531442,0.4341022978396907,0.0,0.01310244493981955,0.006809360501405929,0.0,0.0,180.80993715857053,0,1,0.0,1824.6111057179328,1453.6111057179328,170.1316001140019,9,68.66695316827767,68.66695316827767,165.24984095598614,0
MUSA,359.8800048828125,1,0.8693567718737515,0.1306432281262485,0.8438617401668653,0.790639364814041,0.8840822726736919,2.2028607471942894,0,0,0,0,0,0,0,0,0,1.0,1,0.8333094594303352,-0.9342974463034288,0.8840822726736919,2.0263680694273862,2.2028607471942894,2.9974857235240675,0.5169325081483954,0.3585642915661124,0.4377483998572539,0.0,0.0,0.0007600521529436096,0.0,0.0,357.378182933065,0,1,0.0,0.0,0.0,357.378182933065,0,7.664517920713947,7.664517920713947,343.45469644223357,0
PANW,259.3999938964844,1,0.8749500599280863,0.1250499400719137,0.8359157727453318,0.7981613038027581,0.9390999658987432,2.458500628321699,2075,0,0,2075,0,2075,4150,1,1,1.0,1,0.835167283842484,-0.9458505000480925,0.9390999658987432,2.0813857626524372,2.458500628321699,3.253125604651477,0.4999033573317999,0.32767250552805316,0.41378793142992654,0.02103888432207105,0.0052855954718128775,0.0009967161162009724,2133.9004006925393,58.90040069253928,245.18381340940178,0,1,0.0,736.0577542968874,-1338.9422457031126,266.11972185548933,-5,10.051084658993844,10.051084658993844,244.69328127214243,0
UNH,539.4000244140625,1,0.976428286056732,0.023571713943268,0.991259435836313,0.6899289594651066,0.969747925093747,3.421624974977491,0,0,0,0,0,0,0,0,0,1.0,1,0.8614790555317655,-1.1348150412889524,0.969747925093747,2.112033721847441,3.421624974977491,4.216249951307269,0.4280796606259886,0.19535484167539702,0.3117172511506928,0.0,0.0,0.002118637073305507,0.0,0.0,535.274488109235,0,1,0.0,0.0,0.0,535.274488109235,0,21.364759974627393,21.364759974627393,510.78121634077934,0
FANG,166.57000732421875,1,0.9364762285257692,0.0635237714742309,0.9884783472387764,0.737150020894275,0.5436497873857923,2.9217447021221554,0,0,0,0,0,0,0,0,0,1.0,1,0.8730918309762375,-1.2372864827730032,0.5436497873857923,1.6859355841394865,2.9217447021221554,3.716369678451933,0.5240017352899107,0.19706050050529508,0.3605311178976029,0.0,0.0,0.0014791380882541569,0.0,0.0,162.4924609563112,0,1,0.0,0.0,0.0,162.4924609563112,0,14.915924309572567,14.915924309572567,152.79504197608458,0
GPS,11.390000343322754,1,0.8298042349180983,0.1701957650819017,0.9833134684147796,0.902214793146678,0.0812001171187692,1.4339254526071152,0,0,0,0,0,0,0,0,0,1.0,1,0.9007773557594587,-1.5540118654559196,0.0812001171187692,1.2234859138724634,1.4339254526071152,2.2285504289368934,0.7309205217620945,0.2878518058660022,0.5093861638140483,0.0,0.0,0.0002702261298401028,0.0,0.0,11.102248322098609,0,1,0.0,0.0,0.0,11.102248322098609,0,2.725014338533564,2.725014338533564,10.277567639240319,0
LFMD,6.699999809265137,1,0.9692369157011588,0.0307630842988413,0.8096184419713831,0.9577935645633096,0.8755468701420986,1.8662421137000604,0,0,0,0,0,0,0,0,0,1.0,1,0.9060828413233145,-1.6307960585261918,0.8755468701420986,2.017832666895793,1.8662421137000604,2.6608670900298383,0.31826911856801754,0.20270939141515318,0.2604892549915854,0.0,0.0,0.00028084899573879935,0.0,0.0,6.584257951989614,0,1,0.0,0.0,0.0,6.584257951989614,0,2.8321374428292,2.8321374428292,5.8298380825049065,0
USAC,25.63999938964844,1,0.9260886935677188,0.0739113064322812,0.99523241954708,0.819891349770163,0.5259936343792939,2.0884046266163696,0,0,0,0,0,0,0,0,0,1.0,1,0.9079149109541237,-1.6588754422633285,0.5259936343792939,1.668279431132988,2.0884046266163696,2.8830296029461477,0.42784233321396387,0.17265041156718103,0.30024637239057245,0.0,0.0,0.0004461331645783514,0.0,0.0,25.165844984306474,0,1,0.0,0.0,0.0,25.165844984306474,0,4.4988960582410105,4.4988960582410105,23.987421321493255,0
NVO,102.13999938964844,1,0.926887734718338,0.073112265281662,0.9956297179181566,0.8474717927287924,0.9641572869077024,2.765116177361598,0,0,0,0,0,0,0,0,0,1.0,1,0.9193291570497488,-1.8551305439641754,0.9641572869077024,2.1064430836613965,2.765116177361598,3.559741153691376,0.2510573933469278,0.0948520775295416,0.1729547354382347,0.0,0.0,0.0005973054372331519,0.0,0.0,99.87528598488905,0,1,0.0,0.0,0.0,99.87528598488905,0,6.02334749014655,6.02334749014655,96.60783431831516,0
CME,219.3800048828125,1,0.9880143827407112,0.0119856172592888,0.9956297179181566,0.8712912661930631,0.7357271853056863,3.3233856196994878,0,0,0,0,0,0,0,0,0,1.0,1,0.9480942712123477,-2.60339016596642,0.7357271853056863,1.8780129820593805,3.3233856196994878,4.118010596029266,0.19384552614911682,0.025103178378188668,0.10947435226365275,0.0,0.0,0.0006770995986323783,0.0,0.0,217.49742014911067,0,1,0.0,0.0,0.0,217.49742014911067,0,6.828007772528628,6.828007772528628,210.92061353039603,0
AMGN,284.1000061035156,1,0.9272872552936476,0.0727127447063523,0.9936432260627732,0.9490179690764732,0.6137112901564024,2.701511253428982,0,0,0,284,0,284,284,1,1,1.0,1,0.9558606659191999,-2.9117925005611904,0.6137112901564024,1.7559970869100967,2.701511253428982,3.4961362297587595,0.194087452111859,0.026132654580786927,0.11011005334632296,0.0011333330408966993,0.002737507938011202,0.00035381048087631715,114.95000367250907,114.95000367250907,274.59188845700214,0,1,0.0,381.2179641760073,97.21796417600729,274.59188845700214,0,3.567895651252957,3.567895651252957,273.19548932108734,0
PGR,154.9499969482422,1,0.987215341590092,0.012784658409908,1.0,0.9628081905557876,1.0136095331195918,2.733981092803272,0,0,0,0,0,0,0,0,0,1.0,1,0.9830977012351036,-4.913816013438011,1.0136095331195918,2.155895329873286,2.733981092803272,3.5286060691330503,0.022941140465857202,0.0020378806282794586,0.01248951054706833,0.0,0.0,4.164361849826598e-05,0.0,0.0,152.25345743198457,0,1,0.0,0.0,0.0,152.25345743198457,0,0.4199425776602137,0.4199425776602137,147.6536615885606,0
BAH,127.9000015258789,1,0.995605273671594,0.0043947263284058,0.9992054032578468,0.963643961554534,1.0087141260651278,3.615965726169039,0,0,0,0,0,0,0,0,0,1.0,1,0.985889612406908,-5.0,1.0087141260651278,2.150999922818822,3.615965726169039,4.410590702498817,0.02171690972224354,0.0005991233028708073,0.011158016512557174,0.0,0.0,9.081641696354357e-05,0.0,0.0,126.91773454881458,0,1,0.0,0.0,0.0,126.91773454881458,0,0.915810911943766,0.915810911943766,122.10835992627166,0
MASI,77.3499984741211,1,0.0131841789852177,0.9868158210147824,0.0051648788239968,0.0016715419974926,0.481973028526145,1.4916277229013892,0,387,0,3326,0,3326,3713,0,1,1.0,1,0.003457360894615509,5.0,0.481973028526145,1.6242588252798393,1.4916277229013892,2.2862526992311674,11.305146008801708,62.46275797849701,36.88395199364936,0.0,0.019422794688760014,0.020957766379587475,0.0,0.0,81.06937917480064,0,0,-162.1387583496013,2704.7659468110596,-621.2340531889404,81.06937917480064,-8,211.342307725036,-175.657692274964,81.06937917480064,-2
MNST,47.720001220703125,0,0.0071913703555733,0.9928086296444268,0.0158919348430671,0.0229837024655244,0.7028035769672998,2.249571621824461,2529,477,0,2768,0,2768,5774,1,1,1.0,1,0.012220474644058078,5.0,0.7028035769672998,1.845089373720994,2.249571621824461,3.0441965981542385,21.383906080943355,261.4348510476288,141.40937856428607,0.02103888432207105,0.019422794688760014,0.020957766379587475,2133.9004006925393,-395.0995993074607,49.181634089266694,-8,0,-245.9081704463335,2704.7659468110596,-63.23405318894038,49.181634089266694,-1,211.342307725036,-265.657692274964,49.181634089266694,-5
NVCR,14.210000038146973,1,0.0617222498755599,0.93827775012444,0.0786350148367952,0.0026329647182727,0.2825144658980155,0.2048031697100378,3766,355,0,3027,0,3027,7148,1,1,1.0,1,0.007340013505088561,5.0,0.2825144658980155,1.4248002626517098,0.2053750236702221,1.0,5.871782125646429,1.0,3.4358910628232144,0.018797271051515352,0.0005543377735560197,7.389749534851066e-05,1906.5414123065218,-1859.4585876934782,15.21265047946949,-122,0,-349.89096102779826,77.19558163342269,-2949.8044183665775,15.21265047946949,-194,0.7451971225934512,-354.2548028774066,15.21265047946949,-23
RDFN,5.889999866485596,0,0.0012903225806451,0.9987096774193548,0.057544757033248,0.075,0.103502586180978,1.4665480538175588,0,0,0,0,0,0,0,0,0,0.0,0,0.0037234189260003255,5.0,0.103502586180978,1.2457883829346723,1.4665480538175588,2.2611730301473365,3.000691745888792,59.11109223005014,31.055891987969467,0.0,0.0,0.0,0.0,0.0,6.4356660467582625,0,0,0.0,0.0,0.0,6.4356660467582625,0,0.0,0.0,6.4356660467582625,0
RMD,140.25,1,0.1614063124250899,0.83859368757491,0.4501390544298768,0.0029251984956122,0.5104834718760259,1.9497446767045996,0,421,0,3927,0,3927,4348,0,1,1.0,1,0.008564718159839757,5.0,0.5104834718760259,1.6527692686297202,1.9497446767045996,2.7443696530343775,12.33278456739416,155.67290917726675,84.00284687233045,0.0,0.019422794688760014,0.020957766379587475,0.0,0.0,144.3892268882439,0,0,-144.3892268882439,2704.7659468110596,-1222.2340531889404,144.3892268882439,-8,211.342307725036,-209.657692274964,144.3892268882439,-1
UI,115.80999755859376,0,0.0207750699161006,0.9792249300838992,0.0373460468812077,0.0004178854993731,0.484611911787937,1.6220645070542017,0,232,0,811,0,811,1043,0,0,1.0,0,0.0012156028897922645,5.0,0.484611911787937,1.6268977085416312,1.6220645070542017,2.41668948338398,11.397280510740531,82.43359892667381,46.91543971870717,0.0,0.0,0.0,0.0,0.0,121.32207028311696,0,0,-242.64414056623392,0.0,-811.0,121.32207028311696,-7,0.0,-232.0,121.32207028311696,-2
ZBRA,206.9199981689453,0,0.0059928086296444,0.9940071913703556,0.0262216924910607,0.0543251149185123,0.5771946648999732,2.029777049447293,0,414,0,2897,0,2897,3311,0,1,1.0,1,0.013428182698407346,5.0,0.5771946648999732,1.7194804616536674,2.029777049447293,2.8244020257770712,15.030942956605392,179.73496506361332,97.38295401010936,0.0,0.019422794688760014,0.020957766379587475,0.0,0.0,215.83192174411636,0,0,-215.83192174411636,2704.7659468110596,-192.23405318894038,215.83192174411636,-1,211.342307725036,-202.657692274964,215.83192174411636,-1
KO,52.88999938964844,0,0.0231721933679584,0.9768278066320416,0.8359157727453318,0.0087755954868366,0.456429655750738,2.430556243749158,0,529,0,2962,0,2962,3491,0,1,1.0,1,0.01895089773947761,4.6748310322237385,0.456429655750738,1.5987154525044323,2.430556243749158,3.2251812200789356,8.965939448881938,238.45398923661256,123.70996434274724,0.0,0.019422794688760014,0.020957766379587475,0.0,0.0,53.9002482249765,0,0,-324.0171131468795,2704.7659468110596,-257.2340531889404,54.09680416332771,-5,211.342307725036,-317.657692274964,54.00285219114659,-6
MICS,0.8999999761581421,0,0.1158609668397922,0.8841390331602077,0.0127135478744537,0.0727120768909318,0.3893460331758865,0.2603752567912959,0,11,0,176,20,196,207,0,0,0.0,0,0.029691164958737356,3.721024961562259,0.3893460331758865,1.5316318299295808,0.2603752567912959,1.0550002331210737,4.886119467678345,1.2204594087688472,3.053289438223596,0.0,0.0,0.0,0.0,0.0,0.9599999755035349,0,0,-11.04188691134649,0.0,-196.0,1.0934186003154294,-179,0.0,-11.0,1.003807901031499,-11
CHWY,17.0,1,0.036178107606679,0.963821892393321,0.0998168498168498,0.0237603305785123,0.073013965004462,0.1278126967320489,3842,153,0,3502,0,3502,7497,1,1,1.0,1,0.0376192856825886,3.230196004084386,0.073013965004462,1.2152997617581562,0.2053750236702221,1.0,1.8773447026179264,1.0,1.4386723513089632,0.009949757793947835,0.0001772346215131134,3.094227420048886e-05,1009.16910888785,-2832.83089111215,18.80460584614855,-151,0,-143.96614241695673,24.681214858438086,-3477.318785141562,18.80460584614855,-185,0.3120280814925698,-152.68797191850743,17.99576780211959,-8
ULTA,379.4299926757813,0,0.0391530163803435,0.9608469836196564,0.0945570123162495,0.0296698704554951,0.5012354515925863,2.3827530710293807,0,379,0,0,0,0,379,0,0,1.0,1,0.04296721754519529,2.964490975166853,0.5012354515925863,1.6435212483462807,2.3827530710293807,3.1773780473591584,4.361782426954579,30.787802735153207,17.57479258105389,0.0,0.0,0.020957766379587475,0.0,0.0,385.2926940564988,0,0,0.0,0.0,0.0,385.2926940564988,0,211.342307725036,-167.657692274964,389.19112647760676,0
STZ,231.69000244140625,0,0.0183779464642429,0.981622053535757,0.533969010727056,0.0785624738821562,0.6893222580941277,3.228355222078198,0,695,0,0,0,0,695,0,0,1.0,1,0.04346910417228467,2.941703663999511,0.6893222580941277,1.831608054847822,3.228355222078198,4.022980198407976,5.9316492156315235,60.03448059542256,32.983064905527044,0.0,0.0,0.020957766379587475,0.0,0.0,233.9939586094647,0,0,-472.0448443372799,0.0,0.0,233.9939586094647,0,211.342307725036,-483.657692274964,236.02242216863996,-2
FLGT,24.899999618530277,0,0.0227531285551763,0.9772468714448236,0.1580135440180587,0.1765776699029126,0.5831436705421018,1.5064180824577558,3635,1195,0,3386,0,3386,8216,1,1,1.0,1,0.0536271609152684,2.543301274359818,0.5831436705421018,1.725429467295796,1.5064180824577558,2.301043058787534,4.004063700090212,8.326906087975916,6.165484894033064,0.02103888432207105,0.010597526248597352,0.0037175477318732732,2133.9004006925393,-1501.0995993074607,26.624918565331104,-56,0,-1159.6622590856775,1475.782892058796,-1910.217107941204,26.624918565331104,-72,37.488494837756456,-1157.5115051622436,25.77027242412617,-45
HD,291.9200134277344,0,0.0247702756691969,0.975229724330803,0.7699642431466031,0.1082323443376514,0.7842476042763996,3.133290249326855,0,584,0,0,0,0,584,0,0,1.0,1,0.0589285474884834,2.373719878871963,0.7842476042763996,1.9265334010300939,3.133290249326855,3.9279152256566325,4.742198633169401,25.726126593300478,15.23416261323494,0.0,0.0,0.020957766379587475,0.0,0.0,294.58186070553836,0,0,-297.15479134300864,0.0,0.0,294.58186070553836,0,211.342307725036,-372.657692274964,297.15479134300864,-1
SPWR,5.619999885559082,1,0.1949660407510987,0.8050339592489013,0.2868494239173619,0.0284162139573756,0.1480530769097614,1.2447643575623126,0,0,0,45,0,45,45,0,0,0.02,0,0.06848310584606059,2.116447683011255,0.1480530769097614,1.2903388736634556,1.2447643575623126,2.0393893338920908,1.7151367851618977,4.518984604881591,3.117060695021744,0.0,0.0,0.0,0.0,0.0,5.728540240571622,0,0,0.0,0.0,-45.0,6.34322626823859,-7,0.0,0.0,5.724504882530686,0
JD,27.049999237060547,0,0.0437925170068027,0.9562074829931972,0.1855452240067624,0.0829616413916146,0.3029233914035992,0.9236274263043884,3679,514,189,81,0,270,4463,1,1,1.0,1,0.07448191027987665,1.9799465496600797,0.3029233914035992,1.4452091881572935,0.9236274263043884,1.7182524026341663,2.073262370582083,2.9205161693242303,2.4968892699531566,0.02103888432207105,0.0017061084950860182,0.0004680987221026301,2133.9004006925393,-1545.0995993074607,29.646697207252764,-52,0,-504.38425423476065,237.58806253274216,-32.41193746725784,29.646697207252764,-1,4.720401133427342,-509.27959886657266,28.0213474574867,-18
ISRG,273.1499938964844,0,0.0815021973631642,0.9184978026368358,0.0774731823599523,0.0672795653990806,0.737007122301549,2.692481144622892,1912,273,0,2458,0,2458,4643,1,1,1.0,1,0.07492385079192447,1.9705298001647815,0.737007122301549,1.8792929190552432,2.692481144622892,3.48710612095267,3.4666842134445095,11.720436104319065,7.593560158881787,0.02103888432207105,0.019422794688760014,0.020957766379587475,2133.9004006925393,221.90040069253928,268.8475231692892,1,0,0.0,2704.7659468110596,246.76594681105962,268.8475231692892,1,211.342307725036,-61.657692274964006,279.9461804692942,0
HCA,237.4199981689453,0,0.0519376747902517,0.9480623252097484,0.2610250297973778,0.0618470539072294,0.6838483465786985,2.482508028219212,0,237,0,0,0,0,237,0,0,1.0,1,0.07642569205031641,1.9391327042616127,0.6838483465786985,1.8261341433323928,2.482508028219212,3.2771330045489897,3.214745272870262,9.991056290718543,6.6029007817944025,0.0,0.0,0.016379527741280698,0.0,0.0,239.24257606239482,0,0,0.0,0.0,0.0,239.24257606239482,0,165.1744336486228,-71.8255663513772,242.58247998379449,0
IDXX,426.1799926757813,0,0.0834998002397123,0.9165001997602876,0.0985299960270162,0.0597576264103635,0.8381574007672853,3.1734214738099515,3836,426,0,4688,0,4688,8950,1,1,1.0,1,0.07720112799420804,1.9232769906364104,0.8381574007672853,1.9804431975209795,3.1734214738099515,3.9680464501397292,3.7218278176063,14.16540139648124,8.94361460704377,0.02103888432207105,0.019422794688760014,0.020957766379587475,2133.9004006925393,-1702.0995993074607,447.30138322007826,-4,0,0.0,2704.7659468110596,-1983.2340531889404,447.30138322007826,-4,211.342307725036,-214.657692274964,436.28878132944385,0
ADYEY,7.519999980926514,1,0.2067932067932067,0.7932067932067932,0.2541871921182266,0.0359147025813692,0.3548308293480196,0.5478448020668467,6249,0,0,158,0,158,6407,1,1,0.0,1,0.08193675028601279,1.8313478954924922,0.3548308293480196,1.497116626101714,0.5478448020668467,1.3424697783966246,2.0938908322354908,1.7148955336668457,1.9043931829511682,0.02103888432207105,0.0006420615261133575,0.0,2133.9004006925393,-4115.099599307461,8.147877915771856,-505,0,0.0,89.41175456042565,-68.58824543957435,8.147877915771856,-8,0.0,0.0,7.50824550879506,0
FTNT,57.7599983215332,1,0.1170595285657211,0.8829404714342789,0.2244735796583234,0.0430422064354366,0.8809551484490288,2.7926369486675777,0,347,116,2426,0,2542,2889,0,1,1.0,1,0.08280307376212376,1.815387555391233,0.8809551484490288,2.023240945202723,2.7926369486675777,3.587261924997356,3.5941402018233535,10.165061396474465,6.87960079914891,0.0,0.019422794688760014,0.020957766379587475,0.0,0.0,58.311623300088065,0,0,-118.63687725032419,2704.7659468110596,162.76594681105962,56.61514316424405,3,211.342307725036,-135.657692274964,59.318438625162095,-2
PYPL,55.75,0,0.0685659101883148,0.9314340898116852,0.1179856115107913,0.1060683324834268,0.325522137366266,1.9572161082353745,3345,279,948,1338,0,2286,5910,1,1,1.0,1,0.09234178371869994,1.6548899277759406,0.325522137366266,1.4678079341199601,1.9572161082353745,2.7518410845651524,1.8872056648658115,5.3398401252672265,3.6135228950665192,0.02103888432207105,0.010216853672755927,0.00445671174215585,2133.9004006925393,-1211.0995993074607,59.400209041495884,-20,0,-228.29898307753186,1422.771456963074,-863.2285430369261,59.400209041495884,-15,44.94237255024802,-234.05762744975198,57.074745769382965,-4
DOCU,40.56999969482422,0,0.0491923641703377,0.9508076358296622,0.1991279069767441,0.2244408945686901,0.3212884447391663,0.6990788557071625,3935,81,0,3164,0,3164,7180,1,1,1.0,1,0.1006516454811947,1.534402421774583,0.3212884447391663,1.4635742414928605,0.6990788557071625,1.4937038320369405,1.7939602025907107,1.8509379649102307,1.8224490837504708,0.02103888432207105,0.0008430926936156046,0.00019512086714904483,2133.9004006925393,-1801.0995993074607,44.207025356122486,-41,0,-83.95624020981676,117.40681216263631,-3046.5931878373635,44.207025356122486,-69,1.9676378485043977,-79.0323621514956,41.97812010490838,-2
SBUX,91.4800033569336,1,0.1606072712744706,0.8393927287255294,0.8537941994437823,0.0589218554116172,0.5355072978880566,2.934641211676244,0,366,0,1464,0,1464,1830,0,1,1.0,1,0.12310600486566867,1.274101168003642,0.5355072978880566,1.6777930946417507,2.934641211676244,3.7292661880060223,1.9334790081110764,5.349411668636767,3.641445338373922,0.0,0.019422794688760014,0.015148082529831653,0.0,0.0,91.65951338787396,0,0,-185.32100083962885,2704.7659468110596,1240.7659468110596,89.9248113713073,14,152.75629384732832,-213.24370615267168,92.66050041981443,-2
TDOC,18.51000022888184,0,0.0718418514946962,0.9281581485053038,0.3009103977000479,0.1914460285132382,0.3159035859273193,1.0018623399803346,3869,259,56,3535,0,3591,7719,1,1,1.0,1,0.13353443173512766,1.1770985666734524,0.3159035859273193,1.4581893826810135,1.0018623399803346,1.7964873163101125,1.5589247218166973,1.9928853221850116,1.7759050220008543,0.02103888432207105,0.0015329440572059568,0.0003978383908971579,2133.9004006925393,-1735.0995993074607,20.56890297945565,-84,0,-249.46612602295255,213.47365045754708,-3377.526349542453,20.56890297945565,-164,4.011881901485119,-254.9881180985149,19.189702001765582,-13
PAYC,264.9700012207031,1,0.1909167367535744,0.8090832632464255,0.3156354515050167,0.0771604938271604,0.8840259061071583,3.4150887699472774,4769,530,0,2650,0,2650,7949,1,1,1.0,1,0.1404093572266052,1.1194211405780141,0.8840259061071583,2.026311702860853,3.4150887699472774,4.209713746277055,2.20461857988362,4.998060615957274,3.601339597920447,0.02103888432207105,0.019422794688760014,0.020957766379587475,2133.9004006925393,-2635.0995993074607,283.79238548699334,-9,0,-271.5502671996492,2704.7659468110596,54.76594681105962,256.8686063163396,0,211.342307725036,-318.657692274964,271.5502671996492,-1
TSCO,200.7400054931641,0,0.1338393927287255,0.8661606072712744,0.7040127135478744,0.0802340158796489,0.585980183511741,2.1917360216942825,1807,201,0,2610,0,2610,4618,1,1,1.0,1,0.1404782944457641,1.1188653406118882,0.585980183511741,1.7282659802654352,2.1917360216942825,2.98636099802406,1.8443963067614386,3.401106700702885,2.622751503732162,0.02103888432207105,0.013849305797777097,0.00448659324335651,2133.9004006925393,326.9004006925393,196.56488786366455,2,0,-204.47232053972834,1928.6169322727844,-681.3830677272156,211.3118295389018,-3,45.24370358465571,-155.75629641534428,204.47232053972834,-1
EPAM,238.58999633789065,0,0.1290451458250099,0.8709548541749901,0.1128327373857767,0.2139573756790639,0.6505099651300651,1.7590273557050056,0,239,0,0,0,0,239,0,0,1.0,0,0.14093949202445108,1.1151579747437335,0.6505099651300651,1.7927957618837593,1.7590273557050056,2.5536523320347833,1.9174626461839683,2.844786606271304,2.381124626227636,0.0,0.0,0.0,0.0,0.0,239.196894434611,0,0,-245.6850198404162,0.0,0.0,239.196894434611,0,0.0,-239.0,245.6850198404162,-1
SHOP,51.54999923706055,0,0.1189343482397716,0.8810656517602283,0.183451536643026,0.1511044176706827,0.957914981675328,3.0217841045989795,4227,309,0,2835,0,2835,7371,1,1,1.0,1,0.146506042391169,1.0718656834293359,0.957914981675328,2.100200778429022,3.0217841045989795,3.816409080928757,2.2152375724643933,4.201999040901812,3.208618306683103,0.02103888432207105,0.019422794688760014,0.014639561629953664,2133.9004006925393,-2093.0995993074607,58.47923053521446,-36,0,-160.63324802334142,2704.7659468110596,-130.23405318894038,58.47923053521446,-2,147.62826738877874,-161.37173261122126,53.54441600778047,-3
QDEL,68.0199966430664,0,0.1594087095485417,0.8405912904514583,0.1835518474374255,0.1621395737567906,0.4429015517664383,0.7281090806741526,3537,68,0,1700,0,1700,5305,1,1,1.0,1,0.16770306528735204,0.9280850438899416,0.4429015517664383,1.5851873485201327,0.7281090806741526,1.5227340570039305,1.533528353723991,1.4773747079358008,1.505451530829896,0.02103888432207105,0.000778381661227419,0.0001740817946388843,2133.9004006925393,-1403.0995993074607,73.91194541169659,-19,0,-69.61719592925742,108.39532851204505,-1591.6046714879549,73.91194541169659,-22,1.7554756334974368,-66.24452436650256,69.61719592925742,-1
MOBQ,0.7200000286102295,0,0.3024370755093887,0.6975629244906112,0.265792610250298,0.1157542833263685,0.3244230541852676,0.6045022970284599,0,10,0,172,0,172,182,0,0,0.0,0,0.19098799066350666,0.7995681659062096,0.3244230541852676,1.4667088509389619,0.6045022970284599,1.3991272733582378,1.358323759181642,1.3080453215668788,1.3331845403742604,0.0,0.0,0.0,0.0,0.0,0.7200000286102295,0,0,-10.055916992898725,0.0,-172.0,0.9306653920652995,-185,0.0,-10.0,0.773532076376825,-13
DGX,122.5,1,0.2277267279264882,0.7722732720735118,0.8843861740166865,0.102381947346427,0.5231989483390018,2.4637586629958776,0,245,0,2572,0,2572,2817,0,1,1.0,1,0.19621561851350533,0.7739807410496728,0.5231989483390018,1.6654847450926962,2.4637586629958776,3.258383639325656,1.4841172178560695,2.494903978954085,1.9895105984050774,0.0,0.01579361728806491,0.004823313114467613,0.0,0.0,122.68428917453397,0,0,-248.5682168960862,2199.376500769242,-372.62349923075817,127.48275925211968,-3,48.6392541089143,-196.36074589108568,124.2841084480431,-2
ETSY,63.16999816894531,1,0.2173095014111006,0.7826904985888994,0.3425233644859813,0.1517857142857142,0.4467584324338703,1.7659532768635853,2779,316,0,2085,0,2085,5180,1,1,1.0,1,0.21262306624865965,0.6999443935444641,0.4467584324338703,1.5890442291875646,1.7659532768635853,2.560578253193363,1.3828784387976032,1.931140760971434,1.6570095998845185,0.02103888432207105,0.005612298438584566,0.0015320310542310555,2133.9004006925393,-645.0995993074607,69.80491195897692,-9,0,-327.73678073275386,781.5535273515025,-1303.4464726484975,69.80491195897692,-19,15.449307557076809,-300.5506924429232,65.54735614655077,-5
VTRS,9.329999923706056,0,0.0990811026767878,0.9009188973232122,0.6901072705601907,0.3953196824070205,-0.161701893902332,1.561144121407146,0,0,0,0,0,0,0,0,0,0.0,0,0.21319854893768345,0.6975037292558379,-0.14228579675369427,1.0,1.561144121407146,2.355769097736924,1.0,1.8178747623617446,1.4089373811808723,0.0,0.0,0.0,0.0,0.0,9.32224674182361,0,0,0.0,0.0,0.0,9.32224674182361,0,0.0,0.0,9.320853628139883,0
TTC,85.9000015258789,1,0.4202956452257291,0.5797043547742708,0.9721891140246324,0.1002925198495612,0.6509027524364565,2.600091217287753,0,430,0,4037,0,4037,4467,0,1,1.0,1,0.22423674258162943,0.652499952542596,0.6509027524364565,1.7931885491901507,2.600091217287753,3.3947161936175307,1.4638309485799148,2.2199809122855156,1.8419059304327152,0.0,0.01835309673951734,0.0052610407727892335,0.0,0.0,85.8147725161217,0,0,-348.7506267229699,2555.802698583988,-1481.1973014160121,88.99825562632147,-17,53.05338736096118,-376.9466126390388,87.18765668074248,-4
OPEN,2.4100000858306885,0,0.1834750911300121,0.8165249088699879,0.2222222222222222,0.6451612903225806,0.0586697165794881,1.9660914622479653,0,0,0,0,0,0,0,0,0,0.0,0,0.2608620540727304,0.5235016092675682,0.0586697165794881,1.2009555133331824,1.9660914622479653,2.7607164385777434,1.100607507047612,1.7016710980840315,1.4011393025658219,0.0,0.0,0.0,0.0,0.0,2.403106683322654,0,0,0.0,0.0,0.0,2.403106683322654,0,0.0,0.0,2.3996906197083367,0
EDIT,7.050000190734863,0,0.2635135135135135,0.7364864864864865,0.3188854489164087,0.2227122381477398,0.2204434932993736,1.3737552697326378,2898,21,0,338,0,338,3257,1,1,1.0,1,0.26267647937624994,0.5177765251939385,0.2204434932993736,1.3627292900530679,1.3737552697326378,2.1683802460624158,1.1738000691823058,1.492942362035743,1.3333712156090245,0.02103888432207105,0.002449855337089952,0.0006339911234786454,2133.9004006925393,-764.0995993074607,8.033585262480063,-95,0,-14.626086535947534,341.1602396337365,3.1602396337365235,6.56349705519804,0,6.393293287383355,-14.606706712616646,7.313043267973767,-2
DDOG,88.05999755859375,0,0.2324431256181998,0.7675568743818002,0.304390243902439,0.490566037735849,0.6456387772178271,2.1072310146337023,2113,88,0,1497,0,1497,3698,1,1,1.0,1,0.3116609305904073,0.38037656960030414,0.6456387772178271,1.7879245739715213,2.1072310146337023,2.9018559909634805,1.2473482457133476,1.4996539473202672,1.3735010965168075,0.02103888432207105,0.008350177081780662,0.002094704510961369,2133.9004006925393,20.90040069253928,81.09090474475907,0,0,-91.5805603052573,1162.8231149306541,-334.1768850693459,99.95605265754374,-3,21.123419229436635,-66.87658077056336,91.5805603052573,-1
URI,433.0499877929688,0,0.2485017978425888,0.7514982021574111,0.2959872864521255,0.5119097367321354,0.6930742755128747,3.3599421504533518,0,0,0,0,0,0,0,0,0,1.0,0,0.32064612731383585,0.3580786826982747,0.6930742755128747,1.8353600722665688,3.3599421504533518,4.15456712678313,1.2428907857772582,1.6652555764806263,1.4540731811289422,0.0,0.0,0.0,0.0,0.0,430.8835413612242,0,0,0.0,0.0,0.0,430.8835413612242,0,0.0,0.0,430.29582801531944,0
BYND,8.640000343322754,0,0.2951263537906137,0.7048736462093863,0.4438502673796791,0.2985971943887776,-0.1437773429259727,1.1764033914338403,2160,9,0,959,0,959,3128,1,1,1.0,1,0.33368984230797116,0.32694874611386404,-0.14228579675369427,1.0,1.1764033914338403,1.9710283677636182,1.0,1.248387656547096,1.124193828273548,0.0056941423985410735,0.001424872615961648,0.0003649245063311023,577.5369339856262,-1582.463066014374,10.903815209850997,-145,0,-8.956023633321218,198.42391334275598,-760.576086657244,10.903815209850997,-70,3.6799717067441016,-5.320028293255898,8.956023633321218,-1
PTON,4.849999904632568,1,0.3180914512922465,0.6819085487077534,0.3764705882352941,0.3381696428571428,-0.0550557226287468,0.2059945321270884,0,0,0,0,0,0,0,0,0,0.0,0,0.34257933217758346,0.30648890535493123,-0.0550557226287468,1.0872300741249474,0.2059945321270884,1.0006195084568663,1.0259640035313244,1.0001898316950384,1.0130769176131813,0.0,0.0,0.0,0.0,0.0,4.799139324261517,0,0,0.0,0.0,0.0,4.799139324261517,0,0.0,0.0,4.785623432328707,0
TTD,80.23999786376953,0,0.3837868480725623,0.6162131519274376,0.3413948256467941,0.3706166868198307,0.995943100794681,3.9794633001606576,2247,241,0,2648,0,2648,5136,1,1,1.0,1,0.3643881804907016,0.2585244136827344,0.995943100794681,2.138228897548375,3.9093062029975854,4.7039311793273635,1.2171022552175768,1.4922705738495887,1.3546864145335826,0.02103888432207105,0.019422794688760014,0.014265038407948296,2133.9004006925393,-113.09959930746072,91.92539973961347,-1,0,-83.11459260731547,2704.7659468110596,56.76594681105962,73.77900028761958,1,143.85150031343218,-97.14849968656782,83.11459260731547,-1
AAPL,178.85000610351562,1,0.4382740711146624,0.5617259288853376,0.7878426698450537,0.22398662766402,1.003270878479015,3.104752978724973,0,358,0,3040,0,3040,3398,0,1,1.0,1,0.37427397881349606,0.2376865651593313,1.003270878479015,2.1455566752327093,3.104752978724973,3.899377955054751,1.1989542228704788,1.381884197548585,1.290419210209532,0.0,0.019422794688760014,0.006416563272534556,0.0,0.0,177.9536403057841,0,0,-362.9041435146845,2704.7659468110596,-335.2340531889404,185.9269781450645,-2,64.70590735289296,-293.29409264710705,181.45207175734225,-2
UPST,27.1299991607666,0,0.315638450502152,0.6843615494978479,0.4247538677918425,0.5792163543441227,0.6171289319433133,2.290605284081381,2198,54,109,1356,0,1465,3717,1,1,1.0,1,0.41385263873743944,0.1586124392749694,0.6171289319433133,1.7594147286970077,2.290605284081381,3.0852302604111586,1.093750973094225,1.1956583384543948,1.14470465577431,0.02103888432207105,0.009355636129990757,0.00223066375971627,2133.9004006925393,-64.09959930746072,33.53357401526923,-2,0,-28.52640309116366,1302.8406272449618,-162.15937275503825,33.53357401526923,-5,22.494459485730808,-31.505540514269192,28.52640309116366,-1
GMED,53.119998931884766,1,0.578505793048342,0.4214942069516579,0.5617798967024236,0.2879231090681153,0.5109847734752407,2.4366271103772235,2072,53,0,2125,0,2125,4250,1,1,1.0,1,0.4296887894995731,0.12847121102193437,0.5109847734752407,1.653270570228935,2.4366271103772235,3.231252086707001,1.0667211592415555,1.1626245486690518,1.1146728539553037,0.02103888432207105,0.01097839402507574,0.002613491677077427,2133.9004006925393,61.90040069253928,51.008233160473296,1,0,0.0,1528.8215102681797,-596.1784897318203,55.87365680844021,-11,26.354972769984187,-26.645027230015813,53.9429221312806,0
AREN,4.320000171661377,0,0.5377546943667599,0.46224530563324,0.5115262321144675,0.5810697868783953,0.5759698937900283,0.5254562647269372,0,4,0,99,0,99,103,0,0,0.02,0,0.5419582653265004,-0.07592630568635696,0.5759698937900283,1.7182556905437225,0.5254562647269372,1.320081241056715,0.9597334959814988,0.9791364933868006,0.9694349946841497,0.0,0.0,0.0,0.0,0.0,4.2018691592809505,0,0,-4.529841447032413,0.0,-99.0,5.400000097534871,-18,0.0,-4.0,4.529841447032413,-1
KNSL,439.1099853515625,1,0.806881243063263,0.1931187569367369,0.7318281938325991,0.7972813238770685,1.3695337344226974,4.167747414998208,0,0,0,0,0,0,0,0,0,1.0,0,0.7771933941388129,-0.6581450199417973,1.050386438318825,2.1926722350725196,3.9093062029975854,4.7039311793273635,0.5964717039805748,0.36093015548719004,0.47870092973388245,0.0,0.0,0.0,0.0,0.0,435.00268566989683,0,0,0.0,0.0,0.0,435.00268566989683,0,0.0,0.0,432.6760507694315,0
JBL,135.97999572753906,1,0.9464642429085098,0.0535357570914901,0.9809296781883194,0.9937317175094024,0.7388736148627676,3.6312473012104927,0,0,0,0,0,0,0,0,0,1.0,0,0.9732951046141334,-3.945624849164541,0.7388736148627676,1.8811594116164618,3.6312473012104927,4.425872277540271,0.08264556146887306,0.002825730758547856,0.04273564611371046,0.0,0.0,0.0,0.0,0.0,134.14844999932944,0,0,0.0,0.0,0.0,134.14844999932944,0,0.0,0.0,134.12160855140797,0
