,price,direction,RSI,RSIRev,fair_value_mult,geomean,sharpe,weighted_sharpe,et,tdam,rollover,roth,simple,fid,Owned,inEt,inFid,in_self_managed,currentlyActive,status,status_scaled,sharpe_capped,sharpe_scaled,weighted_sharpe_capped,weighted_sharpe_scaled,sharpe_adj_status,w_sharpe_adj_status,mean_sharpe_adj_status,et_norm,fid_norm,tdam_norm,et_target,et_diff,et_bid_ask,et_nshares,up_down,exact_amt,fid_target,fid_diff,fid_bid_ask,fid_nshares,tdam_target,tdam_diff,tdam_bid_ask,tdam_nshares
DOCS,23.81999969482422,0,0.0019120458891013,0.9980879541108988,0.0297951582867784,0.2687651331719128,-0.092834932553548,-2.3128649777044576,95,0,0,0,0,0,95,1,1,1.0,1,0.00535443484482882,5.0,-0.07572485606494851,1.0,-1.266766951878575,1.0,1.0,1.0,1.0,0.0012108668243737207,6.0649070214036315e-05,3.5221303196062766e-05,104.02576262063825,9.025762620638247,24.074488548303837,0,1,0.0,7.209122083912876,7.209122083912876,24.074488548303837,0,0.30775247651017373,0.30775247651017373,24.074488548303837,0
RBLX,29.82999992370605,0,0.0150753768844221,0.984924623115578,0.0900163666121112,0.2669404517453799,0.0208184735940431,-0.5329881238602296,388,0,0,89,0,89,477,1,1,1.0,1,0.03695101048237288,3.2666569548675413,0.0208184735940431,1.0965433296589917,-0.5329881238602296,1.7337788280183453,1.3512961812352144,6.035460567817003,3.693378374526109,0.01056598492909935,0.0007405416302423938,0.0011754495769316022,907.7254558165139,519.7254558165139,29.371920173367133,18,1,0.0,88.02533990705324,-0.9746600929467633,32.559343975493,0,10.270702259363722,10.270702259363722,29.371920173367133,0
TTD,74.62000274658203,0,0.0476744186046511,0.9523255813953488,0.052479815455594,0.415527950310559,0.9946856205369656,1.7311242401091136,1866,149,0,2313,0,2313,4328,1,1,1.0,1,0.07069280776871605,2.064201018615434,0.9946856205369656,2.0704104766019142,1.7311242401091136,3.9978911919876885,4.491630887110296,17.4702894855723,10.9809601863413,0.04428503141832948,0.020176877756204813,0.02859945743704392,3804.5341347537124,1938.5341347537124,72.62213628801727,27,1,72.62213628801727,2398.347979669483,85.34797966948281,72.62213628801727,1,249.89290725850992,100.89290725850992,72.62213628801727,1
ETSY,76.63999938964844,0,0.0725264169068203,0.9274735830931796,0.0658396946564885,0.0897565922920892,0.4888269579284305,0.9646763614341954,1226,77,0,1303,0,1303,2606,1,1,1.0,1,0.0747799073930273,1.973587887757719,0.4888269579284305,1.5645518139933792,0.9646763614341954,3.2314433133127705,2.419054493445975,10.123690162764259,6.271372328105117,0.04428503141832948,0.015997641725078286,0.02408541721203821,3804.5341347537124,2578.5341347537124,74.32816391091676,35,1,148.65632782183351,1901.5782409158319,598.5782409158319,74.32816391091676,8,210.45066826528205,133.45066826528205,74.32816391091676,2
CHWY,30.88999938964844,0,0.0512572533849129,0.9487427466150872,0.1316793893129771,0.1439393939393939,0.2829928514152981,0.760658003742471,124,0,0,62,0,62,186,1,1,1.0,1,0.08810312574229716,1.7229515039823124,0.2829928514152981,1.3587177074802466,0.760658003742471,3.0274249556210457,1.6958022857980037,6.743201150488817,4.219501718143411,0.02782783610665555,0.008639585559352247,0.01248418326208325,2390.6938523765557,2266.6938523765557,29.76309988486278,76,1,119.05239953945112,1026.9543594316538,964.9543594316538,29.76309988486278,32,109.08279840543958,109.08279840543958,29.76309988486278,4
NVDA,408.5499877929688,0,0.0670926517571885,0.9329073482428116,0.0782366957903097,0.7635756056808688,1.273607594032978,3.616826198322716,0,0,0,0,0,0,0,0,1,1.0,1,0.10346213335958876,1.497062844451622,1.0440544803410037,2.1197793364059523,3.1905385954702337,5.457305547348809,3.079481611294352,12.68535966686629,7.882420639080321,0.0,0.020176877756204813,0.02859945743704392,0.0,0.0,412.5770005034717,0,1,396.2763102424549,2398.347979669483,2398.347979669483,396.2763102424549,6,249.89290725850992,249.89290725850992,396.2763102424549,1
MDB,356.2200012207031,0,0.0656077348066298,0.9343922651933702,0.0854993160054719,0.5642750373692078,0.9500844724092404,3.163912002578429,0,0,0,0,0,0,0,1,1,1.0,1,0.10449214994073552,1.4837689172591966,0.9500844724092404,2.025809328474189,3.163912002578429,5.4306789544570035,2.8505024805311625,12.312711847378754,7.581607163954958,0.04428503141832948,0.020176877756204813,0.02859945743704392,3804.5341347537124,3804.5341347537124,341.58251353146585,11,1,341.58251353146585,2398.347979669483,2398.347979669483,341.58251353146585,7,249.89290725850992,249.89290725850992,341.58251353146585,1
TASK,9.960000038146973,0,0.0827067669172932,0.9172932330827068,0.1428571428571428,0.2132701421800948,-0.2135846268748866,-1.049270380705584,20,0,0,0,0,0,20,1,1,1.0,1,0.12615750573443202,1.2444166697967343,-0.07572485606494851,1.0,-1.049270380705584,1.2174965711729908,1.0,1.2774899400069468,1.1387449700034735,0.0015468701868255868,0.0001332585656672752,8.812576087864632e-05,132.89186524941607,112.89186524941607,9.44895524032385,12,1,0.0,15.839933987976844,15.839933987976844,9.44895524032385,2,0.7700146983141304,0.7700146983141304,9.44895524032385,0
MSFT,321.010009765625,0,0.060702875399361,0.939297124600639,0.3876092136616362,0.473266499582289,1.0343139391561311,1.6593822006964831,0,0,0,0,0,0,0,0,1,1.0,1,0.14173288623634286,1.108824635431476,1.0343139391561311,2.1100387952210795,1.6593822006964831,3.926149152575058,2.288659736249638,4.556223440671202,3.42244158846042,0.0,0.020176877756204813,0.02859945743704392,0.0,0.0,321.687478535986,0,1,314.4192936949618,2398.347979669483,2398.347979669483,314.4192936949618,8,249.89290725850992,249.89290725850992,314.4192936949618,1
SNOW,153.3699951171875,0,0.0892608089260808,0.9107391910739192,0.1313269493844049,0.4876441515650741,0.0818737381858328,-0.9466703223593088,0,0,0,0,0,0,0,1,1,1.0,3,0.14375813664847645,1.0929075628767257,0.0818737381858328,1.1575985942507814,-0.9466703223593088,1.320096629519266,1.1734457293731966,1.3545994843029379,1.264022606838067,0.002945365864699039,0.00021612750744270812,0.00040560603273194295,253.03685269483282,253.03685269483282,146.40085769246826,2,1,0.0,25.69024688008614,25.69024688008614,146.40085769246826,0,3.5440557200812433,3.5440557200812433,146.40085769246826,0
QDEL,77.93000030517578,0,0.0862619808306709,0.9137380191693292,0.1902303415409054,0.2514619883040935,0.4647656261109594,-0.1021383879758171,468,0,0,0,0,0,468,1,1,1.0,1,0.1440498637431377,1.0906437996358882,0.4647656261109594,1.5404904821759078,-0.1021383879758171,2.164628563902758,1.6020244720570511,2.3215808317898134,1.9618026519234322,0.015831288649407933,0.0021331767088603364,0.0015170303803962587,1360.0685408768195,892.0685408768195,75.74579272848864,12,1,0.0,253.5625239836662,253.5625239836662,75.74579272848864,3,13.255326014180783,13.255326014180783,75.74579272848864,0
IDXX,505.510009765625,0,0.1585463258785942,0.8414536741214058,0.1004765687053216,0.2915622389306599,0.9237566391040436,3.2018564281783397,3033,0,0,5561,0,5561,8594,1,1,1.0,1,0.15236413228786067,1.0290104852661026,0.9237566391040436,1.999481495168992,3.1905385954702337,5.457305547348809,2.040079767052749,5.732688808191002,3.8863842876218753,0.04428503141832948,0.020176877756204813,0.02859945743704392,3804.5341347537124,771.5341347537124,493.4283774945899,2,1,493.4283774945899,2398.347979669483,-3162.652020330517,527.5771171166524,-6,249.89290725850992,249.89290725850992,493.4283774945899,1
ASML,661.780029296875,0,0.0990415335463258,0.9009584664536742,0.3308181096108022,0.2121971595655806,0.7743813581280815,0.6272570314442423,0,0,0,0,0,0,0,0,1,1.0,1,0.1682351628835029,0.924843679272896,0.7743813581280815,1.85010621419303,0.6272570314442423,2.894023983322817,1.7665061097554533,2.6718823068857103,2.219194208320582,0.0,0.007515325488840597,0.005482886234799725,0.0,0.0,661.0186812432916,0,1,0.0,893.3178820086048,893.3178820086048,642.0076994716641,1,47.907705396084864,47.907705396084864,642.0076994716641,0
TSLA,242.6499938964844,0,0.163738019169329,0.8362619808306709,0.1417791898332009,0.6294903926482874,0.8522355752662616,1.6915782918027549,0,0,0,0,0,0,0,0,1,1.0,1,0.2034018973078019,0.740448225563716,0.8522355752662616,1.92796043133121,1.6915782918027549,3.95834524368133,1.625924571780029,2.7696694261781514,2.19779699897909,0.0,0.020176877756204813,0.01900411624677305,0.0,0.0,242.6499938964844,0,1,229.72610712063047,2398.347979669483,2398.347979669483,229.72610712063047,10,166.05188644710395,166.05188644710395,229.72610712063047,1
TDOC,24.059999465942383,0,0.2812807881773399,0.7187192118226601,0.1341164953499755,0.3286458333333333,0.3683678193452062,1.3288844974928775,313,0,72,0,0,72,385,1,1,1.0,1,0.21345992963928437,0.6963984278024087,0.3683678193452062,1.4440926754101546,1.3288844974928775,3.595651449371452,1.2916407927311189,2.4380501636153364,1.8648454781732275,0.012838647601290326,0.01309411780466121,0.010978894626914107,1102.9702696104682,789.9702696104682,22.901666051331958,34,1,91.60666420532783,1556.4475020277084,1484.4475020277084,22.901666051331958,65,95.93006800369486,95.93006800369486,22.901666051331958,4
ABNB,133.67999267578125,0,0.1506849315068493,0.8493150684931507,0.1892697466467958,0.6819012797074955,0.2202141320244163,1.936297441490177,0,0,0,0,0,0,0,1,1,1.0,1,0.22410945392743453,0.6530002495683872,0.2202141320244163,1.2959389880893648,1.936297441490177,4.203064393368752,1.184452756525049,2.5538111698892108,1.86913196320713,0.008722146672468808,0.020176877756204813,0.0205451615217812,749.3210161752629,749.3210161752629,127.46333828785755,6,1,127.46333828785755,2398.347979669483,2398.347979669483,127.46333828785755,19,179.51704692563717,179.51704692563717,127.46333828785755,1
AMD,107.56999969482422,0,0.1900958466453674,0.8099041533546326,0.1771247021445591,0.5012531328320802,0.8681507138524961,1.3056570111508563,0,0,0,0,0,0,0,1,1,1.0,1,0.23253571314186922,0.6207482442800732,0.8681507138524961,1.9438755699174446,1.3056570111508563,3.572423963029431,1.5107424787451318,2.204199033313162,1.857470756029147,0.03810842806024586,0.014923358204930582,0.01065563611948075,3273.9011520042113,3273.9011520042113,102.84177271220916,32,1,102.84177271220916,1773.8822841245917,1773.8822841245917,102.84177271220916,17,93.10553860846456,93.10553860846456,102.84177271220916,1
BYND,12.989999771118164,0,0.2866541353383459,0.7133458646616542,0.1307977736549165,0.6645702306079665,-0.0393659435266746,3.0727568869020527,52,0,0,13,0,13,65,1,1,1.0,1,0.23736718917728675,0.6030078495858232,-0.0393659435266746,1.036358912538274,3.0727568869020527,5.339523838780628,1.0217690988893235,2.745931733530231,1.8838504162097771,0.0038355430623774928,0.020176877756204813,0.02859945743704392,329.5121181757404,277.5121181757404,12.105715951427655,23,1,254.22003497998077,2398.347979669483,2385.347979669483,12.105715951427655,197,249.89290725850992,249.89290725850992,12.105715951427655,21
PINS,25.780000686645508,0,0.211556383970177,0.7884436160298229,0.2152713891444342,0.5119418483904465,0.3567120400584129,1.733771411499052,155,52,0,129,0,129,336,1,1,1.0,1,0.26488854057829553,0.510869085506252,0.3567120400584129,1.4324368961233613,1.733771411499052,4.000538363377627,1.2015286957098519,2.030503285429777,1.6160159905698146,0.010351471063486373,0.018665174413064742,0.014578902535425563,889.2965352994845,734.2965352994845,24.54288049245777,30,1,73.62864147737331,2218.65760821126,2089.65760821126,24.54288049245777,85,127.38578510573724,75.38578510573724,24.54288049245777,3
ADBE,508.4500122070313,0,0.2671725239616613,0.7328274760383386,0.165210484511517,0.9344193817878028,0.8999518320487389,3.1664882009655098,0,0,0,0,0,0,0,0,1,1.0,1,0.27609137720880816,0.4770402973407301,0.8999518320487389,1.9756766881136874,3.1664882009655098,5.433255152844085,1.3837842688699562,2.242091276491629,1.8129377726807925,0.0,0.020176877756204813,0.02859945743704392,0.0,0.0,507.4352132854833,0,1,491.51483253703196,2398.347979669483,2398.347979669483,491.51483253703196,5,249.89290725850992,249.89290725850992,491.51483253703196,1
DGX,135.00999450683594,0,0.2152555910543131,0.7847444089456869,0.8387609213661636,0.2176274018379281,0.5522373458326848,1.932253311276095,0,0,0,1620,0,1620,1620,0,1,1.0,1,0.28755230582267916,0.44425331889916225,0.5522373458326848,1.6279622018976334,1.932253311276095,4.19902026315467,1.2417200403682727,1.8916272167473505,1.5666736285578116,0.0,0.020176877756204813,0.017154411972381177,0.0,0.0,134.96932658079206,0,1,131.88459906170814,2398.347979669483,778.3479796694828,131.88459906170814,6,149.88976240283557,149.88976240283557,131.88459906170814,1
ADYEY,17.0,0,0.2810867293625914,0.7189132706374086,0.2399588053553038,0.4887839433293979,0.768157233610498,0.17602874040917,136,0,0,493,0,493,629,1,1,1.0,1,0.3070342620399703,0.3921560602634387,0.768157233610498,1.8438820896754464,0.17602874040917,2.4427956922877447,1.2711853044602968,1.419424492454654,1.3453048984574754,0.01986741020159171,0.0027452480563051624,0.0016872316997646214,1706.8123892043761,1570.8123892043761,16.27716020102633,97,1,16.27716020102633,326.3170947004585,-166.68290529954152,17.985253928624378,-9,14.742490678399339,14.742490678399339,16.27716020102633,1
NOW,557.4400024414062,0,0.2623801916932907,0.7376198083067093,0.250198570293884,0.5622389306599833,0.8403321294230713,1.3449871907022728,0,0,0,0,0,0,0,0,1,1.0,1,0.3129338050125672,0.37717229947531805,0.8403321294230713,1.9160569854880198,1.3449871907022728,3.611754142580848,1.2779581549337753,1.6231395058933782,1.4505488304135767,0.0,0.01318904953130008,0.00869381696347681,0.0,0.0,557.0830300651338,0,1,0.0,1567.7316718354405,1567.7316718354405,533.3116869738028,3,75.96379060543207,75.96379060543207,533.3116869738028,0
VEEV,194.1100006103516,0,0.2502034174125305,0.7497965825874695,0.2892394822006472,0.5017035775127768,0.6143357187164262,1.2090374695079378,388,0,0,194,0,194,582,1,1,1.0,1,0.31755106470534405,0.3656763653295712,0.6143357187164262,1.6900605747813748,1.2090374695079378,3.4758044213865125,1.211541999433103,1.5770706413046034,1.394306320368853,0.015579611028611025,0.010724670218617803,0.007167784541180859,1338.446876205738,950.4468762057379,186.85127361826702,5,1,0.0,1274.800366153459,1080.800366153459,186.85127361826702,6,62.62980762978517,62.62980762978517,186.85127361826702,0
LSPD,15.859999656677246,0,0.2541666666666666,0.7458333333333333,0.2683923705722071,0.6688524590163935,0.0649816141827864,1.4904286251455272,32,0,16,0,0,16,48,1,1,1.0,1,0.3276750194849885,0.3411312052325585,0.0649816141827864,1.140706470247735,1.4904286251455272,3.757195577024102,1.0459328496115374,1.5707388363741812,1.3083358429928593,0.003220297404134889,0.012641050316880684,0.009182900318041734,276.656265236813,244.656265236813,14.784279540684425,17,1,73.92139770342213,1502.5931095343904,1486.5931095343904,14.784279540684425,101,80.2372444509469,80.2372444509469,14.784279540684425,5
ZM,66.5999984741211,0,0.2516309412861137,0.7483690587138863,0.2953081876724931,0.5877466251298027,0.3398596975979585,3.1625554822926967,67,0,0,0,0,0,67,1,1,1.0,1,0.3310607726726043,0.3331128701264253,0.3398596975979585,1.415584553662907,3.1625554822926967,5.429322434171271,1.122738622079004,1.7569250176290316,1.4398318198540179,0.008542655009340911,0.020176877756204813,0.02859945743704392,733.9008586772792,666.9008586772792,63.40495381793701,11,1,253.61981527174805,2398.347979669483,2398.347979669483,63.40495381793701,38,249.89290725850992,249.89290725850992,63.40495381793701,4
AXP,165.27000427246094,0,0.218849840255591,0.7811501597444089,0.6902303415409055,0.3609022556390977,0.4493682345560209,1.5957371687860116,0,0,0,0,0,0,0,0,1,1.0,1,0.3413369989753099,0.30931399225557105,0.4493682345560209,1.5250930906209694,1.5957371687860116,3.8625041206645863,1.139452240987509,1.518891597629149,1.3291719193083291,0.0,0.015381408175427559,0.0104198724201954,0.0,0.0,164.22018990718644,0,1,159.22022071619747,1828.3289252056807,1828.3289252056807,159.22022071619747,11,91.04551084849294,91.04551084849294,159.22022071619747,1
RIVN,21.56999969482422,0,0.3286384976525822,0.6713615023474178,0.2181818181818181,0.879746835443038,-0.564052094028786,2.583066937516877,0,0,0,22,0,22,22,0,1,1.0,1,0.3423531550480181,0.3070024325086911,-0.07572485606494851,1.0,2.583066937516877,4.849833889395452,1.0,1.6237524346571461,1.3118762173285732,0.0,0.020176877756204813,0.025562641865302566,0.0,0.0,21.38807926814491,0,1,216.200584044052,2398.347979669483,2376.347979669483,19.654598549459273,121,223.35818457361694,223.35818457361694,19.654598549459273,11
GH,35.59000015258789,0,0.2659486329743165,0.7340513670256835,0.2743652743652743,0.8058340929808568,0.382116110146242,1.2362576272466657,107,36,0,391,0,391,534,1,1,1.0,1,0.346987244538962,0.2965509176114722,0.382116110146242,1.4578409662111906,1.2362576272466657,3.5030245791252406,1.1182744315215396,1.4502909134183983,1.284282672469969,0.00793217170079561,0.010212810668704138,0.006811437599052305,681.4541399628231,574.4541399628231,32.94708164545986,17,1,32.94708164545986,1213.9575869958933,822.9575869958933,32.94708164545986,25,59.51616208048735,23.516162080487348,32.94708164545986,1
PAC,180.55999755859372,0,0.2995207667731629,0.700479233226837,0.8903891977760127,0.2581453634085213,0.6333105508656534,2.485060129629273,181,0,0,0,0,0,181,1,1,1.0,1,0.35990394398978676,0.26815093638413484,0.6333105508656534,1.7090354069306017,2.485060129629273,4.751827081507848,1.154549120453925,1.5188007792402458,1.3366749498470853,0.015689222893067793,0.020176877756204813,0.024003454219980777,1347.863649019117,1166.863649019117,174.30655827739122,7,1,174.30655827739122,2398.347979669483,2398.347979669483,174.30655827739122,14,209.73450186884165,209.73450186884165,174.30655827739122,1
LRCX,651.969970703125,0,0.2488019169329073,0.7511980830670927,0.5003971405877681,0.487468671679198,0.882535342991887,2.1813545816255595,0,0,0,0,0,0,0,1,1,1.0,1,0.37178921820818506,0.24287643746945997,0.882535342991887,1.9582601990568356,2.1813545816255595,4.448121533504135,1.177303519311027,1.43690095796656,1.3071022386387936,0.025586141848285535,0.020176877756204813,0.018022770739634045,2198.109539968906,2198.109539968906,621.7734591433089,4,1,0.0,2398.347979669483,2398.347979669483,621.7734591433089,4,157.4772034362856,157.4772034362856,621.7734591433089,0
CRWD,148.22000122070312,0,0.3397683397683397,0.6602316602316602,0.319047619047619,0.5021598272138229,0.6729505387109949,0.4391953022844267,0,0,0,296,0,296,296,0,1,1.0,1,0.37179752085261925,0.24285904406288222,0.6729505387109949,1.7486753947759435,0.4391953022844267,2.7059622541630017,1.1453655703811152,1.2734832676174193,1.2094244189992671,0.0,0.003724390485035188,0.002283868481229688,0.0,0.0,147.32659796723135,0,1,0.0,442.7039952966703,146.7039952966703,138.623237127065,1,19.955711951071024,19.955711951071024,138.623237127065,0
KO,61.16999816894531,0,0.310702875399361,0.689297124600639,0.8423351866560762,0.2765246449456975,0.4820847033767332,1.4612495198808673,0,0,0,0,0,0,0,0,1,1.0,1,0.37397162210856594,0.23831644179889763,0.4820847033767332,1.5578095594416816,1.4612495198808673,3.7280164717594424,1.1114228936365702,1.3683353954824284,1.2398791445594992,0.0,0.013020113672137238,0.008435213244668656,0.0,0.0,61.04977005622534,0,1,59.89571430280527,1547.6509149704527,1547.6509149704527,59.89571430280527,26,73.70419406367643,73.70419406367643,59.89571430280527,1
ACN,309.04998779296875,0,0.1964856230031949,0.8035143769968052,0.7795869737887212,0.7598162071846283,0.7962306188263706,1.928465042602316,0,0,0,618,0,618,618,0,1,1.0,1,0.39020486112476077,0.20510299419205733,0.7962306188263706,1.871955474891319,1.928465042602316,4.195231994480891,1.1372308315444382,1.3419276966503086,1.2395792640973733,0.0,0.020176877756204813,0.013523952978100155,0.0,0.0,307.0474247567758,0,1,0.0,2398.347979669483,1780.3479796694828,299.2040333835795,6,118.16797345768617,118.16797345768617,299.2040333835795,0
ROKU,79.26000213623047,0,0.507177033492823,0.492822966507177,0.2796208530805687,0.5240206947524021,0.6472945253111989,1.1845291449867044,79,0,159,0,0,159,238,1,1,1.0,1,0.4023448184288622,0.18098717022107916,0.6472945253111989,1.7230193813761474,1.1845291449867044,3.4512960968652795,1.1034825959418353,1.2513185411489618,1.1774005685453985,0.013354416306484955,0.009495514828582147,0.0058838086891082435,1147.2800415967315,1068.2800415967315,73.73192544927453,14,1,73.73192544927453,1128.6953848966182,969.6953848966182,73.73192544927453,13,51.41083750664732,51.41083750664732,73.73192544927453,1
MA,394.9800109863281,0,0.3646166134185303,0.6353833865814696,0.5996822875297856,0.4264828738512949,0.8273781616410049,2.6425366071177234,0,0,0,2765,0,2765,2765,0,1,1.0,1,0.4441209599719389,0.10153517951605139,0.8273781616410049,1.9031030177059534,2.6425366071177234,4.9093035589962986,1.0675181178697684,1.1753381370774605,1.1214281274736144,0.0,0.020176877756204813,0.022943327957956675,0.0,0.0,392.58139862798487,0,1,380.7104680006532,2398.347979669483,-366.6520203305172,412.22451698712996,-1,200.4714578316789,200.4714578316789,380.7104680006532,1
TSCO,222.5200042724609,1,0.512779552715655,0.487220447284345,0.7454328832406671,0.2919799498746867,0.6364314782325676,1.4372958944076903,1335,0,0,2448,0,2448,3783,1,1,1.0,1,0.4466578249017863,0.09684400617202328,0.6364314782325676,1.7121563342975161,1.4372958944076903,3.7040628462862655,1.0534581323791647,1.1352018476763182,1.0943299900277415,0.01181253578985671,0.012026930853932808,0.007255496030541263,1014.8168397123164,-320.18316028768356,230.34632242264274,-1,1,0.0,1429.595087192514,-1018.404912807486,230.34632242264274,-4,63.39620255613979,63.39620255613979,214.82508228499472,0
COF,110.37999725341795,0,0.2539936102236422,0.7460063897763578,0.7891183478951549,0.7878028404344194,0.3659068228504034,0.136527304939376,0,0,0,0,0,0,0,0,1,1.0,1,0.46341371237110845,0.06612105150371299,0.3659068228504034,1.4416316789153518,0.136527304939376,2.4032942568179507,1.0244803066661836,1.059691268385303,1.0420857875257434,0.0,0.002072791200127654,0.0012244376867739993,0.0,0.0,109.28164951287582,0,1,0.0,246.3847304409658,246.3847304409658,105.24348968273914,2,10.69874468697144,10.69874468697144,105.24348968273914,0
VRTX,349.8599853515625,0,0.4504792332268371,0.549520766773163,0.3963463065925338,0.6081871345029239,0.5823223839462834,0.4851960005746472,350,0,0,0,0,0,350,1,1,1.0,1,0.4696941573658436,0.05470132017780293,0.5823223839462834,1.658047240011232,0.4851960005746472,2.751962952453222,1.0280452725789109,1.056936825416623,1.0424910489977668,0.009672372425331904,0.003576075833122613,0.0021059501549090484,830.9550626398519,480.9550626398519,339.61689661730804,1,1,0.0,425.0744021520859,425.0744021520859,339.61689661730804,1,18.401118549545693,18.401118549545693,339.61689661730804,0
LULU,381.1300048828125,0,0.4712460063897764,0.5287539936102237,0.4293089753772836,0.6136173767752715,0.620722396052128,1.2415820998239462,381,0,0,381,0,381,762,1,1,1.0,1,0.4933367754463994,0.011995401974820045,0.620722396052128,1.6964472521170766,1.2415820998239462,3.5083490517025213,1.0063601446964185,1.0151698878331648,1.0107650162647916,0.010181143296166388,0.009246742385972442,0.005393451841045291,874.6636495565818,493.66364955658184,361.3755748627298,1,1,0.0,1099.1247599297822,718.1247599297822,361.3755748627298,2,47.126256282464624,47.126256282464624,361.3755748627298,0
MTCH,44.959999084472656,0,0.4828274760383386,0.5171725239616614,0.607625099285147,0.7017543859649122,0.5001469050975899,1.601429421680671,180,0,90,180,0,270,450,1,1,1.0,1,0.5834436428631752,-0.15341667359405406,0.5001469050975899,1.5758717611625384,1.601429421680671,3.868196373559246,0.9326034219635344,0.8125805038897134,0.8725919629266239,0.006068009773510135,0.012663542309281958,0.006880986143006988,521.3036905238195,341.30369052381945,42.33524370392282,8,1,42.33524370392282,1505.2666463018788,1235.2666463018788,42.33524370392282,29,60.1238550020293,60.1238550020293,42.33524370392282,1
MELI,1330.0,1,0.6170127795527156,0.3829872204472844,0.7700555996822875,0.5020885547201337,0.7304955924766277,1.1570900080844946,0,0,0,1330,0,1330,1330,1,1,1.0,1,0.6108735446711494,-0.20727336021844117,0.7304955924766277,1.806220448541576,1.1570900080844946,3.4238569599630697,0.8846638129279769,0.7748348624578828,0.8297493376929299,0.00998593079825394,0.00737335019018842,0.0040161949526213775,857.8929126269237,857.8929126269237,1228.806304923045,1,1,0.0,876.4418234429672,-453.55817655703277,1406.5351175880458,0,35.092226313620756,35.092226313620756,1228.806304923045,0
KR,48.97999954223633,1,0.6265974440894568,0.3734025559105431,0.9277204130262112,0.5747702589807853,0.5338685473371902,1.0431043275572025,0,0,0,0,0,0,0,0,1,1.0,1,0.6797083810502897,-0.3589446236212918,0.5338685473371902,1.6095934034021386,1.0431043275572025,3.3098712794357774,0.842947131878724,0.6507536291272072,0.7468503805029656,0.0,0.006135767607351297,0.00315706443075827,0.0,0.0,48.91646183276371,0,1,47.159036668687044,729.3351341382365,729.3351341382365,47.159036668687044,15,27.585418735347922,27.585418735347922,47.159036668687044,1
GOOG,130.1699981689453,0,0.6178115015974441,0.3821884984025558,0.6119936457505957,0.9411027568922306,0.7757869718169371,1.1582274719178962,0,0,0,0,0,0,0,0,1,1.0,1,0.6952162965276806,-0.39796330666536545,0.7757869718169371,1.8515118278818856,1.1582274719178962,3.424994423796471,0.7825899620946559,0.6126677082809591,0.6976288351878075,0.0,0.006531273875847143,0.003381188000212753,0.0,0.0,128.94600310830506,0,1,0.0,776.3474455302668,776.3474455302668,125.0285872141172,6,29.54373876569897,29.54373876569897,125.0285872141172,0
AMZN,138.41000366210938,0,0.6521565495207667,0.3478434504792332,0.6652104845115171,0.8976608187134503,0.8403584851130793,2.152369484226784,0,0,0,138,138,276,276,0,1,1.0,1,0.7227758777585526,-0.47372143103675174,0.8403584851130793,1.9160833411780278,2.152369484226784,4.419136436105359,0.734876312124259,0.49464068914890125,0.6147585006365801,0.0,0.01699761689188686,0.008257709567611779,0.0,0.0,136.22719343404796,0,1,130.425554325672,2020.4414490897266,1744.4414490897266,130.425554325672,13,72.15322373473009,72.15322373473009,130.425554325672,1
SAM,358.75,1,0.8150958466453674,0.1849041533546326,0.7807783955520254,0.6169590643274854,0.331156693317285,0.6618702781259592,0,0,359,0,0,359,359,0,1,1.0,1,0.7266604286544679,-0.4851782543064943,0.331156693317285,1.4068815493822335,0.6618702781259592,2.9286372300045342,0.8473613839901826,0.5937231856821552,0.7205422848361689,0.0,0.003780551266107538,0.0018669264525277701,0.0,0.0,356.7935478603633,0,1,0.0,449.3796116853413,90.37961168534127,340.67984745548716,0,16.312605925722846,16.312605925722846,340.67984745548716,0
ODFL,410.7799987792969,1,0.6513578274760383,0.3486421725239617,0.7736298649722002,0.7923976608187134,1.0486382644280026,2.6209909243200187,0,0,0,411,0,411,411,1,1,1.0,1,0.7335223612765657,-0.50595494706757,1.0440544803410037,2.1197793364059523,2.6209909243200187,4.887757876198593,0.6837724983035846,0.44806554195150516,0.5659190201275448,0.010954701395463808,0.020176877756204813,0.011376232211447464,941.120149636519,941.120149636519,390.94435254289886,2,1,0.0,2398.347979669483,1987.3479796694828,390.94435254289886,5,99.40187666932027,99.40187666932027,390.94435254289886,0
TREX,74.52999877929688,1,0.7755591054313099,0.2244408945686901,0.7263701350277998,0.9005847953216374,0.792507625542468,1.6066336758687434,373,0,0,0,0,0,373,1,1,1.0,1,0.7943883194639527,-0.7304941871557212,0.792507625542468,1.8682324816074165,1.6066336758687434,3.8734006277473183,0.6334630562361698,0.3718792159974141,0.5026711361167919,0.005485572527353392,0.008647988699465786,0.0039852818714849626,471.2664135165343,98.26641351653433,68.94869566590657,1,1,68.94869566590657,1027.9532084288921,1027.9532084288921,68.94869566590657,15,34.82211770283673,34.82211770283673,68.94869566590657,1
AMGN,262.510009765625,1,0.9940095846645368,0.0059904153354632,0.999205718824464,0.8567251461988304,0.5896002721736838,1.9897114533234397,2888,0,0,263,0,263,3151,1,1,1.0,1,0.9451626330986048,-2.5026085991775275,0.5896002721736838,1.6653251282386323,1.9897114533234397,4.256478405202015,0.27904523429954453,0.02665219447700454,0.15284871438827455,0.00024821355508118886,0.005555210174546381,0.0017671318264314891,21.32406623119375,-2866.6759337688063,264.6138341855291,-11,1,0.0,660.3265014412582,397.3265014412582,254.73310781998177,2,15.440632417173894,15.440632417173894,254.73310781998177,0
UPST,33.5,0,0.119448698315467,0.8805513016845329,0.0089955022488755,0.6942909760589319,0.6926975751385471,1.0937785261749675,5829,368,134,2345,0,2479,8676,1,1,1.0,1,0.024797737288692865,4.103450346772403,0.6926975751385471,1.7684224312034957,1.0937785261749675,3.3605454780535426,10.374255006917155,144.57605902428583,77.4751570156015,0.04428503141832948,0.020176877756204813,0.02859945743704392,3804.5341347537124,-2024.4658652462876,37.683614112245756,-54,0,-113.05084233673728,2398.347979669483,-80.65202033051719,37.683614112245756,-2,249.89290725850992,-118.10709274149008,37.683614112245756,-3
RMD,179.47000122070312,0,0.0127795527156549,0.9872204472843452,0.1731532962668784,0.0271512113617376,0.6272128168770847,0.9119367734150594,0,359,0,2513,0,2513,2872,0,1,1.0,1,0.024822930057555124,4.101285101372386,0.6272128168770847,1.7029376729420331,0.9119367734150594,3.1787037252936345,8.875891851595366,114.78117093589921,61.82853139374729,0.0,0.020176877756204813,0.02859945743704392,0.0,0.0,183.24886169855375,0,0,-186.23168503121778,2398.347979669483,-114.65202033051719,186.23168503121778,-1,249.89290725850992,-109.10709274149008,186.23168503121778,-1
FTNT,59.68000030517578,0,0.0195686900958466,0.9804313099041534,0.0488482922954726,0.0659983291562238,0.8789558695212397,1.4729452259552915,0,358,119,2387,0,2506,2864,0,1,1.0,1,0.03459190831152059,3.401990722349189,0.8789558695212397,1.9546807255861882,1.4729452259552915,3.7397121778338667,9.777712765115115,88.87716005693247,49.32743641102379,0.0,0.020176877756204813,0.02859945743704392,0.0,0.0,61.12596591774836,0,0,-126.88430170609101,2398.347979669483,-107.65202033051719,63.442150853045504,-2,249.89290725850992,-108.10709274149008,63.442150853045504,-2
BNMV,0.6800000071525574,0,0.0958466453674121,0.9041533546325878,0.0479424690371554,0.0246449456975772,0.3749926474727239,0.1013302871365389,0,0,165,86,0,251,251,0,0,0.0,0,0.04174323195597692,3.0215121016837667,0.3749926474727239,1.4507175035376725,0.1013302871365389,2.368097239015114,3.0776876357981413,13.528595606715982,8.303141621257062,0.0,0.0,0.0,0.0,0.0,0.7096245554543528,0,0,0.0,0.0,-251.0,0.8253074801900514,-304,0.0,0.0,0.7096245554543528,0
MASI,113.62000274658205,0,0.0359424920127795,0.9640575079872205,0.068308181096108,0.0350877192982456,0.6190447715364945,0.9701510107575768,0,341,0,2954,0,2954,3295,0,1,1.0,1,0.04227629250387802,2.9964216551486587,0.6190447715364945,1.694769627601443,0.9701510107575768,3.2369179626361517,4.8586115684154025,33.773000843828996,19.3158062061222,0.0,0.020176877756204813,0.02859945743704392,0.0,0.0,115.55783541518699,0,0,-119.19239322308233,2398.347979669483,-555.6520203305172,119.19239322308233,-5,249.89290725850992,-91.10709274149008,119.19239322308233,-1
AAPL,177.7899932861328,0,0.0179712460063897,0.9820287539936102,0.386417791898332,0.3558897243107769,1.0203282682059005,0.7385130991722082,0,356,0,2311,0,2311,2667,0,1,1.0,1,0.04914634747312721,2.705538909696636,1.0203282682059005,2.096053124270849,0.7385130991722082,3.005280051050783,7.4057046770904975,19.630724250152205,13.518214463621351,0.0,0.020176877756204813,0.02859945743704392,0.0,0.0,179.64596056449938,0,0,-184.5452174047073,2398.347979669483,87.34797966948281,176.29544680899173,0,249.89290725850992,-106.10709274149008,184.5452174047073,-1
UI,166.92999267578125,1,0.0854632587859424,0.9145367412140576,0.187847498014297,0.023391812865497,0.6375092661407514,0.7531682950432117,0,334,0,1169,0,1169,1503,0,0,0.02,0,0.05018870802825777,2.666068999064712,0.6375092661407514,1.7132341222057,0.7531682950432117,3.0199352469217864,4.201182007754032,19.04174756934875,11.62146478855139,0.0,0.0,0.0,0.0,0.0,168.93341905056042,0,0,-346.9752763762657,0.0,-1169.0,173.48763818813285,-7,0.0,-334.0,173.48763818813285,-2
ISRG,304.489990234375,0,0.0271565495207667,0.9728434504792332,0.0500397140587768,0.4778613199665831,0.7746529950694968,1.4166566836900834,3045,304,0,2436,0,2436,5785,1,1,1.0,1,0.050933514774074234,2.638531559041343,0.7746529950694968,1.8503778511344453,1.4166566836900834,3.6834236355686585,5.071951081345037,31.19413181897043,18.133041450157734,0.04428503141832948,0.020176877756204813,0.02859945743704392,3804.5341347537124,759.5341347537124,300.9461282248482,3,0,0.0,2398.347979669483,-37.65202033051719,317.0938941511299,0,249.89290725850992,-54.10709274149008,317.0938941511299,0
SPWR,8.140000343322754,0,0.0591054313099041,0.9408945686900958,0.0385226370135027,0.06265664160401,0.2502627240031121,-0.3253320511450486,0,0,0,65,0,65,65,0,0,0.02,0,0.050987732825984726,2.6365480958674454,0.2502627240031121,1.3259875800680607,-0.3253320511450486,1.9414349007335263,2.104171674616968,5.749759845824337,3.9269657602206527,0.0,0.0,0.0,0.0,0.0,8.348768869646713,0,0,0.0,0.0,-65.0,8.796517520322636,-7,0.0,0.0,8.348768869646713,0
FLGT,32.650001525878906,0,0.0326721120186697,0.9673278879813302,0.0619212962962962,0.4407730673316708,0.6371331030637087,-1.0938190488512212,3298,65,0,1012,0,1012,4375,1,1,1.0,1,0.06119274858366022,2.3076305843406777,0.6371331030637087,1.7128579591286572,-1.0938190488512212,1.1729479030273537,3.462123338405553,1.4450061665261031,2.453564752465828,0.015060919286569238,0.000397449152763959,0.00016357534223994543,1293.8859856562492,-2004.1140143437508,34.86833312556452,-57,0,-69.73666625112904,47.2432545843052,-964.7567454156948,34.86833312556452,-28,1.4292689963831264,-63.57073100361687,34.86833312556452,-2
PYPL,61.540000915527344,0,0.0631475086334484,0.9368524913665516,0.0416462518373346,0.1314553990610328,0.3601227685827782,0.5965142250427984,3446,308,1046,1477,0,2523,6277,1,1,1.0,1,0.0632179916722027,2.251375297188957,0.3601227685827782,1.4358476246477268,0.5965142250427984,2.8632811769213733,2.2579268463953994,10.68002624250148,6.46897654444844,0.04428503141832948,0.009204283938407175,0.01531429435408459,3804.5341347537124,358.53413475371235,60.463301916201225,6,0,-194.64581252914508,1094.0778873081376,-1428.9221126918624,64.88193750971503,-22,133.81140349179785,-174.18859650820215,64.88193750971503,-3
ENPH,135.1999969482422,0,0.0315495207667731,0.9684504792332268,0.1127879269261318,0.1553884711779448,0.7768765348297203,0.3548972762083057,0,135,0,1082,0,1082,1217,0,0,0.02,1,0.06383266162461926,2.234805662719092,0.7768765348297203,1.8526013908946688,0.3548972762083057,2.6216642280868805,3.966803595305594,8.618633288851271,6.292718442078432,0.0,0.0,0.00020940256158897796,0.0,0.0,138.14895994611226,0,0,-145.90831641811235,0.0,-1082.0,145.90831641811235,-7,1.829692574344781,-133.1703074256552,145.90831641811235,-1
AREN,3.369999885559082,0,0.0850638977635782,0.9149361022364216,0.079825258141382,0.0455304928989139,0.5338383270645213,-0.5115604558475036,0,438,0,785,0,785,1223,0,0,0.02,0,0.06486972556255434,2.2073595750104937,0.5338383270645213,1.6095631831294699,-0.5115604558475036,1.7552064960310712,2.8594265688205978,3.4619455303347406,3.160686049577669,0.0,0.0,0.0,0.0,0.0,3.4549691947209533,0,0,-436.7519788575608,0.0,-785.0,4.043999804236674,-194,0.0,-438.0,4.043999804236674,-108
PAYC,292.0,0,0.0424164524421593,0.9575835475578406,0.07793867120954,0.1429856115107913,0.9152592314980476,2.3734370039582933,5256,292,0,2336,0,2336,7884,1,1,1.0,1,0.0691243134908893,2.10103708761617,0.9152592314980476,1.990984087562996,2.3734370039582933,4.640203955836868,4.24964367252417,25.143116305098346,14.696379988811259,0.04428503141832948,0.020176877756204813,0.02859945743704392,3804.5341347537124,-1451.4658652462876,307.9106852381335,-5,0,0.0,2398.347979669483,62.34797966948281,286.8038730382975,0,249.89290725850992,-42.10709274149008,307.9106852381335,0
SHOP,55.27000045776367,0,0.0398445092322643,0.9601554907677357,0.0714630613230323,0.3151950718685831,0.9837674788833854,1.3443539516088403,2819,276,0,2321,0,2321,5416,1,1,1.0,1,0.0709833324385205,2.057508619347261,0.9837674788833854,2.059492334948334,1.3443539516088403,3.611120903487415,4.421445484425436,14.039553031462967,9.230499257944201,0.04428503141832948,0.020176877756204813,0.02859945743704392,3804.5341347537124,985.5341347537124,53.88278185501262,18,0,0.0,2398.347979669483,77.34797966948281,53.88278185501262,1,249.89290725850992,-26.107092741490078,60.06560114764044,0
MOBQ,1.1299999952316284,0,0.1391773162939297,0.8608226837060703,0.0849880857823669,0.0465747702589807,0.3249238298433821,0.0721032929609806,0,15,0,271,0,271,286,0,0,0.0,0,0.07421648530646714,1.9856418604501802,0.3249238298433821,1.4006486859083305,0.0721032929609806,2.3388702448395557,1.9523488500408945,5.4039835226274615,3.678166186334178,0.0,0.0,0.0,0.0,0.0,1.143201161892904,0,0,-14.657550505932601,0.0,-271.0,1.3325045914484184,-203,0.0,-15.0,1.3325045914484184,-11
RDFN,10.359999656677246,0,0.1221779548472775,0.8778220451527224,0.0381578947368421,0.5551575931232091,0.222441373487771,1.0135959339147471,0,0,0,0,0,0,0,0,0,0.0,0,0.08288902631791725,1.8138177255586942,0.222441373487771,1.2981662295527194,1.0135959339147471,3.280362885793322,1.6053159475234713,8.625579223493371,5.115447585508422,0.0,0.0,0.0,0.0,0.0,10.540305400610503,0,0,0.0,0.0,0.0,10.540305400610503,0,0.0,0.0,10.540305400610503,0
NVCR,31.239999771118164,1,0.1684478371501272,0.8315521628498728,0.2724974721941355,0.0382749326145552,0.4108660898562302,-1.3430956377081085,3905,344,0,3374,0,3374,7623,1,1,1.0,1,0.08395583020952069,1.7945353921926495,0.4108660898562302,1.4865909459211788,-1.266766951878575,1.0,2.0370594850496224,1.0,1.5185297425248112,0.005913741190082503,0.0001235457637389432,5.34845964737055e-05,508.0504518385782,-3396.9495481614217,33.45637870292304,-102,0,-334.5637870292304,14.685410519915424,-3359.3145894800846,33.45637870292304,-100,0.4673312889163671,-343.53266871108366,33.45637870292304,-10
DDOG,89.44000244140625,0,0.0444674250258531,0.9555325749741468,0.1131498470948012,0.5204200700116686,0.6662000375054009,-0.3103980880432767,4293,89,0,1520,0,1520,5902,1,1,1.0,1,0.09023171162142346,1.6881633019850337,0.6662000375054009,1.7419248935703493,-0.3103980880432767,1.9563688638352983,2.552096142325657,3.104677165237748,2.8283866537817026,0.03461230567272513,0.002267379143505082,0.0014593086923435617,2973.5487183127234,-1319.4512816872766,97.972095916248,-13,0,-97.972095916248,269.51465205253805,-1250.4853479474618,97.972095916248,-13,12.750972374916493,-76.2490276250835,97.972095916248,-1
MICS,1.7300000190734863,1,0.6577476038338658,0.3422523961661342,0.0409054805401112,0.2293233082706766,0.4371207132241365,-0.1189511100186802,0,21,0,339,38,377,398,0,0,0.0,0,0.09891980335888402,1.5582236231470692,0.4371207132241365,1.512845569289085,-0.1189511100186802,2.1478158418598947,1.9061636762557517,3.2909829523299483,2.59857331429285,0.0,0.0,0.0,0.0,0.0,1.7300000190734863,0,0,-20.201354587903634,0.0,-377.0,2.0201354587903633,-187,0.0,-21.0,2.0201354587903633,-10
CRM,208.6999969482422,0,0.079073482428115,0.920926517571885,0.108419380460683,0.5087719298245614,0.6105383939903212,1.3585199017758107,0,0,0,0,0,0,0,0,0,1.0,0,0.12586307926093418,1.2472314990093918,0.6105383939903212,1.6862632500552697,1.3585199017758107,3.6252868536543854,1.9187945484376978,4.984589866864226,3.451692207650962,0.0,0.0,0.0,0.0,0.0,209.5160554139809,0,0,0.0,0.0,0.0,209.5160554139809,0,0.0,0.0,209.5160554139809,0
LAC,18.309999465942383,0,0.0694888178913738,0.9305111821086262,0.2907069102462272,0.2372598162071846,0.7273543575785737,1.301031414400711,0,0,0,0,0,0,0,0,0,1.0,0,0.13608229215977552,1.1551894469157067,0.7273543575785737,1.8030792136435223,1.301031414400711,3.567798366279286,1.975811928314718,4.346373055239378,3.161092491777048,0.0,0.0,0.0,0.0,0.0,18.489740635317148,0,0,0.0,0.0,0.0,18.489740635317148,0,0.0,0.0,18.489740635317148,0
ACLS,167.11000061035156,0,0.1485623003194888,0.8514376996805112,0.0869737887212073,0.5100250626566416,0.8558256065079592,1.361274042851387,0,0,0,0,0,0,0,0,0,1.0,0,0.14859144484792453,1.056306102277132,0.8558256065079592,1.9315504625729076,1.361274042851387,3.628040994729962,2.004491941092428,3.9010825912520968,2.9527872661722623,0.0,0.0,0.0,0.0,0.0,168.23729112451832,0,0,0.0,0.0,0.0,168.23729112451832,0,0.0,0.0,168.23729112451832,0
TTWO,140.1999969482422,0,0.0838658146964856,0.9161341853035144,0.1898332009531374,0.5066833751044277,0.751272675810703,1.2609751406223062,1682,140,0,1402,0,1402,3224,1,1,1.0,1,0.1565336268925259,1.000050532219898,0.751272675810703,1.8269975318756515,1.2609751406223062,3.527742092500881,1.8270531729304114,3.527966830408399,2.6775100016694053,0.04428503141832948,0.01716179232802211,0.014605748929952263,3804.5341347537124,2122.5341347537124,136.91348654875904,16,0,0.0,2039.956352749449,637.956352749449,136.91348654875904,5,127.6203603102653,-12.379639689734702,147.03923080362225,0
PANW,217.9600067138672,0,0.1150159744408945,0.8849840255591055,0.1290706910246227,0.385547201336675,0.8677349321381476,0.6325415130590117,3487,218,0,2398,0,2398,6103,1,1,1.0,1,0.15759735150950635,0.9928549155681738,0.8677349321381476,1.943459788203096,0.6325415130590117,2.8993084649375866,1.934254707120885,2.8773407131661997,2.4057977101435424,0.04428503141832948,0.00828925507381991,0.005987454445994359,3804.5341347537124,317.53413475371235,211.32222210328484,2,0,-231.4431249595306,985.3119198854895,-1412.6880801145105,231.4431249595306,-6,52.31646096367599,-165.68353903632402,231.4431249595306,-1
SANM,55.13999938964844,0,0.1461661341853035,0.8538338658146964,0.159253375694996,0.2172096908939014,0.5056421705240105,2.123014544355214,0,0,0,0,0,0,0,0,0,1.0,0,0.16925554347245578,0.9186722541797847,0.5056421705240105,1.581367026588959,2.123014544355214,4.389781496233789,1.5235117213082472,3.8921939242148693,2.7078528227615584,0.0,0.0,0.0,0.0,0.0,55.36586338330354,0,0,0.0,0.0,0.0,55.36586338330354,0,0.0,0.0,55.36586338330354,0
EPAM,238.7400054931641,1,0.3773961661341853,0.6226038338658146,0.3292295472597299,0.0918964076858813,0.6921302332155393,0.1295778045365954,0,239,0,0,0,0,239,0,0,0.02,0,0.18106158490124294,0.851231397589242,0.6921302332155393,1.7678550892804878,0.1295778045365954,2.3963447564151705,1.6241807873771577,2.1041867442533437,1.8641837658152507,0.0,0.0,0.0,0.0,0.0,239.29836152530672,0,0,-255.70621539960072,0.0,0.0,239.29836152530672,0,0.0,-239.0,255.70621539960072,-1
DOCU,49.220001220703125,0,0.1388467374810318,0.8611532625189682,0.2094594594594594,0.2740066225165563,0.3850902981670764,-0.6049057491426159,1723,98,0,1575,0,1575,3396,1,1,1.0,1,0.19198861991563834,0.7945883815137628,0.3850902981670764,1.460815154232025,-0.6049057491426159,1.6618612027359592,1.3514048886172945,1.4972076056541574,1.424306247135726,0.008255805772028455,0.0006251563244038701,0.00038263773427088944,709.2575948038881,-1013.7424051961119,52.76807770932272,-19,0,-105.53615541864544,74.30993168160234,-1500.6900683183976,52.76807770932272,-28,3.3433660779840655,-94.65663392201593,52.76807770932272,-2
GMED,57.040000915527344,0,0.1605431309904153,0.8394568690095847,0.1596505162827641,0.3897243107769423,0.529323085919649,1.193233681277832,2966,228,0,8955,0,8955,12149,1,1,1.0,1,0.19922364256962838,0.759722164703189,0.529323085919649,1.6050479419845975,1.193233681277832,3.460000633156407,1.43256321443778,2.567722703489319,2.0001429589635498,0.02063462296730098,0.012452101596205684,0.010096507487514688,1772.7237606605022,-1193.2762393394978,59.22037266446617,-20,0,-118.44074532893234,1480.1335006708405,-7474.8664993291595,59.22037266446617,-126,88.22005154350734,-139.77994845649266,59.22037266446617,-2
DAN,16.450000762939453,0,0.0990415335463258,0.9009584664536742,0.4015091342335186,0.5309106098579783,0.2063289712160344,1.0208430654696794,0,0,0,0,0,0,0,0,0,1.0,0,0.20731212229176038,0.7229432603068506,0.2063289712160344,1.282053827280983,1.0208430654696794,3.2876100173482543,1.196768371574504,2.364150531392636,1.78045945148357,0.0,0.0,0.0,0.0,0.0,16.427546879905588,0,0,0.0,0.0,0.0,16.427546879905588,0,0.0,0.0,16.427546879905588,0
SE,57.619998931884766,1,0.216309606081548,0.783690393918452,0.2573579739904175,0.1802543006731488,0.6531553196375633,0.8417797972041887,2247,174,0,4725,0,4725,7146,1,1,1.0,1,0.2134265301906523,0.6965395520043308,0.6531553196375633,1.7288801757025118,0.8417797972041887,3.1085467490827634,1.4642413026664032,2.2033612780835017,1.8338012903749523,0.02383645523961121,0.008292135927346369,0.006030971930151994,2047.7936834678374,-199.20631653216265,62.90561983645993,-3,0,-125.81123967291985,985.654355881702,-3739.345644118298,62.90561983645993,-59,52.69670281465048,-121.30329718534952,62.90561983645993,-2
FKWL,3.400000095367432,1,0.4123402555910543,0.5876597444089458,0.3840349483717236,0.1123642439431913,0.3945773777622648,1.0345992714928622,0,0,0,0,0,0,0,0,0,1.0,0,0.2153820159735177,0.6883317920346637,0.3945773777622648,1.4703022338272134,1.0345992714928622,3.301366223371437,1.3038610043477545,2.275272231715598,1.7895666180316763,0.0,0.0,0.0,0.0,0.0,3.391813355533339,0,0,0.0,0.0,0.0,3.391813355533339,0,0.0,0.0,3.391813355533339,0
JD,36.459999084472656,0,0.2876949740034662,0.7123050259965338,0.1804478897502153,0.2088262056414922,0.362833981653655,-1.2670442976401517,1458,693,656,5104,0,5760,7911,1,1,1.0,1,0.2172914644591361,0.6804231813150988,0.362833981653655,1.4385588377186034,-1.266766951878575,1.0,1.2807301103482744,1.0,1.1403650551741373,0.005185694144011234,7.767509038774298e-05,4.016514336248313e-05,445.50381362306814,-1012.4961863769319,39.60287864538332,-26,0,-673.2489369715164,9.23293972204392,-5750.767060277956,39.60287864538332,-145,0.35095016985550165,-692.6490498301445,39.60287864538332,-17
PTON,7.559999942779541,0,0.238045738045738,0.761954261954262,0.151639344262295,0.3368544600938967,0.0580743523438556,-1.2661775921352243,0,0,0,0,0,0,0,0,0,0.0,0,0.21795816818234204,0.6776859813557926,0.0580743523438556,1.1337992084088042,-1.2661775921352243,1.0005893597433506,1.0888257521634728,1.000399362911022,1.0446125575372474,0.0,0.0,0.0,0.0,0.0,7.5495407741679745,0,0,0.0,0.0,0.0,7.5495407741679745,0,0.0,0.0,7.5495407741679745,0
ZBRA,261.94000244140625,0,0.1920926517571885,0.8079073482428115,0.3685464654487688,0.1875522138680033,0.6318122574906537,0.4598321132357357,0,262,0,2096,0,2096,2358,0,1,1.0,1,0.22639746392118018,0.6440702575529412,0.6318122574906537,1.7075371135556021,0.4598321132357357,2.7265990651143106,1.4114409180252163,1.9079663499236952,1.6597036339744557,0.0,0.004731207293863471,0.0032308819621115056,0.0,0.0,261.837864708592,0,0,-273.2298234493779,562.3804431855425,-1533.6195568144576,273.2298234493779,-6,28.230412702702463,-233.76958729729753,273.2298234493779,-1
SNBR,28.06999969482422,0,0.2871405750798722,0.7128594249201278,0.1489277204130262,0.5417710944026733,0.3128473078921532,1.1692756306161036,0,0,0,0,0,0,0,0,0,1.0,0,0.2491057228120192,0.5619721282861888,0.3128473078921532,1.3885721639571016,1.1692756306161036,3.4360425824946788,1.2025952884734807,2.001013216522478,1.6018042524979794,0.0,0.0,0.0,0.0,0.0,28.10452789258395,0,0,0.0,0.0,0.0,28.10452789258395,0,0.0,0.0,28.10452789258395,0
RVLV,17.0,0,0.2165543792107796,0.7834456207892204,0.2867996201329534,0.3143164693218515,0.129999390207878,1.694272278694141,0,170,0,2635,0,2635,2805,0,1,1.0,1,0.26581512274687896,0.5079988928803093,0.129999390207878,1.2057242462728266,1.694272278694141,3.961039230572716,1.0996991545867965,2.012270605210064,1.5559848798984302,0.0,0.016418542948585944,0.013491100213629616,0.0,0.0,16.98830460484251,0,0,-55.414791371428564,1951.6091530934889,-683.3908469065111,18.47159712380952,-37,117.88091651462723,-52.11908348537277,18.47159712380952,-3
OPEN,3.430000066757202,0,0.2798459563543004,0.7201540436456997,0.1576292559899117,0.8385650224215246,0.1523894933817466,1.895964689559102,0,0,0,0,0,0,0,0,0,0.0,0,0.27002924206184503,0.49511317947905825,0.1523894933817466,1.228114349446695,1.895964689559102,4.162731641437677,1.1070909710012564,2.0261071816406253,1.5665990763209408,0.0,0.0,0.0,0.0,0.0,3.430000066757202,0,0,0.0,0.0,0.0,3.430000066757202,0,0.0,0.0,3.430000066757202,0
WYNN,100.5500030517578,0,0.1549520766773162,0.8450479233226837,0.4857029388403495,0.4039264828738513,0.2182741919456537,1.0657809820622992,0,0,0,0,0,0,0,0,0,1.0,0,0.2730206977576956,0.4861282728697926,0.2182741919456537,1.2939990480106023,1.0657809820622992,3.332547933940874,1.1334810429429603,1.7952973539150836,1.4643891984290218,0.0,0.0,0.0,0.0,0.0,100.33580542558516,0,0,0.0,0.0,0.0,100.33580542558516,0,0.0,0.0,100.33580542558516,0
NET,63.61000061035156,0,0.2378990731204943,0.7621009268795057,0.2152284263959391,0.48664343786295,0.8033783895929357,0.7481160305336793,0,191,382,127,0,509,700,0,1,1.0,1,0.2751137035310356,0.47991926532783147,0.8033783895929357,1.8791032456578842,0.7481160305336793,3.0148829824122543,1.3535496508533769,1.698287164455358,1.5259184076543675,0.0,0.006782349725743157,0.004440364016577351,0.0,0.0,63.49992406582528,0,0,-139.1956204191305,806.1918676761424,297.19186767614235,58.76832271282996,5,38.79847986036759,-152.2015201396324,69.59781020956525,-2
DIS,89.0199966430664,1,0.5295527156549521,0.4704472843450479,0.812549642573471,0.1290726817042606,0.2928849790495867,0.5610981913006092,0,89,0,1780,0,1780,1869,0,1,1.0,1,0.27607396744208385,0.47709144652557406,0.2928849790495867,1.3686098351145353,0.5610981913006092,2.827865143179184,1.161496374421276,1.642052663990312,1.401774519205794,0.0,0.00450481317736429,0.003157318259254146,0.0,0.0,88.73537673723678,0,0,-92.77098062697645,535.4698439106921,-1244.5301560893079,92.77098062697645,-13,27.587636607519766,-61.41236339248023,92.77098062697645,-1
OKTA,71.4000015258789,1,0.3556538218572331,0.6443461781427668,0.3581715716969317,0.1948404616429056,0.5976544839283983,1.8532398839117377,2570,143,214,4284,0,4498,7211,1,1,1.0,1,0.27943146519116346,0.4673048965185689,0.5976544839283983,1.6733793399933468,1.8532398839117377,4.120006835790313,1.271998968834345,1.9379600347053003,1.6049795017698227,0.018400041737358538,0.020176877756204813,0.016287958624824773,1580.75052966315,-989.24947033685,77.08074199735572,-13,0,0.0,2398.347979669483,-2099.652020330517,77.08074199735572,-27,142.31897031695894,-0.6810296830410607,77.08074199735572,0
TYL,387.55999755859375,0,0.2176517571884984,0.7823482428115016,0.2581413820492454,0.5196324143692564,0.7015675175147567,1.9933391948434824,0,388,0,2325,0,2325,2713,0,1,1.0,1,0.28866196796448035,0.4411684990705597,0.7015675175147567,1.777292373579705,1.9933391948434824,4.260106146722057,1.2888006576901792,1.8953109081088084,1.592055782899494,0.0,0.020176877756204813,0.01846908511614301,0.0,0.0,387.0488922591555,0,0,-403.43753859500765,2398.347979669483,73.34797966948281,375.45529171964256,0,161.37695563762048,-226.62304436237952,403.43753859500765,-1
MSTR,384.30999755859375,0,0.3178913738019169,0.6821086261980831,0.1640190627482128,0.9051796157059316,0.5242717507114709,1.6562838878184891,0,0,0,0,0,0,0,0,0,1.0,0,0.2899297522510293,0.4376625329721309,0.5242717507114709,1.5999966067764193,1.6562838878184891,3.923050839697064,1.2283871523753105,1.8188921791629162,1.5236396657691134,0.0,0.0,0.0,0.0,0.0,380.97180004203204,0,0,0.0,0.0,0.0,380.97180004203204,0,0.0,0.0,380.97180004203204,0
PRTA,62.11000061035156,0,0.2208466453674121,0.7791533546325878,0.2831612390786338,0.5029239766081871,0.5678444130106113,2.1540030327622355,0,0,0,0,0,0,0,0,0,1.0,0,0.29856813207682364,0.4142769396630928,0.5678444130106113,1.64356926907556,2.1540030327622355,4.420769984640811,1.2285589423396526,1.85103615835844,1.5397975503490464,0.0,0.0,0.0,0.0,0.0,62.14622000822194,0,0,0.0,0.0,0.0,62.14622000822194,0,0.0,0.0,62.14622000822194,0
KNSL,369.0400085449219,0,0.2377701934015927,0.7622298065984072,0.2810383747178329,0.5060679611650486,1.3235876004688605,4.1989146184013055,0,0,0,0,0,0,0,0,0,1.0,0,0.308008411412239,0.3896583007289512,1.0440544803410037,2.1197793364059523,3.1905385954702337,5.457305547348809,1.340114363126634,1.9371787678284977,1.6386465654775657,0.0,0.0,0.0,0.0,0.0,369.4257627333389,0,0,0.0,0.0,0.0,369.4257627333389,0,0.0,0.0,369.4257627333389,0
TTC,102.45999908447266,1,0.417332268370607,0.5826677316293929,0.801032565528197,0.1967418546365914,0.7868492447310312,1.6333593592199656,0,205,0,4406,0,4406,4611,0,1,1.0,1,0.343746424968302,0.30384469977414164,0.7868492447310312,1.8625741007959797,1.6333593592199656,3.9001263110985405,1.2080156856323123,1.512154345320889,1.3600850154766007,0.0,0.016951627898919918,0.011083735843226819,0.0,0.0,102.19045235065809,0,0,-105.42961401838522,2014.9749140934791,-2391.025085906521,105.42961401838522,-23,96.84613700264612,-108.15386299735388,105.42961401838522,-1
SRPT,108.0199966430664,1,0.4564696485623003,0.5435303514376997,0.5007942811755361,0.2309941520467836,0.575281699621401,0.9943323658217594,0,0,0,0,0,0,0,0,0,1.0,0,0.3522504341877924,0.28485320440125034,0.575281699621401,1.6510065556863496,0.9943323658217594,3.2610993177003342,1.153523490000343,1.4003396560124535,1.2769315730063981,0.0,0.0,0.0,0.0,0.0,107.94558335462563,0,0,0.0,0.0,0.0,107.94558335462563,0,0.0,0.0,107.94558335462563,0
TMUS,138.33999633789062,1,0.4373003194888178,0.5626996805111821,0.4233518665607625,0.2614870509607351,0.751966721902542,2.322422553342148,0,415,0,5672,0,5672,6087,0,1,1.0,1,0.35405998710436737,0.280872082711999,0.751966721902542,1.8276915779674905,2.322422553342148,4.589189505220723,1.1845713264580953,1.5341335449640165,1.359352435711056,0.0,0.020176877756204813,0.021236427417051958,0.0,0.0,138.0616454522282,0,0,-283.7876989702668,2398.347979669483,-3273.652020330517,141.8938494851334,-23,185.55710711342655,-229.44289288657345,141.8938494851334,-2
SBUX,100.98999786376952,1,0.448482428115016,0.5515175718849841,0.9066719618745036,0.2080200501253132,0.593011421925363,1.1557333942592216,0,101,0,5857,0,5857,5958,0,1,1.0,1,0.3685546511284783,0.24967961343010145,0.593011421925363,1.6687362779903117,1.1557333942592216,3.4225003461377965,1.1363854823389323,1.3596110284718879,1.24799825540541,0.0,0.009456356292923048,0.006031056569983263,0.0,0.0,100.72736937765167,0,0,0.0,1124.040760131598,-4732.959239868402,104.18139192932088,-45,52.69744237041136,-48.30255762958864,104.18139192932088,0
EPSN,5.809999942779541,0,0.4129392971246006,0.5870607028753994,0.2609213661636219,0.6035923141186299,0.338628374836612,-0.0148306194769402,0,0,6,0,0,6,6,0,0,0.02,0,0.3792196171565786,0.22744683259261622,0.338628374836612,1.4143532309015605,-0.0148306194769402,2.251936332401635,1.0820414918311978,1.2027843538238268,1.1424129228275124,0.0,0.0,0.0,0.0,0.0,5.808280128094467,0,0,0.0,0.0,-6.0,6.178182224962619,-1,0.0,0.0,5.808280128094467,0
FCUV,1.7599999904632568,1,0.6515151515151515,0.3484848484848485,0.7888989990900819,0.2097396335583413,0.6495855531493107,0.3155089292676922,0,0,4,280,0,284,284,0,0,0.0,0,0.396286049332634,0.19295219004353506,0.6495855531493107,1.7253104092142593,0.3155089292676922,2.582275881146267,1.1109744038768268,1.2008722563613417,1.155923330119084,0.0,0.0,0.0,0.0,0.0,1.7599999904632568,0,0,0.0,0.0,-284.0,1.9870400136547075,-143,0.0,0.0,1.7599999904632568,0
RVP,1.1699999570846558,1,0.5970447284345048,0.4029552715654951,0.6866560762509929,0.2664995822890559,0.3462046976061741,1.72581439035238,0,0,0,58,0,58,58,0,0,0.0,0,0.43581842746762745,0.11697598451961427,0.3462046976061741,1.4219295536711227,1.72581439035238,3.992581342230955,1.0420368179236368,1.175796740811488,1.1089167793675623,0.0,0.0,0.0,0.0,0.0,1.1676480809772505,0,0,0.0,0.0,-58.0,1.2621675716944865,-46,0.0,0.0,1.1676480809772505,0
TWLO,61.93000030517578,0,0.4444444444444444,0.5555555555555556,0.4543429844097995,0.5083732057416268,0.4862322292830666,1.4450907080784394,248,124,0,1672,0,1672,2044,1,1,1.0,1,0.46743248197482584,0.058808777031373195,0.4862322292830666,1.5619570853480151,1.4450907080784394,3.7118576599570146,1.0265720665956883,1.0801820810557985,1.0533770738257435,0.0077851993733086405,0.011818948636392285,0.0070429489114625845,668.8277237928451,420.82772379284506,57.59638230325641,7,0,-67.51907061858931,1404.8730396451874,-267.1269603548126,67.51907061858931,-4,61.5390338447084,-62.4609661552916,67.51907061858931,-1
EDIT,8.680000305175781,0,0.4781914893617021,0.5218085106382979,0.4889123548046462,0.5683615819209039,0.2556195901529914,-0.2780005962865548,807,26,0,365,35,400,1233,1,1,1.0,1,0.5088184884349657,-0.015876983411788934,0.2556195901529914,1.33134444621794,-0.2780005962865548,1.98876635559202,0.995466484879279,0.9891437028974008,0.99230509388834,0.003762855099039689,0.0009444649541101226,0.0005467461063492824,323.26748361531554,-483.73251638468446,9.441177074280908,-51,0,-18.882354148561816,112.26492234964651,-287.7350776503535,9.441177074280908,-30,4.777292518525998,-21.222707481474004,9.441177074280908,-2
ANET,174.94000244140625,1,0.484769364664926,0.515230635335074,0.5289792387543253,0.5425045703839122,0.8492822390240649,0.9146836837033452,350,175,0,875,0,875,1400,1,1,1.0,1,0.5175472293334608,-0.03161422075094784,0.8492822390240649,1.9250070950890135,0.9146836837033452,3.1814506355819203,0.9795077879920269,0.9640729472073147,0.9717903675996709,0.01603007723918667,0.006086011890650785,0.0035065397533170606,1377.1465004308852,1027.1465004308852,167.56210474352793,6,0,-183.23430137781827,723.4208631559987,-151.57913684400125,183.23430137781827,-1,30.639022271763416,-144.36097772823658,183.23430137781827,-1
MNST,58.18000030517578,1,0.487220447284345,0.5127795527156549,0.550833995234313,0.5332080200501254,0.7276505224550428,1.122739134186353,291,58,0,640,0,640,989,1,1,1.0,1,0.5223451727586996,-0.040281667775253244,0.7276505224550428,1.8033753785199913,1.122739134186353,3.389506086064928,0.9765273771904398,0.9520181341029242,0.964272755646682,0.012192314176472383,0.007817254349644136,0.004482816787012885,1047.4436616710107,756.4436616710107,56.316830232700994,13,0,0.0,929.2070062854959,289.20700628549594,56.316830232700994,5,39.16941858354675,-18.83058141645325,60.09248998255147,0
RGEN,172.2100067138672,1,0.6944888178913738,0.3055111821086261,0.6437648927720413,0.3746867167919799,0.8353952231895935,-0.0360768241663107,4650,344,1550,689,0,2239,7233,1,1,1.0,1,0.5298325356101007,-0.05384239691923593,0.8353952231895935,1.911120079254542,-0.0360768241663107,2.230690127712264,0.9657279061569237,0.9577214091428832,0.9617246576499034,0.015469898993436124,0.0014502267426749883,0.0008387125719234407,1329.0214977099365,-3320.9785022900633,181.5166927031326,-18,0,-363.0333854062652,172.38288403108402,-2066.617115968916,181.5166927031326,-11,7.32840206544401,-336.67159793455596,181.5166927031326,-2
DYSL,2.5999999046325684,0,0.8847843450479234,0.1152156549520766,0.4281175536139793,0.4722222222222222,0.5105400847327088,0.928376836147187,0,0,0,0,0,0,0,0,0,1.0,0,0.5372807448877385,-0.06738654776034614,0.5105400847327088,1.5862649407976575,0.928376836147187,3.195143788025762,0.9693874024199696,0.9247069741373539,0.9470471882786617,0.0,0.0,0.0,0.0,0.0,2.5999999046325684,0,0,0.0,0.0,0.0,2.5999999046325684,0,0.0,0.0,2.5999999046325684,0
USNA,66.16000366210938,1,0.7503993610223643,0.2496006389776357,0.6497220015885623,0.5008354218880535,0.3241835916405359,1.212742568895768,0,0,0,0,0,0,0,0,0,1.0,0,0.6162179408732953,-0.21810221599288654,0.3241835916405359,1.3999084477054844,1.212742568895768,3.479509520774343,0.9292559402760826,0.7618925340333078,0.8455742371546953,0.0,0.0,0.0,0.0,0.0,65.84003595394901,0,0,0.0,0.0,0.0,65.84003595394901,0,0.0,0.0,65.84003595394901,0
AGX,40.45000076293945,1,0.7735623003194888,0.2264376996805112,0.9622716441620334,0.4126984126984127,0.4972454820001557,1.7978861578494714,0,0,0,0,0,0,0,0,0,1.0,0,0.6309141340074051,-0.24855858971987774,0.4972454820001557,1.5729703380651041,1.7978861578494714,4.064653109728046,0.8935182384431429,0.705703027937757,0.79961063319045,0.0,0.0,0.0,0.0,0.0,40.23086248833711,0,0,0.0,0.0,0.0,40.23086248833711,0,0.0,0.0,40.23086248833711,0
VMW,155.25999450683594,0,0.4380990415335463,0.5619009584664536,0.886417791898332,0.8258145363408521,0.4633360634510934,2.2281290083460696,0,0,0,0,0,0,0,0,0,1.0,0,0.6491187194578836,-0.2878790734053599,0.4633360634510934,1.539060919516042,2.2281290083460696,4.494895960224644,0.8832689643239299,0.6487773414251286,0.7660231528745292,0.0,0.0,0.0,0.0,0.0,154.45550712913516,0,0,0.0,0.0,0.0,154.45550712913516,0,0.0,0.0,154.45550712913516,0
AXON,211.22999572753903,1,0.865814696485623,0.1341853035143769,0.9193804606830818,0.4398496240601504,0.888914427910283,1.8493412459205163,634,211,0,1690,0,1690,2535,1,1,1.0,1,0.6642789810864408,-0.3222226445104769,0.888914427910283,1.9646392839752314,1.8493412459205163,4.116108197799091,0.8044473640242927,0.6338674402079549,0.7191574021161238,0.011434735398052304,0.014004541968212436,0.00727070468128971,982.3599476043372,348.3599476043372,200.121513295299,2,0,-218.75071855105486,1664.6661263202545,-25.333873679745466,218.75071855105486,0,63.52909087961147,-147.4709091203885,218.75071855105486,-1
ZG,55.02000045776367,1,0.7947284345047924,0.2052715654952076,0.6771247021445592,0.7552213868003341,0.3854325963148539,2.297535503267853,0,0,0,0,0,0,0,0,0,1.0,0,0.7390547204060933,-0.5232378193810593,0.3854325963148539,1.4611574523798023,2.297535503267853,4.564302455146428,0.820019710974203,0.4518459237699998,0.6359328173721014,0.0,0.0,0.0,0.0,0.0,54.35345145400538,0,0,0.0,0.0,0.0,54.35345145400538,0,0.0,0.0,54.35345145400538,0
SLG,34.869998931884766,0,0.5519169329073482,0.4480830670926518,0.9757744241461478,0.9866332497911444,0.0474386251627977,2.095065182975066,0,0,0,0,0,0,0,0,0,1.0,0,0.7791718583057503,-0.6660426734206819,0.0474386251627977,1.1231634812277462,2.095065182975066,4.361832134853641,0.9255562686283828,0.3749325831027491,0.650244425865566,0.0,0.0,0.0,0.0,0.0,34.57751250977998,0,0,0.0,0.0,0.0,34.57751250977998,0,0.0,0.0,34.57751250977998,0
TEAM,197.66000366210935,1,0.7344809598330725,0.2655190401669275,0.8093264248704664,0.8179302711676812,0.82012641372913,1.4365584326044194,198,198,0,395,0,395,791,1,1,1.0,1,0.7854021639621018,-0.6916098940091074,0.82012641372913,1.8958512697940786,1.4365584326044194,3.7033253844829943,0.6424921452150799,0.40434887174676964,0.5234205084809248,0.006325133134932696,0.0073292486894044875,0.0034675572822859425,543.3931996433696,345.3931996433696,182.81149401576104,2,0,-207.0245635284562,871.1996473945443,476.1996473945443,182.81149401576104,3,30.298405914284235,-167.70159408571575,207.0245635284562,-1
SSNT,4.0,1,0.9680511182108626,0.0319488817891373,0.9606830818109612,0.7205513784461153,0.4171747456174487,1.2807462045384514,0,0,0,0,0,0,0,0,0,1.0,0,0.8666123576692087,-1.1783808238574975,0.4171747456174487,1.4928996016823972,1.2807462045384514,3.5475131564170264,0.6236280997884418,0.22489514829240237,0.4242616240404221,0.0,0.0,0.0,0.0,0.0,3.952995828600982,0,0,0.0,0.0,0.0,3.952995828600982,0,0.0,0.0,3.952995828600982,0
BKNG,3206.22998046875,1,0.9125399361022364,0.0874600638977636,0.94241461477363,0.8847117794486216,0.5370507648227075,2.780154683410969,0,0,0,0,0,0,0,0,0,1.0,0,0.912614665546032,-1.7349719155726522,0.5370507648227075,1.612775620887656,2.780154683410969,5.046921635289544,0.4363801894468005,0.06029324523970224,0.24833671734325138,0.0,0.0,0.0,0.0,0.0,3184.1299979653795,0,0,0.0,0.0,0.0,3184.1299979653795,0,0.0,0.0,3184.1299979653795,0
