stock,price,sim1_direction,sim2_direction,sim3_direction,sim4_direction,sim5_direction,RSI,RSIRev,fair_value_mult,geomean,sharpe
A,172.7899932861328,1,1,0,1,1,0.9708,0.029200000000000004,0.9952267303102625,0.997071129707113,0.6330278534785021
AAON,89.0999984741211,1,1,0,1,1,0.8076,0.19240000000000002,0.9828957836117741,0.07824267782426778,0.5989260156764844
AAPL,341.07000732421875,1,1,0,1,1,0.7608,0.23919999999999997,0.7505966587112172,0.8648535564853557,1.0347663886490754
ABBV,264.3399963378906,0,0,1,0,0,0.6268,0.3732,0.5556881463802705,0.8577405857740585,0.8364338465341037
ABEV,2.9100000858306885,1,1,0,1,1,0.351,0.649,0.3723150357995227,0.29351464435146446,0.06872745804137174
ABNB,157.47000122070312,0,0,1,0,0,0.12916666666666668,0.8708333333333333,0.18638239339752408,0.5676691729323309,0.2608648599861414
ABT,101.29000091552734,0,0,1,0,0,0.08,0.92,0.09785202863961814,0.4221757322175732,0.5695127668588356
ACGBY,20.850000381469727,1,1,0,1,1,0.7732,0.2268,0.7171837708830548,0.8836820083682009,0.6711113911210665
ACGL,94.66000366210938,0,0,1,0,0,0.0648,0.9352,0.15871121718377088,0.22343096234309623,0.6198056008089127
ACN,176.11000061035156,0,0,1,0,0,0.2584,0.7416,0.09824980111376293,0.8418410041841005,0.35666799990216463
ADBE,235.47000122070312,0,0,1,0,0,0.1128,0.8872,0.0405727923627685,0.37447698744769875,0.4013502057781814
ADI,393.6000061035156,1,1,0,1,1,0.794,0.20599999999999996,0.9164677804295943,0.5531380753138075,0.7784412160863032
ADM,81.12000274658203,0,0,1,0,0,0.2124,0.7876,0.09108989657915673,0.6012552301255231,0.49184079885367454
ADP,263.6700134277344,0,0,1,0,0,0.154,0.846,0.11296738265712013,0.9108786610878661,0.6561694551436932
ADSK,209.39999389648438,0,0,1,0,0,0.094,0.906,0.049721559268098646,0.15313807531380752,0.47844822368167356
ADUS,113.19000244140625,0,0,1,0,0,0.1212,0.8788,0.18536197295147175,0.6347280334728034,0.5682509480269978
ADYEY,9.979999542236328,0,0,1,0,0,0.14770114942528736,0.8522988505747127,0.12827822120866592,0.29754601226993865,0.38580270615749057
AEE,99.38999938964844,0,0,1,0,0,0.006,0.994,0.060063643595863164,0.022594142259414227,0.5435996305065537
AEO,16.579999923706055,1,1,0,1,1,0.6556,0.34440000000000004,0.8050914876690533,0.5163179916317991,0.2968071151562012
AEP,118.3499984741211,0,0,1,0,0,0.05,0.95,0.1288782816229117,0.04602510460251046,0.5480466200431797
AES,14.869999885559082,1,1,0,1,1,0.8692,0.13080000000000003,0.4805091487669053,0.5606694560669456,0.3210448436896983
AFL,113.72000122070312,0,0,1,0,0,0.0696,0.9304,0.11256961018297534,0.07196652719665272,0.66604267873472
AG,19.010000228881836,0,0,1,0,0,0.4016,0.5984,0.3607796340493238,0.4899581589958159,0.40274678786329376
AIG,74.16999816894531,0,0,1,0,0,0.1748,0.8251999999999999,0.2346857597454256,0.298744769874477,0.31652864153063304
AIZ,265.0,0,0,1,0,0,0.0456,0.9544,0.05091487669053302,0.4309623430962343,0.6089750227868496
AJG,231.10000610351562,0,0,1,0,0,0.0676,0.9324,0.03778838504375497,0.23472803347280335,0.8314773558737154
AKAM,113.94000244140625,1,1,0,1,1,0.5272,0.4728,0.28082736674622116,0.27615062761506276,0.40133370510782346
ALB,109.7300033569336,0,0,1,0,0,0.1452,0.8548,0.10620525059665871,0.007112970711297071,0.3327729211812179
ALGN,146.77999877929688,0,0,1,0,0,0.2072,0.7928,0.220763723150358,0.22594142259414227,0.34397660840131533
ALL,227.60000610351562,0,0,1,0,0,0.0156,0.9844,0.016706443914081145,0.1410041841004184,0.6899649922418186
ALLE,154.47000122070312,0,0,1,0,0,0.4272,0.5728,0.4494828957836118,0.6104602510460251,0.48197384341172683
AMAT,485.0,1,1,0,1,1,0.5536,0.4464,0.8313444709626094,0.27824267782426776,0.8788459896097874
AMBA,72.68000030517578,1,1,0,1,1,0.6856,0.3144,0.8937947494033412,0.6326359832635984,0.31075139691192943
AMCR,42.5099983215332,0,0,1,0,0,0.2730597318163348,0.7269402681836652,0.21061029118468289,0.601673640167364,0.18685107410306181
AMD,630.6300048828125,1,1,0,1,1,0.9188,0.08120000000000005,0.9606205250596659,0.9966527196652719,1.0929182423639785
AME,250.74000549316406,1,1,0,1,1,0.7732,0.2268,0.918854415274463,0.5786610878661088,0.8343801088583302
AMGN,414.6099853515625,0,0,1,0,0,0.6156,0.38439999999999996,0.8870326173428799,0.806276150627615,0.5900748890201019
AMP,493.0,0,0,1,0,0,0.0132,0.9868,0.029832935560859187,0.2560669456066946,0.7070884924845454
AMT,169.02999877929688,0,0,1,0,0,0.1776,0.8224,0.147175815433572,0.2535564853556485,0.3824330906117611
AMZN,249.6699981689453,0,0,1,0,0,0.2252,0.7747999999999999,0.2354813046937152,0.45481171548117155,0.7197889334782455
ANET,206.5500030517578,1,1,0,1,1,0.6464,0.3536,0.6984884645982498,0.9573221757322176,1.0345964152365257
AON,277.989990234375,0,0,1,0,0,0.008,0.992,0.012728719172633254,0.00502092050209205,0.5398155770045688
AOS,58.650001525878906,1,1,0,1,1,0.418,0.5820000000000001,0.5182975338106603,0.3267782426778243,0.2724750676169677
APA,42.7400016784668,0,0,1,0,0,0.4604,0.5396000000000001,0.3206046141607001,0.6384937238493724,0.2932098888417455
APD,281.760009765625,0,0,1,0,0,0.0992,0.9008,0.12529832935560858,0.1891213389121339,0.502359642730973
APH,84.08999633789062,1,1,0,1,1,0.576,0.42400000000000004,0.8647573587907716,0.8309623430962343,0.9992106969348463
APO,121.69000244140625,0,0,1,0,0,0.0916,0.9084,0.10182975338106603,0.23389121338912133,0.800246299158561
APP,310.75,1,1,0,1,1,0.25535055350553504,0.744649446494465,0.3301680058436815,0.1598393574297189,0.7478843495897153
APTV,44.790000915527344,1,1,0,1,1,0.326,0.6739999999999999,0.45544948289578363,0.02594142259414226,0.15884847492723778
ARES,122.01000213623047,0,0,1,0,0,0.072,0.928,0.09347653142402546,0.25439330543933053,0.8065874071621844
AS,27.770000457763672,1,1,0,1,1,0.2534562211981567,0.7465437788018433,0.36390977443609024,0.07393715341959335,0.8094364283825114
ASML,1743.93994140625,1,1,0,1,1,0.514,0.486,0.6782020684168656,0.44518828451882847,0.9289259693190518
ASST,29.440000534057617,1,1,0,1,1,0.9333333333333333,0.06666666666666665,0.8851203501094091,0.9025316455696203,0.5527721371087227
ASX,44.310001373291016,1,1,0,1,1,0.828,0.17200000000000004,0.964200477326969,0.9661087866108786,0.8189102669333291
ATO,157.2100067138672,0,0,1,0,0,0.0172,0.9828,0.07955449482895784,0.0066945606694560665,0.5576364852963004
ATZAF,83.3499984741211,0,0,1,0,0,0.06589147286821706,0.9341085271317829,0.15283018867924528,0.03201970443349754,1.10757571008445
AU,99.02999877929688,0,0,1,0,0,0.2964,0.7036,0.2167859984089101,0.47782426778242676,0.6554884878046712
AVGO,352.80999755859375,0,0,0,0,0,0.1744,0.8256,0.24184566428003182,0.08912133891213389,1.0332047335642143
AVY,170.33999633789062,0,0,1,0,0,0.3268,0.6732,0.28957836117740654,0.4330543933054393,0.4934881164830929
AWK,130.91000366210938,0,0,1,0,0,0.048,0.952,0.05171042163882259,0.33389121338912137,0.42786314936783953
AXON,430.1099853515625,0,0,1,0,0,0.074,0.926,0.042561654733492445,0.16359832635983262,0.7889142755222778
AXP,308.8900146484375,0,0,1,0,0,0.0776,0.9224,0.1618933969769292,0.1108786610878661,0.698909328386768
AZN,166.5800018310547,1,1,0,1,1,0.5444,0.4556,0.6288782816229117,0.09456066945606695,0.5975252700072627
AZO,2872.159912109375,1,1,0,1,1,0.2752,0.7248,0.3031026252983294,0.052719665271966525,0.6331354378876789
B,42.880001068115234,0,0,1,0,0,0.4436,0.5564,0.3933969769291965,0.5619246861924686,0.4776172919522196
BA,198.07000732421875,0,0,1,0,0,0.1344,0.8656,0.22911694510739858,0.20334728033472804,0.32908822275565125
BABA,109.73999786376953,0,0,1,0,0,0.2716,0.7283999999999999,0.22315035799522673,0.32217573221757323,0.23659485641756217
BAC,56.70000076293945,0,0,1,0,0,0.044,0.956,0.10381861575178998,0.41338912133891215,0.6611918113723718
BAESY,104.77999877929688,0,0,1,0,0,0.1528,0.8472,0.11296738265712013,0.20627615062761506,0.7404552928939989
BAH,72.94999694824219,0,0,1,0,0,0.208,0.792,0.10182975338106603,0.4476987447698745,0.5012638039893188
BALL,56.83000183105469,0,0,1,0,0,0.0124,0.9876,0.034606205250596656,0.2518828451882845,0.3092457445693111
BAX,23.3700008392334,0,0,1,0,0,0.176,0.8240000000000001,0.21519490851233095,0.8899581589958159,-0.03150267087565892
BBY,90.51000213623047,0,0,1,0,0,0.5504,0.4496,0.5107398568019093,0.9573221757322176,0.5171170876991902
BCC,77.13999938964844,0,0,1,0,0,0.3904,0.6095999999999999,0.4630071599045346,0.402092050209205,0.5690048210645922
BDX,183.82000732421875,0,0,1,0,0,0.6116,0.38839999999999997,0.6336515513126492,0.9824267782426779,0.31401718483384417
BEKE,16.329999923706055,0,0,1,0,0,0.30531845042678923,0.6946815495732108,0.41574495770982434,0.5520169851380042,0.18154137632915318
BEN,33.02000045776367,0,0,1,0,0,0.3428,0.6572,0.3937947494033413,0.8744769874476988,0.3023999621746381
BG,109.0,0,0,1,0,0,0.1416,0.8584,0.042561654733492445,0.20334728033472804,0.4448228380522586
BHP,84.97000122070312,0,0,1,0,0,0.1788,0.8212,0.18894192521877487,0.49832635983263596,0.68899022246987
BIDU,87.33000183105469,1,1,0,1,1,0.1144,0.8855999999999999,0.1722354813046937,0.029707112970711297,0.06289509767187215
BIIB,227.60000610351562,1,1,0,1,1,0.8824,0.11760000000000004,0.8615751789976134,0.900418410041841,0.12230284587925572
BKH,70.45999908447266,0,0,1,0,0,0.2108,0.7892,0.23707239459029436,0.27866108786610877,0.31148391839280165
BKNG,163.9499969482422,0,0,1,0,0,0.0628,0.9372,0.08870326173428798,0.06778242677824267,0.489148477507165
BKR,57.83000183105469,0,0,1,0,0,0.2148,0.7852,0.3492442322991249,0.2759414225941423,0.3956402593785207
BLDR,59.16999816894531,0,0,1,0,0,0.1712,0.8288,0.3432776451869531,0.08577405857740586,0.5786113659861701
BLFS,38.4900016784668,0,0,1,0,0,0.9044,0.09560000000000002,0.7382657120127287,0.8635983263598327,0.7953897664780978
BLK,1086.31005859375,0,0,1,0,0,0.356,0.644,0.4120922832140016,0.44142259414225943,0.624750634785787
BMY,62.86000061035156,0,0,1,0,0,0.3012,0.6988,0.3643595863166269,0.5606694560669456,0.31716993331046045
BNDW,66.14830017089844,0,0,1,0,0,0.09253731343283582,0.9074626865671642,0.0983201581027668,0.1231578947368421,0.3325793008699079
BR,163.77000427246094,0,0,1,0,0,0.2028,0.7972,0.1583134447096261,0.4171548117154812,0.5440346913025289
BRO,60.81999969482422,0,0,1,0,0,0.0172,0.9828,0.017899761336515514,0.17615062761506275,0.6483881307506363
BROS,37.88999938964844,0,0,1,0,0,0.0024019215372297837,0.9975980784627703,0.05779889152810768,0.007023705004389816,0.3292758078459535
BSX,43.91999816894531,0,0,1,0,0,0.1888,0.8112,0.15194908512330946,0.05481171548117155,0.36296788954349357
BTG,5.480000019073486,0,0,1,0,0,0.6696,0.3304,0.6591089896579156,0.8728033472803347,0.4229929615556355
BURL,254.69000244140625,1,1,0,0,0,0.1832,0.8168,0.34844868735083534,0.11631799163179916,0.4782114722656411
BX,118.41999816894531,0,0,1,0,0,0.0348,0.9652000000000001,0.05767700875099443,0.14435146443514643,0.7320246393928954
BXP,63.400001525878906,0,0,1,0,0,0.2064,0.7936,0.2724741447891806,0.6179916317991632,0.046364668697447105
BYDDY,9.979999542236328,0,0,1,0,0,0.08,0.92,0.18297533810660302,0.151673640167364,0.5638627659652259
BYND,8.350000381469727,0,0,1,0,0,0.07038440714672442,0.9296155928532756,0.03707684040838259,0.00978698906160046,-0.16631754880330302
BYRN,3.490000009536743,1,1,0,1,1,0.2967662709783054,0.7032337290216946,0.2497991967871486,0.08284518828451883,0.5104406710016093
C,134.27999877929688,0,0,1,0,0,0.3908,0.6092,0.42760540970564836,0.5945606694560669,0.5821754160433072
CAG,14.319999694824219,0,0,1,0,0,0.0952,0.9048,0.05409705648369133,0.4581589958158996,-0.03873750219303736
CAH,220.22000122070312,0,0,1,0,0,0.0532,0.9468,0.0954653937947494,0.4205020920502092,0.6036575330603319
CARR,56.369998931884766,1,1,0,1,1,0.2529230769230769,0.7470769230769231,0.45332519829164125,0.11155115511551156,0.8559065096706138
CART,43.189998626708984,0,0,1,0,0,0.06317204301075269,0.9368279569892473,0.11081794195250659,0.25236593059936907,0.4098485166142816
CASY,598.4600219726562,0,0,1,0,0,0.0116,0.9884,0.03699284009546539,0.0033472803347280333,0.7383849536245971
CAT,821.5800170898438,1,1,0,1,1,0.4304,0.5696,0.5302307080350039,0.2205020920502092,0.960519137867026
CB,333.3699951171875,0,0,1,0,0,0.0868,0.9132,0.14598249801113763,0.2405857740585774,0.6095680261109397
CBRE,134.5500030517578,0,0,1,0,0,0.1088,0.8912,0.081145584725537,0.20167364016736403,0.6405200886134587
CCI,67.83999633789062,0,0,1,0,0,0.0332,0.9668,0.023070803500397773,0.024267782426778243,0.1628527230427417
CCL,22.25,0,0,1,0,0,0.1288,0.8712,0.2844073190135243,0.13598326359832635,0.18754956846830043
CDNS,326.1300048828125,1,1,0,1,1,0.6916,0.3084,0.9661893396976929,0.22426778242677825,0.9204458375030786
CDW,135.42999267578125,0,0,1,0,0,0.1312,0.8688,0.023070803500397773,0.6615062761506276,0.5430256812391048
CEG,263.2699890136719,0,0,1,0,0,0.20051635111876076,0.7994836488812392,0.25170068027210885,0.20627376425855512,1.0650166244318118
CELH,27.989999771118164,0,0,1,0,0,0.2616,0.7384,0.29594272076372313,0.3317991631799163,0.882805480542178
CF,114.66999816894531,0,0,1,0,0,0.044,0.956,0.00994431185361973,0.2690376569037657,0.6740442127557243
CFG,65.52999877929688,0,0,1,0,0,0.0788,0.9212,0.1579156722354813,0.3410041841004184,0.5554793857540112
CHD,96.37999725341797,0,0,1,0,0,0.3372,0.6628000000000001,0.41328560063643593,0.3317991631799163,0.4872618098403355
CHRW,147.10000610351562,1,1,0,1,1,0.1816,0.8184,0.14399363564041368,0.011715481171548118,0.47851415813591897
CHTR,112.91000366210938,0,0,1,0,0,0.0532,0.9468,0.0147175815433572,0.00041841004184100416,-0.07282600681528377
CHWY,18.270000457763672,0,0,1,0,0,0.02806824435883324,0.9719317556411667,0.05133806663025669,0.1833626244874048,0.1527125273044319
CI,272.010009765625,0,0,1,0,0,0.264,0.736,0.24303898170246618,0.28451882845188287,0.42934106593004173
CICHY,24.329999923706055,0,0,1,0,0,0.5188,0.48119999999999996,0.39817024661893397,0.7569037656903765,0.6076949761562513
CIGI,90.41999816894531,0,0,1,0,0,0.1688,0.8311999999999999,0.1722354813046937,0.12761506276150628,0.40145573769299053
CINF,162.5399932861328,0,0,1,0,0,0.0252,0.9748,0.07836117740652347,0.11589958158995815,0.5069048686882626
CL,86.05999755859375,0,0,1,0,0,0.1492,0.8508,0.17104216388225935,0.2933054393305439,0.3004520506875377
CLPBY,6.449999809265137,0,0,1,0,0,0.1756,0.8244,0.25258552108194116,0.45690376569037655,0.12434373750360855
CLX,83.80000305175781,0,0,1,0,0,0.0844,0.9156,0.0405727923627685,0.06569037656903766,0.08414121741471052
CMCSA,21.90999984741211,0,0,1,0,0,0.0148,0.9852,0.017899761336515514,0.0100418410041841,0.10522988848845662
CME,264.4800109863281,0,0,1,0,0,0.142,0.858,0.06563245823389022,0.3799163179916318,0.6629570246564888
CMG,31.329999923706055,0,0,1,0,0,0.0632,0.9368,0.02784407319013524,0.24184100418410043,0.5447211116964578
CMI,525.0599975585938,0,0,0,0,0,0.0436,0.9564,0.12012728719172633,0.015899581589958158,0.7496234759289911
CMS,62.95000076293945,0,0,1,0,0,0.0016,0.9984,0.025855210819411296,0.0066945606694560665,0.4209393012576781
CNC,61.81999969482422,0,0,1,0,0,0.1744,0.8256,0.08194112967382657,0.9543933054393305,0.3567220496396425
CNP,36.84000015258789,0,0,1,0,0,0.0172,0.9828,0.04375497215592681,0.027196652719665274,0.4133413270934415
CNQ,47.40999984741211,0,0,1,0,0,0.1848,0.8152,0.13086714399363564,0.47824267782426777,0.6095126692254749
COF,200.1999969482422,0,0,1,0,0,0.1416,0.8584,0.2060461416070008,0.38535564853556487,0.5135170242852785
COIN,195.11000061035156,1,1,0,1,1,0.7610619469026548,0.23893805309734517,0.7693430656934307,0.5898876404494382,0.3060050682731703
COO,55.380001068115234,0,0,1,0,0,0.0594,0.9406,0.17780429594272076,0.048744769874476984,0.22085170416004515
COP,127.30000305175781,0,0,1,0,0,0.272,0.728,0.16984884645982498,0.5389121338912134,0.5795923464479442
COR,306.9200134277344,0,0,1,0,0,0.1276,0.8724000000000001,0.0958631662688942,0.4715481171548117,0.7202640576511199
COST,922.7650146484375,1,1,0,1,1,0.4096,0.5904,0.5847255369928401,0.05774058577405858,1.0096339745052723
CP,86.91000366210938,0,0,1,0,0,0.1088,0.8912,0.17024661893396978,0.31255230125523015,0.5911621100250722
CPAY,398.1099853515625,0,0,1,0,0,0.3048,0.6952,0.301909307875895,0.803347280334728,0.42179224042915286
CPB,19.3700008392334,0,0,1,0,0,0.0436,0.9564,0.007159904534606206,0.10920502092050209,-0.13246501956458198
CPNG,13.880000114440918,0,0,1,0,0,0.07215373459028282,0.9278462654097172,0.135678391959799,0.14696611505122142,-0.17738579126659246
CPRT,27.59000015258789,0,0,1,0,0,0.052,0.948,0.012330946698488464,0.16903765690376568,0.6443919123817675
CRDO,210.97000122070312,1,1,0,1,1,0.6150519031141869,0.3849480968858131,0.9,0.5841300191204589,1.1745394537968379
CRH,85.04000091552734,0,0,1,0,0,0.0696,0.9304,0.09466984884645982,0.024686192468619247,0.544154028986507
CRL,292.8399963378906,0,0,1,0,0,0.6892,0.31079999999999997,0.771678599840891,0.9778242677824268,0.5258600107968576
CRM,234.02000427246094,0,0,1,0,0,0.4024,0.5976,0.21121718377088305,0.8594142259414226,0.5172332752488924
CROX,126.13999938964844,1,1,0,1,1,0.654,0.346,0.6949085123309467,0.5535564853556485,0.7689363210648779
CRWD,252.1300048828125,1,1,0,1,1,0.7311709730621221,0.2688290269378779,0.8096017457719585,0.9514335868929198,0.9761099270349082
CSCO,106.69999694824219,0,0,1,0,0,0.1808,0.8192,0.14956245027844073,0.5447698744769874,0.7147192462909411
CSGP,28.09000015258789,0,0,1,0,0,0.1204,0.8796,0.06483691328560064,0.07740585774058577,0.2468851926223405
CSX,46.779998779296875,0,0,1,0,0,0.0844,0.9156,0.1364359586316627,0.34853556485355647,0.7484479251518785
CTAS,199.91000366210938,0,0,1,0,0,0.3416,0.6584,0.45584725536992843,0.4707112970711297,0.9074602807736278
CTSH,57.33000183105469,0,0,1,0,0,0.2504,0.7496,0.07000795544948289,0.9276150627615063,0.21592839038428857
CTVA,78.5199966430664,0,0,1,0,0,0.11141452758055707,0.888585472419443,0.07588075880758807,0.17780360255665312,0.618266569051878
CVCO,557.280029296875,1,1,0,1,1,0.4728,0.5272,0.5739856801909308,0.38702928870292885,0.6221171185985048
CVNA,65.05999755859375,0,0,1,0,0,0.2261904761904762,0.7738095238095238,0.30346576500422656,0.23550401427297057,0.84288298745011
CVS,89.12999725341797,0,0,1,0,0,0.2,0.8,0.30668257756563244,0.49372384937238495,0.2506777423526497
CVX,204.4499969482422,0,0,1,0,0,0.368,0.632,0.21081941129673826,0.7108786610878661,0.5408836454597702
D,60.68000030517578,0,0,1,0,0,0.01,0.99,0.03659506762132061,0.12677824267782425,0.2034353185359295
DAL,84.94000244140625,1,1,0,1,1,0.682,0.31799999999999995,0.8249801113762928,0.693723849372385,0.4305014066675791
DASH,193.36000061035156,0,0,1,0,0,0.208882720333102,0.7911172796668979,0.2907216494845361,0.4274981217129977,0.28781246134060556
DASTY,23.959999084472656,0,0,1,0,0,0.3384,0.6616,0.3130469371519491,0.5305439330543933,0.2795812413367526
DD,131.7100067138672,1,1,0,1,1,0.4068,0.5932,0.4904534606205251,0.25313807531380755,0.33655574930334714
DDOG,268.1300048828125,1,1,0,1,1,0.8451428571428572,0.1548571428571428,0.9444444444444444,0.9298780487804879,0.7627002525877458
DE,690.4600219726562,1,1,0,1,1,0.6304,0.36960000000000004,0.5393794749403341,0.7874476987447698,0.8992096082499346
DECK,78.66999816894531,1,1,0,1,1,0.0956,0.9044,0.17740652346857597,0.07698744769874477,0.696210753207812
DELL,562.8900146484375,1,1,0,1,1,0.5744,0.4256,0.8210023866348448,0.9794979079497907,1.0689133863757205
DEO,87.5199966430664,0,0,1,0,0,0.378,0.622,0.3607796340493238,0.6376569037656904,0.10311440358814515
DG,124.83999633789062,0,0,1,0,0,0.4652,0.5347999999999999,0.42720763723150357,0.5953974895397489,0.3812344598908487
DGX,236.32000732421875,0,0,1,0,0,0.3292,0.6708000000000001,0.29156722354813047,0.8280334728033473,0.63110115576805
DHI,141.50999450683594,1,1,0,1,1,0.3856,0.6144000000000001,0.4630071599045346,0.23221757322175732,0.6436510977723098
DHR,224.49000549316406,1,1,0,1,1,0.8996,0.10040000000000004,0.9379474940334129,0.9242677824267782,0.6084165939103642
DIS,106.1500015258789,0,0,1,0,0,0.5792,0.42079999999999995,0.6292760540970564,0.6259414225941422,0.22255058442375114
DKNG,22.020000457763672,0,0,1,0,0,0.18893236444941308,0.8110676355505869,0.31669439822518025,0.24002382370458605,0.49502455983387117
DKS,136.42999267578125,1,1,0,1,1,0.266,0.734,0.6519490851233095,0.04811715481171548,0.4747490047324298
DLTR,114.06999969482422,0,0,1,0,0,0.2052,0.7948,0.19649960222752585,0.5543933054393305,0.2836343428030104
DOCS,26.350000381469727,0,0,1,0,0,0.6738131699846861,0.3261868300153139,0.5575757575757576,0.8520066889632107,0.13832328579386363
DOCU,67.5,0,0,1,0,0,0.598286530223703,0.40171346977629696,0.46761229314420805,0.802611752887996,0.40159993039096914
DOV,191.8800048828125,1,1,0,1,1,0.3108,0.6892,0.441527446300716,0.07447698744769875,0.6575518009987825
DOW,28.020000457763672,0,0,1,0,0,0.16302610548748003,0.83697389451252,0.12480169222633528,0.06734578381437464,0.13743681259729384
DPZ,292.1400146484375,0,0,1,0,0,0.0536,0.9464,0.0330151153540175,0.09037656903765691,0.40230165634866283
DRD,25.209999084472656,0,0,1,0,0,0.3728,0.6272,0.3023070803500398,0.5359832635983264,0.6317204421840266
DRI,199.75,0,0,1,0,0,0.0944,0.9056,0.028241845664280032,0.16527196652719664,0.5818821427428261
DTE,121.44000244140625,0,0,1,0,0,0.0012,0.9988,0.015910898965791568,0.008786610878661089,0.43628818951843873
DTST,3.130000114440918,1,1,0,1,1,0.7712,0.2288,0.7822098125249302,0.3372384937238494,0.4787413988641347
DUK,113.3499984741211,0,0,1,0,0,0.0152,0.9848,0.032219570405727926,0.02594142259414226,0.45947991201835564
DUOL,143.50999450683594,0,0,1,0,0,0.4372564302416212,0.5627435697583788,0.40400925212027755,0.6837169650468883,0.3466863798524852
DVA,178.47000122070312,0,0,1,0,0,0.2356,0.7644,0.16507557677008752,0.2820083682008368,0.46053197579859184
DVN,47.04999923706055,0,0,1,0,0,0.3836,0.6164000000000001,0.27844073190135243,0.5539748953974896,0.36021469352046426
DXCM,86.62000274658203,0,0,1,0,0,0.4068,0.5932,0.3599840891010342,0.7251046025104603,0.52031130804722
EA,209.6999969482422,0,0,0,0,0,,,0.6052631578947368,0.525,
EBAY,107.9000015258789,1,1,0,1,1,0.4588,0.5412,0.35918854415274465,0.5217573221757322,0.5910161341843045
EC,16.579999923706055,0,0,1,0,0,0.1972,0.8028,0.1869530628480509,0.6154811715481171,0.5980176565341458
ECL,279.489990234375,1,1,0,1,1,0.5504,0.4496,0.6058074781225139,0.5397489539748954,0.5090858148448465
ED,103.0999984741211,0,0,1,0,0,0.0976,0.9024,0.13524264120922833,0.1200836820083682,0.40506999420148
EDIT,2.5799999237060547,0,0,1,0,0,0.2708,0.7292000000000001,0.23826571201272873,0.4071129707112971,0.20142482870176118
EEM,67.9800033569336,1,1,0,1,1,0.5452,0.4548,0.552903739061257,0.8142259414225942,0.5021205015657186
EIX,52.650001525878906,0,0,1,0,0,0.0476,0.9524,0.02545743834526651,0.015899581589958158,0.17198174283622242
EL,94.47000122070312,0,0,1,0,0,0.3432,0.6568,0.21161495624502785,0.6698744769874477,0.241934402989018
ELF,99.51000213623047,0,0,1,0,0,0.5208,0.47919999999999996,0.507557677008751,0.7979079497907949,0.5320137078935366
ELV,396.0899963378906,0,0,1,0,0,0.2236,0.7764,0.1507557677008751,0.8535564853556485,0.5720474020628786
EMBJ,78.62999725341797,1,1,0,1,1,0.8816,0.11839999999999995,0.7840095465393795,0.8125523012552301,0.5529117510273202
EME,762.2100219726562,1,1,0,1,1,0.4184,0.5816,0.5202863961813843,0.1309623430962343,0.947065068582131
EMR,158.22999572753906,1,1,0,1,1,0.7156,0.2844,0.854813046937152,0.7464435146443514,0.6159179459254522
ENPH,32.400001525878906,0,0,1,0,0,0.0608,0.9392,0.15910898965791567,0.018410041841004185,0.8069456493192848
ENSG,175.17999267578125,1,1,0,1,1,0.4192,0.5808,0.4383452665075577,0.31464435146443515,0.8035580587200839
EOG,140.35000610351562,0,0,1,0,0,0.2444,0.7556,0.18377088305489261,0.4213389121338912,0.3973645835037419
EPAM,108.2300033569336,0,0,1,0,0,0.2548,0.7452,0.1618933969769292,0.46694560669456064,0.3486352893467288
EQT,50.810001373291016,0,0,1,0,0,0.1812,0.8188,0.33929992044550517,0.2288702928870293,0.3115134130021322
ERIE,222.86000061035156,0,0,1,0,0,0.07,0.9299999999999999,0.01392203659506762,0.3389121338912134,0.48822614712715784
ES,63.66999816894531,0,0,1,0,0,0.012,0.988,0.03341288782816229,0.06150627615062761,0.31723370461282624
ETN,439.9800109863281,1,1,0,1,1,0.6136,0.38639999999999997,0.8922036595067622,0.6297071129707112,0.8546079373890941
ETR,98.56999969482422,0,0,1,0,0,0.0172,0.9828,0.032219570405727926,0.026778242677824266,0.6465955982088349
EVRG,78.04000091552734,0,0,1,0,0,0.0544,0.9456,0.08154335719968178,0.07196652719665272,0.4139395632125907
EW,86.29000091552734,0,0,1,0,0,0.2172,0.7827999999999999,0.22871917263325378,0.32259414225941424,0.40806971586449026
EWT,114.77999877929688,1,1,0,1,1,0.7244,0.27559999999999996,0.8269689737470167,0.9933054393305439,0.934272386859764
EWY,187.17999267578125,1,1,0,1,1,0.5936,0.4064,0.7430389817024662,0.8351464435146444,0.6121660688850961
EXC,40.34000015258789,0,0,1,0,0,0.0048,0.9952,0.025059665871121718,0.02384937238493724,0.47024020239020187
EXE,86.83999633789062,0,0,1,0,0,0.0407433881343817,0.9592566118656183,0.12809624911535739,0.05430566330488751,0.6412043329053545
EXPD,187.4600067138672,0,0,1,0,0,0.3932,0.6068,0.32895783611774065,0.897907949790795,0.6927738532641343
EXPE,264.1700134277344,0,0,1,0,0,0.1016,0.8984,0.07875894988066826,0.3234309623430962,0.43518042388537004
F,12.710000038146973,0,0,1,0,0,0.1216,0.8784,0.08392999204455051,0.18870292887029289,0.34331182935751364
FANG,186.6699981689453,0,0,1,0,0,0.126,0.874,0.15672235481304694,0.3087866108786611,0.45740132895945534
FAST,50.43000030517578,0,0,1,0,0,0.5644,0.4356,0.5385839299920445,0.5255230125523013,0.8339264693059657
FCX,72.30999755859375,0,0,1,0,0,0.4752,0.5247999999999999,0.43476531424025455,0.5941422594142259,0.6635547633482073
FDS,273.0799865722656,0,0,1,0,0,0.2708,0.7292000000000001,0.12132060461416071,0.7602510460251046,0.3344993084828512
FDX,285.8500061035156,0,0,1,0,0,0.0596,0.9404,0.05489260143198091,0.19205020920502092,0.42968482039836553
FE,43.29999923706055,0,0,1,0,0,0.0096,0.9904,0.031424025457438345,0.07280334728033473,0.38634361048604327
FICO,863.0900268554688,0,0,1,0,0,0.034,0.966,0.01909307875894988,0.0200836820083682,0.6839976831048924
FIS,35.40999984741211,0,0,1,0,0,0.0588,0.9412,0.06722354813046937,0.09748953974895397,-0.03657033857371739
FISV,46.47999954223633,0,0,1,0,0,0.0744,0.9256,0.0552903739061257,0.09874476987447699,0.15375078870909234
FITB,52.099998474121094,0,0,1,0,0,0.1096,0.8904,0.1801909307875895,0.3677824267782427,0.5379912937177453
FIVN,35.77000045776367,0,0,1,0,0,0.6768,0.32320000000000004,0.6778042959427207,0.994142259414226,0.42929113406398867
FIX,1658.9100341796875,1,1,0,1,1,0.4304,0.5696,0.5652346857597454,0.23514644351464434,1.1693225371718055
FN,417.3900146484375,1,1,0,1,1,0.3956,0.6044,0.5007955449482896,0.019246861924686193,0.7041626999910422
FND,47.060001373291016,0,0,1,0,0,0.22991925201869953,0.7700807479813004,0.26404731727925645,0.24609897458760588,0.3279408385557881
FNV,257.8699951171875,0,0,1,0,0,0.45,0.55,0.31941129673826574,0.697907949790795,0.6104282336941618
FOX,56.540000915527344,0,0,1,0,0,0.21147715196599362,0.7885228480340064,0.17932489451476794,0.7014672686230248,0.35846565202672925
FOXA,63.06999969482422,0,0,1,0,0,0.1821561338289963,0.8178438661710037,0.15129151291512916,0.6875352509870276,0.41183735703289415
FPS,38.970001220703125,1,1,0,1,1,0.6394557823129252,0.3605442176870748,0.7888198757763976,0.5121951219512195,0.9700074706050523
FRT,110.5199966430664,0,0,1,0,0,0.0248,0.9752,0.19451073985680192,0.2489539748953975,0.1498769491455727
FSBW,44.18000030517578,1,1,0,1,1,0.6516,0.34840000000000004,0.5576770087509945,0.6267782426778242,0.5735280721073501
FSKAX,211.85000610351562,0,0,1,0,0,0.3364,0.6636,,0.8127615062761506,0.8473831260585238
FSLR,177.7100067138672,0,0,1,0,0,0.0972,0.9028,0.0405727923627685,0.020502092050209204,0.5596375579295237
FTNT,173.4600067138672,0,0,1,0,0,0.5912,0.40880000000000005,0.6392203659506762,0.9953974895397489,0.9811677837174292
FTV,56.09000015258789,1,1,0,0,0,0.2656,0.7343999999999999,0.345266507557677,0.18368200836820084,0.3571810410431244
FUVV,9.999999747378752e-05,0,0,1,0,0,0.567747667703243,0.43225233229675697,0.8039735099337748,0.7447454460532461,0.5752671341151628
FXI,33.959999084472656,0,0,1,0,0,0.156,0.844,0.19451073985680192,0.3887029288702929,0.18824242805908215
GD,336.7200012207031,0,0,1,0,0,0.0044,0.9956,0.027446300715990454,0.1389121338912134,0.5530727826456125
GDDY,97.13999938964844,0,0,1,0,0,0.3928,0.6072,0.22633253778838505,0.6619246861924686,0.47684855300643414
GDX,92.87000274658203,0,0,1,0,0,0.3796,0.6204000000000001,0.23587907716786,0.6192468619246861,0.547241582023869
GE,327.0899963378906,0,0,1,0,0,0.3668,0.6332,0.5469371519490851,0.4502092050209205,0.44082529132702386
GEHC,66.62999725341797,0,0,1,0,0,0.39764201500535906,0.602357984994641,0.5068637803590285,0.479951397326853,0.25581418594263017
GEN,21.6200008392334,0,0,1,0,0,0.0064,0.9936,0.0003977724741447892,0.1803347280334728,0.34842266679386075
GEV,957.6300048828125,1,1,0,1,1,0.34094616639477976,0.6590538336052203,0.4258373205741627,0.0775347912524851,1.7762319091203533
GFI,40.380001068115234,0,0,1,0,0,0.2324,0.7676000000000001,0.1467780429594272,0.41380753138075316,0.7102466657771269
GGEI,9.999999747378752e-05,0,0,1,0,0,0.562,0.43799999999999994,0.5926809864757359,0.742050209205021,0.5475559945827306
GIL,40.97999954223633,0,0,1,0,0,0.0156,0.9844,0.010342084327764518,0.030543933054393305,0.33358082388445703
GILD,150.92999267578125,1,1,0,1,1,0.798,0.20199999999999996,0.7382657120127287,0.8669456066945607,0.5119664709114488
GIS,33.63999938964844,0,0,1,0,0,0.0492,0.9508,0.00477326968973747,0.19623430962343097,-0.0026619461367512905
GL,167.0399932861328,0,0,1,0,0,0.0464,0.9536,0.08353221957040573,0.499163179916318,0.5148835963673952
GLD,393.4100036621094,0,0,1,0,0,0.2656,0.7343999999999999,0.1249005568814638,0.17280334728033472,0.7719866409447915
GLOB,34.5,0,0,1,0,0,0.192,0.808,0.09864757358790771,0.28535564853556483,0.2120703823091845
GLW,156.74000549316406,1,1,0,1,1,0.4464,0.5536,0.6471758154335719,0.033891213389121336,0.773281416970921
GM,82.62999725341797,0,0,1,0,0,0.318,0.6819999999999999,0.27048528241845665,0.4560669456066946,0.49364332028875546
GMED,74.5199966430664,0,0,1,0,0,0.156,0.844,0.2533810660302307,0.1,0.5168853777130157
GNRC,208.13999938964844,1,1,0,1,1,0.6256,0.37439999999999996,0.6109785202863962,0.21464435146443514,0.6237194008239495
GOOG,341.0799865722656,1,1,0,1,1,0.3552,0.6448,0.3309466984884646,0.3476987447698745,0.8906214127947298
GPC,129.61000061035156,0,0,1,0,0,0.3256,0.6744,0.29872712808273666,0.901255230125523,0.3438642815191815
GPN,86.48999786376953,0,0,1,0,0,0.37,0.63,0.360381861575179,0.850836820083682,0.23057212361638885
GRAB,3.130000114440918,0,0,1,0,0,0.42363510711817554,0.5763648928818245,0.6680355920602327,0.3530291697830965,-0.08389889725096265
GRMN,294.1400146484375,1,1,0,1,1,0.7544,0.24560000000000004,0.903739061256961,0.6782426778242678,0.863451324866388
GS,935.4500122070312,0,0,1,0,0,0.0884,0.9116,0.10342084327764518,0.22217573221757322,0.8032056390634564
GSK,49.2400016784668,0,0,1,0,0,0.2508,0.7492,0.19451073985680192,0.09288702928870293,0.38103257818502284
GWW,1243.0699462890625,0,0,1,0,0,0.1072,0.8928,0.14518695306284804,0.3694560669456067,0.8083780511169399
HAL,32.7599983215332,0,0,1,0,0,0.1646,0.8354,0.15990453460620524,0.252928870292887,0.226633323604969
HBAN,15.640000343322754,0,0,1,0,0,0.1104,0.8896,0.1957040572792363,0.17280334728033472,0.43624417305943386
HCA,435.6099853515625,1,1,0,1,1,0.6216,0.37839999999999996,0.6670644391408115,0.33347280334728036,0.7244945895651416
HD,293.20001220703125,0,0,1,0,0,0.0448,0.9552,0.06523468575974542,0.059414225941422594,0.5628766731864697
HDB,23.010000228881836,1,1,0,1,1,0.4488,0.5512,0.44351630867143993,0.199581589958159,0.26003775783513305
HEINY,40.5,0,0,1,0,0,0.1604,0.8396,0.18337311058074782,0.4292887029288703,0.15833908195154198
HESAY,155.14999389648438,0,0,1,0,0,0.0412,0.9588,0.15274463007159905,0.0602510460251046,0.6409622996936382
HGBL,1.3300000429153442,1,1,0,1,1,0.6752,0.3248,0.7271280827366746,0.5845188284518829,0.5363269076005721
HHH,68.43000030517578,1,1,0,1,1,0.792,0.20799999999999996,0.9630071599045346,0.5092050209205021,0.05399737618940837
HIG,124.2300033569336,0,0,1,0,0,0.0036,0.9964,0.016308671439936355,0.038493723849372385,0.5909242228101045
HII,264.0199890136719,0,0,1,0,0,0.02,0.98,0.04733492442322991,0.016317991631799162,0.39336566712981996
HLT,313.9599914550781,1,1,0,1,1,0.3928,0.6072,0.4669848846459825,0.12677824267782425,0.8201577892147294
HMC,32.93000030517578,0,0,1,0,0,0.7692,0.2308,0.7505966587112172,0.9916317991631799,0.2791274427351201
HMY,18.969999313354492,0,0,1,0,0,0.3544,0.6456,0.28997613365155134,0.47782426778242676,0.6025696829198399
HON,212.5500030517578,1,1,0,1,1,0.3928,0.6072,0.6276849642004774,0.09539748953974896,0.48334143400372287
HOOD,119.4000015258789,1,1,0,1,1,0.6669266770670826,0.33307332293291736,0.6473765432098766,0.7286689419795221,0.6841918131648206
HPE,62.939998626708984,1,1,0,1,1,0.7628,0.23719999999999997,0.9606205250596659,0.9966527196652719,0.6724122614307745
HPQ,31.299999237060547,0,0,1,0,0,0.3972,0.6028,0.17104216388225935,0.9556485355648535,0.48000489274311436
HRL,19.709999084472656,0,0,1,0,0,0.0092,0.9908,0.014319809069212411,0.01506276150627615,-0.03824230209113307
HSIC,86.37000274658203,0,0,1,0,0,0.3404,0.6596,0.40572792362768495,0.8305439330543933,0.24824390612978553
HSY,166.3699951171875,0,0,1,0,0,0.0664,0.9336,0.09824980111376293,0.05690376569037657,0.4651537612989144
HUBB,466.6199951171875,1,1,0,1,1,0.4816,0.5184,0.6316626889419252,0.1087866108786611,0.7251126867436384
HUM,397.92999267578125,0,0,1,0,0,0.5988,0.4012,0.6782020684168656,0.9891213389121339,0.43726304080226164
HWM,232.47999572753906,0,0,1,0,0,0.12126111560226355,0.8787388843977364,0.2202980265807491,0.08164128595600677,0.9192681444941855
IBIT,47.56999969482422,1,1,0,1,1,0.8601503759398497,0.13984962406015033,0.812960235640648,0.7387387387387387,0.6834815228827675
IBKR,89.23999786376953,0,0,1,0,0,0.278,0.722,0.24821002386634844,0.6401673640167364,0.8755786654830294
IBM,225.50999450683594,0,0,1,0,0,0.2024,0.7976,0.07239459029435164,0.021338912133891212,0.4428988655044352
IBN,27.920000076293945,0,0,1,0,0,0.054,0.946,0.13206046141607,0.31506276150627616,0.6115733276761887
ICE,154.30999755859375,0,0,1,0,0,0.3048,0.6952,0.23786793953858393,0.6866108786610878,0.6319166441382156
IDXX,519.260009765625,0,0,1,0,0,0.268,0.732,0.34009546539379476,0.25271966527196654,0.6319192987248349
IEFA,98.45999908447266,0,0,1,0,0,0.2548,0.7452,0.24781225139220367,0.5489539748953974,0.608771351527277
IEX,230.0800018310547,1,1,0,1,1,0.594,0.406,0.6408114558472554,0.7330543933054393,0.554143432472228
IFF,85.69000244140625,0,0,1,0,0,0.6804,0.3196,0.6189339697692919,0.8234309623430962,0.07486093007207008
IHS,8.430000305175781,1,1,0,1,1,0.6587947882736156,0.3412052117263844,0.5362318840579711,0.46422182468694095,-0.010438680688705217
IMPUY,12.600000381469727,0,0,1,0,0,0.1692,0.8308,0.11177406523468576,0.37447698744769875,0.5118840657035152
INCY,123.88999938964844,0,0,1,0,0,0.4812,0.5187999999999999,0.41766109785202865,0.8610878661087866,0.26961016567656587
INDL,41.630001068115234,0,0,1,0,0,0.186,0.8140000000000001,0.26332537788385046,0.28535564853556483,0.22236755551379295
INFY,10.5,0,0,1,0,0,0.0814,0.9186,0.04813046937151949,0.06673640167364017,0.3391413596661065
INTC,123.0,1,1,0,1,1,0.894,0.10599999999999998,0.9749403341288783,0.9815899581589959,0.5390525239886288
INTU,275.7900085449219,0,0,1,0,0,0.0208,0.9792,0.011933174224343675,0.06359832635983263,0.46521288923910764
IONQ,45.47999954223633,1,1,0,1,1,0.8533333333333334,0.1466666666666666,0.828353022932592,0.5703422053231939,0.7329348663604032
IOT,37.959999084472656,0,0,1,0,0,0.33248945147679326,0.6675105485232067,0.2618849040867389,0.6102325581395349,0.45956329114087435
IP,35.02000045776367,0,0,1,0,0,0.2036,0.7964,0.2307080350039777,0.4096234309623431,0.22086251477248314
IPM,1.7900999784469604,0,0,1,0,0,0.2324,0.7676000000000001,0.4892601431980907,0.6079497907949791,0.6126752854623609
IQV,270.3699951171875,0,0,1,0,0,0.7296,0.2704,0.6264916467780429,0.9786610878661088,0.5427245762314781
IR,76.08000183105469,1,1,0,1,1,0.42058070025619126,0.5794192997438088,0.6005942275042445,0.24193548387096775,0.5966300271673312
IT,187.89999389648438,0,0,1,0,0,0.5048,0.4952,0.6181384248210023,0.8598326359832636,0.38961156308362793
ITW,274.32000732421875,0,0,1,0,0,0.4636,0.5364,0.5743834526650756,0.399163179916318,0.573430855631513
IVV,774.8300170898438,1,1,0,0,1,0.4532,0.5468,0.4634049323786794,0.8682008368200836,0.892939427056786
IVZ,30.920000076293945,0,0,1,0,0,0.3776,0.6224000000000001,0.4232299124900557,0.7824267782426778,0.3173614659381639
IX,39.189998626708984,0,0,1,0,0,0.3628,0.6372,0.3786793953858393,0.8627615062761507,0.5245310778134493
J,138.3699951171875,0,0,1,0,0,0.1348,0.8652,0.09148766905330151,0.6619246861924686,0.6001265158669025
JBHT,225.4600067138672,0,0,1,0,0,0.0188,0.9812,0.012330946698488464,0.12217573221757322,0.5284071846638588
JBL,316.739990234375,1,1,0,1,1,0.482,0.518,0.6738265712012729,0.29581589958158994,0.9197161092246143
JCI,150.1999969482422,1,1,0,1,1,0.734,0.266,0.8989657915672236,0.5443514644351465,0.695646061919834
JD,26.510000228881836,0,0,1,0,0,0.0756,0.9244,0.23428798727128083,0.31213389121338914,0.2617997049673529
JKHY,147.7899932861328,0,0,1,0,0,0.1028,0.8972,0.022673031026252982,0.42301255230125523,0.39468307501573385
JMIA,6.880000114440918,0,0,1,0,0,0.5591397849462365,0.4408602150537635,0.5624332977588047,0.6142857142857143,0.3321496146383555
JNJ,271.2200012207031,0,0,1,0,0,0.6264,0.37360000000000004,0.5831344470962609,0.8682008368200836,0.6832971903434641
JPM,343.05999755859375,0,0,1,0,0,0.1456,0.8544,0.19888623707239458,0.5280334728033472,0.8382787378198315
JPXN,103.9749984741211,0,0,1,0,0,0.4952,0.5048,0.6197295147175815,0.8100418410041841,0.5874876019792237
KB,127.26000213623047,0,0,1,0,0,0.5376,0.46240000000000003,0.5143198090692124,0.702928870292887,0.6145703358403218
KD,11.600000381469727,0,0,1,0,0,0.15548281505728315,0.8445171849427169,0.08737864077669903,0.3552158273381295,-0.1204014986728472
KDP,31.950000762939453,0,0,0,0,0,0.5184,0.48160000000000003,0.6785998408910103,0.8267782426778243,0.5411088850641925
KEY,20.610000610351562,0,0,1,0,0,0.1056,0.8944,0.19649960222752585,0.22468619246861923,0.44306929178068577
KEYS,362.1499938964844,1,1,0,1,1,0.838,0.16200000000000003,0.9697692919649961,0.7414225941422594,0.9139814858192137
KHC,23.6299991607666,0,0,1,0,0,0.1868,0.8132,0.10501193317422435,0.5280334728033472,-0.17192644328515466
KKR,96.66999816894531,0,0,1,0,0,0.1064,0.8936,0.10700079554494829,0.200418410041841,0.752800353570441
KLAC,187.9199981689453,1,1,0,1,1,0.4736,0.5264,0.7040572792362768,0.09205020920502092,1.017287667977867
KLAR,12.800000190734863,0,0,1,0,0,0.08064516129032258,0.9193548387096774,0.2366412213740458,0.36231884057971014,-1.3138984489214018
KMB,98.43000030517578,0,0,1,0,0,0.1516,0.8484,0.20047732696897375,0.3,0.16104572158599684
KMI,30.75,0,0,1,0,0,0.192,0.808,0.18536197295147175,0.13682008368200838,0.4518152480320197
KNSL,330.489990234375,0,0,1,0,0,0.0164,0.9836,0.02386634844868735,0.23347280334728032,0.9139097588682843
KO,87.80999755859375,0,0,1,0,0,0.3592,0.6408,0.30787589498806683,0.7556485355648536,0.6621313417655214
KOS,2.6500000953674316,0,0,1,0,0,0.3588,0.6412,0.26889419252187746,0.5412133891213389,0.3059806477090911
KR,58.7400016784668,1,1,0,1,1,0.4644,0.5356000000000001,0.3941925218774861,0.15648535564853555,0.4486185705077571
KRMD,3.2100000381469727,1,1,0,1,1,0.1764,0.8236,0.4335719968178202,0.18702928870292887,0.6505101918839145
KRYS,345.82000732421875,0,0,1,0,0,0.44893428063943164,0.5510657193605684,0.502206531332745,0.5046685340802988,0.84159521000291
KSA,37.04999923706055,0,0,1,0,0,0.1044,0.8956,0.14518695306284804,0.20669456066945607,0.4974163117746197
KTEC,11.970000267028809,0,0,1,0,0,0.09491268033409264,0.9050873196659074,0.4064613072877536,0.18889809444904723,-0.102854863148289
KVUE,17.799999237060547,0,0,1,0,0,0.360381861575179,0.639618138424821,0.45305164319248825,0.46291208791208793,-0.14201634641225921
L,104.81999969482422,0,0,1,0,0,0.0036,0.9964,0.08194112967382657,0.08117154811715481,0.524592265485055
LDOS,123.61000061035156,0,0,1,0,0,0.1568,0.8432,0.0807478122513922,0.2585774058577406,0.573065121075021
LEN,82.1500015258789,1,1,0,1,1,0.4456,0.5544,0.6368337311058074,0.3117154811715481,0.4024256655067347
LEU,147.07000732421875,0,0,1,0,0,0.1716,0.8284,0.21081941129673826,0.16317991631799164,0.8532795547913298
LFMD,2.9700000286102295,0,0,0,0,0,0.186,0.8140000000000001,0.3198090692124105,0.2188284518828452,0.6412232007180076
LGIH,49.9900016784668,0,0,1,0,0,0.2896,0.7103999999999999,0.33969769291964996,0.44937238493723847,0.318997538210841
LH,309.6400146484375,0,0,1,0,0,0.1924,0.8076,0.16388225934765313,0.6326359832635984,0.5166082774818267
LHX,237.69000244140625,0,0,1,0,0,0.0056,0.9944,0.03739061256961018,0.0008368200836820083,0.5781515159226003
LI,11.5,1,1,0,1,1,0.25244618395303325,0.7475538160469668,0.3581124757595346,0.12508784258608574,0.24355771221556752
LII,373.7699890136719,1,1,0,1,1,0.1856,0.8144,0.3341288782816229,0.02510460251046025,0.4786602771472675
LIN,469.8900146484375,1,1,0,1,1,0.2564,0.7436,0.4232299124900557,0.05230125523012552,0.7972176221888552
LIXTX,17.200000762939453,0,0,1,0,0,0.1038,0.8962,,0.2715481171548117,0.771365843952641
LLY,1183.4599609375,1,1,0,0,0,0.5184,0.48160000000000003,0.5739856801909308,0.6665271966527196,1.0896618608502757
LMT,519.5599975585938,0,0,1,0,0,0.1272,0.8728,0.10540970564836913,0.09288702928870293,0.5402714920525353
LNT,63.599998474121094,0,0,1,0,0,0.0064,0.9936,0.04335719968178202,0.0100418410041841,0.4716107044688891
LOW,189.27999877929688,0,0,1,0,0,0.0668,0.9332,0.10143198090692124,0.02594142259414226,0.5487585734725685
LPLA,314.3599853515625,0,0,1,0,0,0.0588,0.9412,0.10023866348448687,0.18451882845188283,0.8468754689999688
LRCX,315.2099914550781,1,1,0,1,1,0.5504,0.4496,0.8369132856006364,0.36903765690376567,1.0231237495312686
LULU,101.30000305175781,0,0,1,0,0,0.2492,0.7508,0.25855210819411295,0.11359832635983264,0.32112436088555224
LUV,42.68000030517578,1,1,0,1,1,0.7264,0.27359999999999995,0.8321400159108989,0.43389121338912134,0.26036540418199555
LVMUY,91.25,0,0,1,0,0,0.034,0.966,0.10938743038981702,0.07698744769874477,0.5333051243513822
LVS,38.9900016784668,0,0,1,0,0,0.0188,0.9812,0.07716785998408911,0.04895397489539749,0.1594588131619177
LW,43.58000183105469,0,0,1,0,0,0.027158492095662748,0.9728415079043372,0.02539298669891173,0.28935086974968177,0.33435953111444977
LYB,58.13999938964844,0,0,1,0,0,0.1052,0.8948,0.03937947494033413,0.12594142259414226,0.2643062768291329
LYV,170.8699951171875,0,0,1,0,0,0.196,0.804,0.34685759745425615,0.31757322175732217,0.6702371454355004
MA,567.6500244140625,0,0,1,0,0,0.2972,0.7028,0.3046937151949085,0.49728033472803346,0.7978919371487387
MAR,352.0299987792969,1,1,0,1,1,0.6044,0.39559999999999995,0.6833731105807478,0.200418410041841,0.6959363392670238
MAS,68.8499984741211,0,0,1,0,0,0.296,0.704,0.3560063643595863,0.3397489539748954,0.4344915296365232
MCD,236.5,0,0,1,0,0,0.0092,0.9908,0.014319809069212411,0.0029288702928870294,0.5640663670750443
MCHP,78.69000244140625,1,1,0,1,1,0.7224,0.27759999999999996,0.8985680190930787,0.3368200836820084,0.4818511316745057
MCK,866.6400146484375,0,0,1,0,0,0.2332,0.7668,0.1730310262529833,0.44142259414225943,0.7449816140753103
MCO,468.70001220703125,0,0,1,0,0,0.1904,0.8096,0.2020684168655529,0.2384937238493724,0.6981611546040299
MDB,410.44000244140625,0,0,1,0,0,0.5378753922008068,0.4621246077991932,0.5835189309576837,0.6803394625176803,0.7601782245616626
MDLZ,60.25,0,0,1,0,0,0.1528,0.8472,0.1360381861575179,0.3263598326359833,0.3818214207161205
MDT,88.63999938964844,0,0,1,0,0,0.2008,0.7992,0.12291169451073986,0.6895397489539749,0.2393943695020021
MDXG,4.670000076293945,0,0,1,0,0,0.6148,0.3852,0.5171042163882259,0.701673640167364,0.3206874334501758
MDY,665.8699951171875,0,0,1,0,0,0.0888,0.9112,0.18377088305489261,0.3205020920502092,0.5751874760745915
MELI,1752.6099853515625,0,0,1,0,0,0.0816,0.9184,0.17501988862370724,0.3179916317991632,0.7040465974165797
MET,97.69999694824219,0,0,1,0,0,0.5728,0.4272,0.5039777247414479,0.9481171548117154,0.5728936685352849
META,751.6599731445312,1,1,0,1,1,0.9324,0.0676,0.9693715194908512,0.7414225941422594,0.6528383197745595
MFG,11.069999694824219,0,0,1,0,0,0.5784,0.4216,0.6002386634844868,0.9280334728033472,0.5925496505322592
MGM,32.58000183105469,0,0,1,0,0,0.0008,0.9992,0.020684168655529037,0.01506276150627615,0.2980619933326563
MIY,11.539999961853027,0,0,1,0,0,0.0444,0.9556,0.00954653937947494,0.12719665271966527,0.23850721411201908
MKC,47.939998626708984,0,0,1,0,0,0.0444,0.9556,0.05051710421638823,0.2188284518828452,0.19985606041779239
MLM,484.29998779296875,0,0,1,0,0,0.0924,0.9076,0.1364359586316627,0.03347280334728033,0.4930619333763604
MMM,169.5500030517578,0,0,1,0,0,0.4432,0.5568,0.5708035003977725,0.5920502092050209,0.30743292320727306
MMYT,46.75,0,0,1,0,0,0.028,0.972,0.15632458233890215,0.399581589958159,0.39794535628402555
MNST,43.11000061035156,0,0,1,0,0,0.124,0.876,0.12132060461416071,0.32510460251046025,0.6086461266394173
MO,68.81999969482422,1,1,0,1,1,0.5208,0.47919999999999996,0.46817820206841687,0.40794979079497906,0.45065170992676074
MOH,190.86000061035156,0,0,1,0,0,0.2076,0.7924,0.1424025457438345,0.4702928870292887,0.5011850333210136
MOS,23.010000228881836,0,0,1,0,0,0.2388,0.7612,0.1276849642004773,0.5941422594142259,0.2584453477304914
MP,48.83000183105469,0,0,1,0,0,0.2512820512820513,0.7487179487179487,0.29415501905972047,0.36551724137931035,0.7008212682199265
MPC,393.5199890136719,0,0,1,0,0,0.556,0.44399999999999995,0.3042959427207637,0.9468619246861925,0.8401014398276064
MPWR,1367.4300537109375,1,1,0,1,1,0.7044,0.2956,0.9212410501193318,0.33514644351464434,0.8584814870274013
MRK,148.77999877929688,0,0,1,0,0,0.6564,0.3436,0.5918854415274463,0.9451882845188284,0.6430785462508399
MRNA,198.8800048828125,1,1,0,1,1,0.9753340184994861,0.02466598150051391,0.9938775510204082,0.9978213507625272,0.6873233107715073
MS,196.30999755859375,0,0,1,0,0,0.038,0.962,0.07159904534606205,0.39246861924686194,0.8352501389370502
MSCI,551.3599853515625,1,1,0,0,0,0.2388,0.7612,0.2871917263325378,0.12594142259414226,0.7863688380594427
MSFT,516.1699829101562,0,0,1,0,0,0.7376,0.26239999999999997,0.8750994431185362,0.9702928870292887,0.9780995575882903
MSI,456.8800048828125,0,0,1,0,0,0.218,0.782,0.16507557677008752,0.41297071129707114,0.8952783483146474
MTB,221.19000244140625,0,0,1,0,0,0.0436,0.9564,0.0954653937947494,0.30167364016736403,0.4525537756915641
MTCH,40.54999923706055,0,0,1,0,0,0.2956,0.7044,0.21121718377088305,0.6610878661087866,0.43051141887284267
MTD,1511.6400146484375,1,1,0,1,1,0.914,0.08599999999999997,0.9733492442322991,0.9476987447698745,0.5869678773402266
MTDR,51.54999923706055,0,0,1,0,0,0.1032,0.8968,0.0807478122513922,0.27615062761506276,0.5005727055579626
MTSI,285.57000732421875,1,1,0,1,1,0.5904,0.40959999999999996,0.7589498806682577,0.2690376569037657,0.6397594153509664
MU,1082.280029296875,1,1,0,1,1,0.7756,0.22440000000000004,0.8838504375497216,0.9686192468619247,1.065068467007887
MUSA,511.5400085449219,0,0,1,0,0,0.198,0.802,0.19371519490851233,0.10251046025104603,0.7812944255844128
NB,3.5399999618530273,0,0,1,0,0,0.10989643268124281,0.8901035673187572,0.24462061155152887,0.18115942028985507,0.20238577995145662
NCLH,14.609999656677246,0,0,1,0,0,0.1328,0.8672,0.32975338106603025,0.10794979079497909,0.16384663199876445
NCPL,1.3600000143051147,1,1,0,1,1,0.9817880794701986,0.018211920529801362,0.9855305466237942,0.9142259414225942,0.3200647722991198
NDAQ,93.55000305175781,0,0,1,0,0,0.3084,0.6916,0.3261734287987271,0.5623430962343097,0.758900228040219
NDSN,325.7699890136719,1,1,0,1,1,0.7892,0.2108,0.8035003977724742,0.8133891213389122,0.6055062326136111
NEE,76.08000183105469,0,0,1,0,0,0.0088,0.9912,0.031821797931583136,0.0200836820083682,0.5750312220923136
NEM,121.43000030517578,0,0,1,0,0,0.4016,0.5984,0.26889419252187746,0.7096234309623431,0.5647917896760363
NET,349.0199890136719,1,1,0,1,1,0.7537058152793614,0.24629418472063858,0.7613122171945701,0.864963503649635,0.9634766660591714
NFLX,71.1449966430664,0,0,1,0,0,0.1208,0.8792,0.12688941925218775,0.0803347280334728,0.6993763328825118
NFTY,52.29999923706055,0,0,1,0,0,0.148,0.852,0.1985674492638281,0.25313807531380755,0.4091914049852021
NI,39.41999816894531,0,0,1,0,0,0.0304,0.9696,0.08949880668257756,0.012552301255230125,0.44975231520405007
NICE,112.80999755859375,1,1,0,1,1,0.7104,0.28959999999999997,0.7120127287191726,0.7518828451882845,0.32717141001744304
NIO,3.5799999237060547,1,1,0,1,1,0.04685942173479561,0.9531405782652044,0.3202970297029703,0.1608649789029536,0.3115814842647663
NKE,35.75,0,0,1,0,0,0.132,0.868,0.19689737470167065,0.05815899581589958,0.0791886423987579
NLR,105.77999877929688,0,0,1,0,0,0.1048,0.8952,0.0330151153540175,0.014644351464435146,0.5393033556686738
NMAD,3.5799999237060547,1,1,0,1,1,0.3436,0.6564,0.46459824980111375,0.27280334728033473,0.6038374144288188
NMR,10.0600004196167,0,0,1,0,0,0.406,0.594,0.29236276849642007,0.7330543933054393,0.4466404070386132
NOC,510.5199890136719,0,0,1,0,0,0.1208,0.8792,0.10938743038981702,0.02803347280334728,0.5244921048335356
NOK,10.390000343322754,1,1,0,1,1,0.4376,0.5624,0.38743038981702466,0.12677824267782425,0.40426412610662477
NOW,135.6199951171875,0,0,1,0,0,0.4244,0.5756,0.360381861575179,0.8702928870292888,0.7334771964392378
NRG,100.37000274658203,0,0,1,0,0,0.0676,0.9324,0.042561654733492445,0.0029288702928870294,0.8030072386405516
NSC,313.0,0,0,1,0,0,0.068,0.9319999999999999,0.13484486873508353,0.26778242677824265,0.6521928879727746
NSIT,159.02999877929688,0,0,1,0,0,0.5932,0.40680000000000005,0.5731901352426412,0.994142259414226,0.6332256279968614
NTAP,201.14500427246094,0,0,1,0,0,0.6956,0.3044,0.8456642800318218,0.997071129707113,0.7351655407856019
NTDOY,12.350000381469727,0,0,1,0,0,0.1076,0.8924,0.04295942720763723,0.4535564853556485,0.3599682643072699
NTES,115.41000366210938,0,0,1,0,0,0.1876,0.8124,0.2064439140811456,0.23765690376569037,0.460410563246567
NTRS,175.72999572753906,0,0,1,0,0,0.1432,0.8568,0.1913285600636436,0.695397489539749,0.5579046865736027
NUE,247.25,0,0,1,0,0,0.264,0.736,0.2680986475735879,0.7937238493723849,0.6905258535277002
NVCR,15.84000015258789,0,0,1,0,0,0.2748,0.7252000000000001,0.30628480509148764,0.5744769874476987,0.43099591216669314
NVDA,225.07000732421875,1,1,0,1,1,0.4896,0.5104,0.46618933969769294,0.4790794979079498,1.242858976974016
NVO,38.79999923706055,0,0,1,0,0,0.0508,0.9492,0.04494828957836118,0.15188284518828452,0.4085997678717297
NVR,6297.60009765625,1,1,0,1,1,0.4324,0.5676,0.48607796340493237,0.3627615062761506,0.5781740869193758
NWN,47.040000915527344,0,0,1,0,0,0.0476,0.9524,0.12649164677804295,0.13472803347280335,0.17576590649869975
NWS,31.75,0,0,1,0,0,0.146,0.854,0.11416070007955449,0.3882845188284519,0.4579637165303254
NXE,9.1899995803833,0,0,1,0,0,0.1244,0.8756,0.13404932378679396,0.12510460251046024,0.6040250153164833
NXPI,238.0800018310547,1,1,0,1,1,0.5956,0.4044,0.7840095465393795,0.24602510460251045,0.49417270518429995
NYT,63.83000183105469,0,0,1,0,0,0.1496,0.8504,0.07756563245823389,0.060669456066945605,0.7109340741814854
O,55.540000915527344,0,0,1,0,0,0.0024,0.9976,0.06881463802704853,0.05104602510460251,0.2471812015518525
ODFL,173.3000030517578,0,0,1,0,0,0.0196,0.9804,0.08512330946698489,0.013807531380753139,0.795898563440628
OKE,88.62999725341797,0,0,1,0,0,0.0544,0.9456,0.04813046937151949,0.23640167364016737,0.5128750439399004
OKLO,38.040000915527344,1,1,0,1,1,0.29683885890516576,0.7031611410948342,0.2341723874904653,0.09941027801179445,0.7305737860094362
OMC,76.1500015258789,0,0,1,0,0,0.146,0.854,0.18178202068416865,0.33765690376569035,0.23300807345168442
ON,77.19999694824219,1,1,0,1,1,0.5852,0.41479999999999995,0.8468575974542562,0.1205020920502092,0.6263148055216318
ONON,29.959999084472656,1,1,0,1,1,0.6477181745396317,0.35228182546036835,0.6737925574030087,0.3037752414398595,0.227664040107479
OPEN,2.569999933242798,1,1,0,0,1,0.0646606914212548,0.9353393085787451,0.24492385786802032,0.22176308539944903,0.30089318961159284
OPXS,10.420000076293945,1,1,0,1,1,0.2668,0.7332000000000001,0.4439140811455847,0.1096234309623431,0.7721334502584613
ORCL,137.10000610351562,0,0,1,0,0,0.172,0.8280000000000001,0.050119331742243436,0.045188284518828455,0.5661841327236714
ORLY,86.11499786376953,0,0,1,0,0,0.3,0.7,0.4220365950676213,0.10292887029288703,0.7034355949422338
OTGLY,16.0049991607666,1,1,0,1,1,0.4882835383714118,0.5117164616285882,0.5078442765833817,0.3515967438948028,0.28506428125195027
OTIS,65.94000244140625,0,0,1,0,0,0.08615384615384615,0.9138461538461539,0.043319097010372176,0.050165016501650166,0.4180563189992294
OXY,56.86000061035156,0,0,1,0,0,0.2568,0.7432000000000001,0.18933969769291964,0.5610878661087866,0.2723541629138325
P,126.0,1,1,0,1,1,0.9212,0.07879999999999998,0.9920445505171042,0.992050209205021,0.6926615505486422
PAAS,48.040000915527344,0,0,1,0,0,0.332,0.6679999999999999,0.22951471758154335,0.2686192468619247,0.47874953684010163
PAC,215.94000244140625,1,1,0,1,1,0.7324,0.26759999999999995,0.7768496420047732,0.1297071129707113,0.5317525084411195
PANW,374.739990234375,0,0,1,0,0,0.4816,0.5184,0.6189339697692919,0.9853556485355649,0.8877395705093998
PATH,12.460000038146973,0,0,1,0,0,0.10436713545521836,0.8956328645447816,0.035897435897435895,0.5116841257050766,-0.16709283031879432
PAYC,220.4600067138672,0,0,1,0,0,0.466,0.534,0.33651551312649164,0.9577405857740586,0.5641126591838392
PAYX,101.37000274658203,0,0,1,0,0,0.0032,0.9968,0.0031821797931583136,0.2539748953974895,0.45704093305772603
PCAR,111.30999755859375,0,0,1,0,0,0.0028,0.9972,0.02903739061256961,0.04895397489539749,0.6785788060378031
PCG,12.34000015258789,0,0,1,0,0,0.0428,0.9572,0.041766109785202864,0.08242677824267783,0.04019132066302241
PCTY,143.35000610351562,0,0,1,0,0,0.2976,0.7024,0.2971360381861575,0.7083682008368201,0.4954117124892905
PDD,77.56999969482422,0,0,1,0,0,0.14713094654242276,0.8528690534575772,0.2985874330248417,0.22965266977708657,0.5257546953819976
PEG,67.0199966430664,0,0,1,0,0,0.0056,0.9944,0.02386634844868735,0.01506276150627615,0.4645134569801648
PEP,128.6300048828125,0,0,1,0,0,0.0232,0.9768,0.04813046937151949,0.027196652719665274,0.34824538467017807
PFE,28.670000076293945,1,1,0,1,1,0.8888,0.11119999999999997,0.8528241845664281,0.902092050209205,0.26465326928330246
PFG,114.7699966430664,0,0,1,0,0,0.4308,0.5691999999999999,0.3460620525059666,0.8284518828451883,0.5414339932457153
PG,146.22999572753906,1,1,0,1,1,0.4256,0.5744,0.4403341288782816,0.3468619246861925,0.5044260187200219
PGR,205.5,0,0,1,0,0,0.0784,0.9216,0.10342084327764518,0.1698744769874477,0.9937318530690255
PH,978.3300170898438,1,1,0,1,1,0.4648,0.5352,0.5556881463802705,0.35355648535564854,0.8658221042912866
PHM,119.8499984741211,0,0,1,0,0,0.2744,0.7256,0.3719172633253779,0.25439330543933053,0.7072424455440022
PINS,18.899999618530273,0,0,1,0,0,0.21551724137931033,0.7844827586206897,0.3422459893048128,0.34536082474226804,0.24526085005338594
PKG,237.17999267578125,0,0,1,0,0,0.3896,0.6104,0.43874303898170247,0.4694560669456067,0.6306857607861407
PLTR,189.6699981689453,1,1,0,1,1,0.7825503355704698,0.21744966442953018,0.7613031914893617,0.7478260869565218,1.0574906420153132
PM,190.47999572753906,0,0,1,0,0,0.4588,0.5412,0.4610182975338107,0.6853556485355649,0.5860542981501656
PNC,225.63999938964844,0,0,1,0,0,0.0336,0.9664,0.1030230708035004,0.32217573221757323,0.5783797274380789
PNR,53.65999984741211,0,0,1,0,0,0.006,0.994,0.022275258552108195,0.0041841004184100415,0.2940838893309754
PNW,91.73999786376953,0,0,1,0,0,0.0124,0.9876,0.08273667462211615,0.05564853556485356,0.3531926438294803
PODD,136.1300048828125,0,0,1,0,0,0.1692,0.8308,0.205648369132856,0.07782426778242678,0.48085714806988594
POOL,164.91000366210938,0,0,1,0,0,0.0532,0.9468,0.13007159904534607,0.056485355648535567,0.3754499762006179
POWW,2.2899999618530273,1,1,0,1,1,0.7479235880398671,0.25207641196013286,0.6924029727497936,0.5700609225413403,0.39579335886311257
PPG,107.5199966430664,0,0,1,0,0,0.3332,0.6668000000000001,0.4634049323786794,0.22384937238493724,0.2258448331863842
PPL,32.029998779296875,0,0,1,0,0,0.0184,0.9816,0.03420843277645187,0.0502092050209205,0.257747529490113
PRI,275.5899963378906,0,0,1,0,0,0.0256,0.9744,0.07120127287191726,0.1786610878661088,0.738280842380514
PROP,0.4259999990463257,1,1,0,1,1,0.1852,0.8148,0.220763723150358,0.06610878661087866,0.4410563090262184
PROSY,8.289999961853027,0,0,1,0,0,0.3317102860620816,0.6682897139379185,0.4049487024743512,0.23352902804957598,0.2864817568958319
PRU,119.44999694824219,0,0,1,0,0,0.454,0.546,0.46817820206841687,0.8527196652719665,0.43378869140951304
PRYMY,70.1500015258789,1,1,0,1,1,0.3012,0.6988,0.27804295942720764,0.300836820083682,0.7192308900739801
PSKY,9.960000038146973,0,0,1,0,0,0.372,0.628,0.2307080350039777,0.7236401673640167,-0.03147098733617447
PTC,138.1199951171875,0,0,1,0,0,0.3772,0.6228,0.45346062052505964,0.4790794979079498,0.5118935430888881
PTON,4.920000076293945,0,0,1,0,0,0.3134670487106017,0.6865329512893983,0.4491188175099488,0.5504587155963303,0.12059476511974616
PWR,649.1300048828125,1,1,0,1,1,0.474,0.526,0.5879077167859984,0.20292887029288703,1.1084005600183162
PYPL,55.040000915527344,0,0,1,0,0,0.5048,0.4952,0.6340493237867939,0.6661087866108787,0.28134496399737763
Q,124.69000244140625,1,1,0,1,1,0.4444444444444444,0.5555555555555556,0.5826086956521739,0.12931034482758622,0.8137588575850543
QBTS,17.40999984741211,1,1,0,1,1,0.5093815149409312,0.4906184850590688,0.5113558155540262,0.3115124153498871,0.6384051687546859
QCOM,201.97000122070312,1,1,0,1,1,0.8976,0.10240000000000005,0.9745425616547335,0.796234309623431,0.5613809921185514
QLYS,172.42999267578125,0,0,1,0,0,0.3868,0.6132,0.2760540970564837,0.9845188284518829,0.5826649410003083
QSR,71.63999938964844,0,0,1,0,0,0.1092,0.8908,0.07716785998408911,0.16276150627615063,0.4257964521199482
QTUM,153.72000122070312,1,1,0,1,1,0.6320238687220289,0.36797613127797113,0.7624691358024691,0.8321935823250921,0.9907128997736617
QXO,12.430000305175781,1,1,0,1,1,0.3988,0.6012,0.6056506167926781,0.1602510460251046,0.5099578335872115
RACE,411.3299865722656,0,0,1,0,0,0.3948,0.6052,0.3711217183770883,0.6401673640167364,0.8867518703936631
RBGLY,13.15999984741211,0,0,1,0,0,0.1604,0.8396,0.10461416070007955,0.47280334728033474,0.1017126908477852
RBLX,46.439998626708984,1,1,0,1,1,0.5760869565217391,0.42391304347826086,0.48421807747489237,0.43700787401574803,0.24969524757422892
RCAT,6.659999847412109,0,0,1,0,0,0.0664,0.9336,0.3199518265756724,0.23891213389121338,0.9215055711695535
RCL,242.6999969482422,0,0,1,0,0,0.0852,0.9148000000000001,0.26412092283214,0.10083682008368201,0.5203865552310724
RDY,12.25,1,1,0,1,1,0.5556,0.4444,0.5751789976133651,0.14728033472803348,0.26413942093348314
REGN,788.0399780273438,0,0,1,0,0,0.406,0.594,0.36913285600636436,0.6690376569037657,0.3717572840335362
RF,27.6200008392334,0,0,1,0,0,0.0328,0.9672,0.1030230708035004,0.22594142259414227,0.5806836377400347
RGC,6.170000076293945,1,1,0,1,1,0.7195972114639814,0.28040278853601863,0.7417624521072796,0.07493649449618967,0.9873820834629079
RGTI,16.65999984741211,1,1,0,1,1,0.7459259259259259,0.2540740740740741,0.7719941348973607,0.4838709677419355,0.6750711873333853
RHHBY,54.40999984741211,0,0,1,0,0,0.3524,0.6476,0.29634049323786793,0.4372384937238494,0.5033744305003686
RIO,94.55999755859375,0,0,1,0,0,0.0992,0.9008,0.11853619729514718,0.2384937238493724,0.7582423617638515
RIVN,15.470000267028809,0,0,1,0,0,0.5301902398676592,0.46980976013234077,0.5846279640228945,0.532302092811647,-0.12042044611316896
RJF,159.8699951171875,0,0,1,0,0,0.0324,0.9676,0.09984089101034209,0.30502092050209206,0.6705570028491126
RKLB,73.94999694824219,1,1,0,1,1,0.7367332873880083,0.26326671261199175,0.816382252559727,0.19686800894854586,0.8239449548687995
RKT,12.170000076293945,0,0,1,0,0,0.19960732984293195,0.800392670157068,0.2827496757457847,0.28913963328631875,0.20187077754767335
RL,357.1000061035156,1,1,0,1,1,0.5512,0.4488,0.7322991249005569,0.302510460251046,0.5817203622859127
RLI,55.689998626708984,0,0,1,0,0,0.0076,0.9924,0.012728719172633254,0.4108786610878661,0.4608647214281333
RMD,222.0,0,0,1,0,0,0.3072,0.6928000000000001,0.24303898170246618,0.48410041841004187,0.5890791354479686
ROK,434.1499938964844,1,1,0,1,1,0.5168,0.48319999999999996,0.6495624502784407,0.4719665271966527,0.6391174474841517
ROKU,152.67999267578125,0,0,1,0,0,0.31522707034728403,0.684772929652716,0.43053097345132746,0.7598314606741573,0.6408582079427044
ROL,30.030000686645508,0,0,1,0,0,0.0012,0.9988,0.0031821797931583136,0.00041841004184100416,0.5154424635946517
ROP,358.55999755859375,0,0,1,0,0,0.0276,0.9724,0.027048528241845664,0.22301255230125522,0.4399948661533001
ROST,236.1199951171875,1,1,0,1,1,0.564,0.43600000000000005,0.637629276054097,0.35564853556485354,0.6034511339288563
RSG,212.10000610351562,0,0,1,0,0,0.0524,0.9476,0.045743834526650755,0.2213389121338912,0.925957979293352
RTX,189.39999389648438,0,0,1,0,0,0.0292,0.9708,0.06364359586316627,0.1589958158995816,0.6092080400285892
RVLV,21.200000762939453,0,0,1,0,0,0.38693743139407244,0.6130625686059276,0.477124183006536,0.4445093457943925,0.22927331631088152
SAIA,324.2200012207031,0,0,1,0,0,0.048,0.952,0.08154335719968178,0.0707112970711297,0.7559528021583627
SAIC,132.61000061035156,0,0,1,0,0,0.7036,0.2964,0.5930787589498807,0.9744769874476987,0.4129111251672238
SAN,14.420000076293945,0,0,1,0,0,0.372,0.628,0.3520286396181384,0.7472803347280335,0.6128512544892455
SAP,210.67999267578125,0,0,1,0,0,0.476,0.524,0.39777247414478917,0.8872384937238493,0.49281294299321365
SBAC,166.14999389648438,0,0,1,0,0,0.0184,0.9816,0.016706443914081145,0.021338912133891212,0.31727143762696486
SBSW,10.609999656677246,0,0,1,0,0,0.3372,0.6628000000000001,0.25178997613365156,0.5723849372384937,0.33590449352565116
SBUX,94.86000061035156,0,0,1,0,0,0.0516,0.9484,0.11654733492442323,0.3468619246861925,0.4107958569126111
SCCO,203.9199981689453,1,1,0,1,1,0.5624,0.4376,0.5954653937947494,0.6092050209205021,0.8508132913434124
SCHW,99.02999877929688,0,0,1,0,0,0.0344,0.9656,0.06722354813046937,0.36652719665271966,0.5613934643535745
SCNX,0.2773999869823456,0,0,1,0,0,0.046,0.954,0.2944223107569721,0.43430962343096235,0.5658474941283145
SE,99.55000305175781,0,0,1,0,0,0.09596412556053811,0.9040358744394619,0.12121212121212122,0.3438679245283019,0.6348417447960072
SERV,4.449999809265137,1,1,0,1,1,0.44089456869009586,0.5591054313099042,0.63125,0.1744186046511628,0.4260039936194547
SHG,80.94999694824219,0,0,1,0,0,0.5652,0.43479999999999996,0.49522673031026254,0.8435146443514644,0.4780854827760017
SHOP,142.25,0,0,1,0,0,0.4752,0.5247999999999999,0.5178997613365155,0.5271966527196653,0.8848439952613828
SHW,329.1000061035156,0,0,1,0,0,0.3448,0.6552,0.44630071599045346,0.31715481171548116,0.6388911669391971
SJM,121.0,0,0,1,0,0,0.3196,0.6804,0.22315035799522673,0.9389121338912134,0.20034849740662417
SLB,51.540000915527344,0,0,1,0,0,0.2788,0.7212000000000001,0.17939538583929993,0.5598326359832636,0.18057638600280485
SLV,58.13999938964844,1,1,0,1,1,0.4132,0.5868,0.31941129673826574,0.09414225941422594,0.5216467347224581
SMCI,43.2599983215332,1,1,0,1,1,0.8124,0.1876,0.9009546539379475,0.8259414225941423,0.7681898510984284
SNA,369.20001220703125,0,0,1,0,0,0.032,0.968,0.1662688941925219,0.17280334728033472,0.556688163867312
SNDK,1777.800048828125,1,1,0,1,1,0.41836734693877553,0.5816326530612245,0.5073891625615764,0.22695035460992907,2.8267289772631923
SNPS,425.760009765625,1,1,0,1,1,0.648,0.352,0.8731105807478122,0.20251046025104602,0.7376095176129416
SO,82.87999725341797,0,0,1,0,0,0.0036,0.9964,0.030230708035003977,0.02301255230125523,0.4981826734435555
SOLV,89.5,0,0,1,0,0,0.5781758957654723,0.42182410423452765,0.5636942675159236,0.8988095238095238,0.3002007350838314
SONY,23.549999237060547,0,0,1,0,0,0.3836,0.6164000000000001,0.3460620525059666,0.5033472803347281,0.6009334661194481
SPCX,148.67999267578125,1,1,0,1,1,0.576271186440678,0.423728813559322,0.4931506849315068,0.5263157894736842,0.11388339244132382
SPGI,403.29998779296875,0,0,1,0,0,0.1436,0.8564,0.12450278440731902,0.21380753138075315,0.6346957300625673
SPOT,510.010009765625,0,0,1,0,0,0.2864558754129306,0.7135441245870694,0.2676980778246601,0.4838227974116476,0.5441357301229489
SPSC,81.30000305175781,0,0,1,0,0,0.5648,0.43520000000000003,0.4908512330946698,0.899163179916318,0.4049481790531412
SPY,771.3499755859375,1,1,0,0,1,0.4488,0.5512,0.4737470167064439,0.8682008368200836,0.8940282180643487
SRE,77.93000030517578,0,0,1,0,0,0.0356,0.9644,0.042561654733492445,0.01799163179916318,0.39289834586587163
SRGHY,20.079999923706055,1,1,0,1,1,0.905,0.09499999999999997,0.7919649960222752,0.7598326359832636,0.3516242586451292
SSL,14.029999732971191,1,1,0,1,1,0.7492,0.2508,0.6328560063643596,0.7527196652719665,0.23746591923116983
STE,208.92999267578125,0,0,1,0,0,0.064,0.9359999999999999,0.15433571996817821,0.1401673640167364,0.5858317120804626
STLA,4.599999904632568,0,0,1,0,0,0.0936,0.9064,0.0477326968973747,0.020502092050209204,0.29027558476419657
STLD,233.66000366210938,0,0,1,0,0,0.266,0.734,0.26412092283214,0.497071129707113,0.8152203856011273
STN,69.0199966430664,0,0,1,0,0,0.1528,0.8472,0.13365155131264916,0.028451882845188285,0.6103813744057601
STRL,512.2899780273438,1,1,0,1,1,0.3972,0.6028,0.522673031026253,0.05606694560669456,1.0392185048214253
STT,181.33999633789062,0,0,1,0,0,0.1552,0.8448,0.2529832935560859,0.8652719665271966,0.5467348596688418
STX,916.8300170898438,1,1,0,1,1,0.6468,0.35319999999999996,0.8711217183770883,0.9125523012552301,1.0518679461290847
STZ,113.62999725341797,0,0,1,0,0,0.0204,0.9796,0.01909307875894988,0.016317991631799162,0.05855188824231657
SW,46.40999984741211,0,0,1,0,0,0.5212,0.4788,0.5615292712066906,0.6535564853556486,0.4300205002012733
SWK,91.4000015258789,0,0,1,0,0,0.3556,0.6444,0.4192521877486078,0.7807531380753138,0.183916227391231
SWKS,89.33999633789062,1,1,0,1,1,0.8364,0.16359999999999997,0.9343675417661098,0.9577405857740586,0.30845224655403936
SYF,72.94000244140625,0,0,1,0,0,0.178,0.8220000000000001,0.17541766109785203,0.37364016736401673,0.508374993347307
SYK,272.3599853515625,0,0,1,0,0,0.0336,0.9664,0.045743834526650755,0.021338912133891212,0.4925578286212942
SYY,78.45999908447266,0,0,1,0,0,0.1616,0.8384,0.20803500397772473,0.4456066945606695,0.39384847701516906
T,25.3799991607666,0,0,1,0,0,0.468,0.532,0.40771678599840894,0.6146443514644352,0.327000700817865
TAP,35.95000076293945,0,0,1,0,0,0.0184,0.9816,0.03699284009546539,0.1497907949790795,-0.1351439161107181
TCEHY,55.650001525878906,0,1,1,1,1,0.414,0.5860000000000001,0.4120922832140016,0.2870292887029289,0.4073732183639491
TCOM,39.43000030517578,0,0,1,0,0,0.0876,0.9124,0.24224343675417662,0.1200836820083682,0.19038059638595276
TDG,1116.199951171875,0,0,1,0,0,0.144,0.856,0.29992044550517105,0.06359832635983263,0.7068592609327897
TDOC,6.090000152587891,0,0,1,0,0,0.206,0.794,0.2832140015910899,0.34246861924686195,0.12543837810413705
TDY,614.1500244140625,1,1,0,1,1,0.2936,0.7063999999999999,0.3790771678599841,0.13179916317991633,0.7701970394746837
TEAM,187.74000549316406,0,0,1,0,0,0.642,0.358,0.5946698488464598,0.9937238493723849,0.6076978800556362
TECH,72.61000061035156,0,0,1,0,0,0.8552,0.14480000000000004,0.47692919649960225,0.9916317991631799,0.47593722032229513
TECK,66.05000305175781,0,0,1,0,0,0.3872,0.6128,0.3750994431185362,0.6464435146443515,0.5305950084930591
TEL,218.58999633789062,1,1,0,1,1,0.7696,0.23040000000000005,0.9343675417661098,0.31673640167364014,0.6386871700990815
TER,398.3800048828125,1,1,0,1,1,0.6236,0.37639999999999996,0.9089101034208433,0.501673640167364,0.8709978950472423
TFC,47.65999984741211,0,0,1,0,0,0.0992,0.9008,0.15035799522673032,0.299581589958159,0.3657313344112313
TGT,157.4499969482422,0,0,1,0,0,0.4472,0.5528,0.3941925218774861,0.6527196652719666,0.5136840810731897
TJX,130.05999755859375,1,1,0,1,1,0.1268,0.8732,0.3237867939538584,0.027196652719665274,0.6603084967510076
TKLF,1.6399999856948853,0,0,1,0,0,0.27858985382631124,0.7214101461736888,0.33135089209855567,0.3627730294396961,-0.34789090050102983
TKO,182.6699981689453,0,0,1,0,0,0.1712,0.8288,0.17541766109785203,0.16778242677824268,0.8204630087501187
TLK,13.34000015258789,0,0,1,0,0,0.0308,0.9692,0.03261734287987271,0.09539748953974896,0.012174329613914256
TM,190.33999633789062,0,0,1,0,0,0.3444,0.6556,0.2573587907716786,0.3757322175732218,0.4300703248403228
TME,8.390000343322754,1,1,0,1,1,0.5923829130211014,0.40761708697889865,0.6177823198773633,0.4500818330605565,0.17145349060488846
TMO,675.0,1,1,0,1,1,0.948,0.052000000000000046,0.930389817024662,0.9778242677824268,0.6947303956678673
TMUS,165.42999267578125,0,0,1,0,0,0.0868,0.9132,0.08233890214797136,0.033891213389121336,0.6271968405869517
TOST,30.600000381469727,0,0,1,0,0,0.21221864951768488,0.7877813504823151,0.3410174880763116,0.5670194003527337,0.06469779889351648
TPL,341.07000732421875,0,0,1,0,0,0.2012,0.7988,0.1718377088305489,0.13556485355648534,0.8209752389763253
TPR,113.87999725341797,0,0,1,0,0,0.1024,0.8976,0.1618933969769292,0.08200836820083682,0.5481739825832208
TREX,44.790000915527344,0,0,1,0,0,0.4544,0.5456,0.5159108989657916,0.49623430962343096,0.4772667612623938
TRGP,277.8399963378906,0,0,1,0,0,0.1408,0.8592,0.14001591089896578,0.37489539748953976,0.7235364398578176
TRMB,57.849998474121094,0,0,1,0,0,0.3712,0.6288,0.29554494828957834,0.38744769874476986,0.38501911384560994
TROW,105.51000213623047,0,0,1,0,0,0.2596,0.7404,0.3834526650755768,0.44518828451882847,0.43592229205284355
TRV,363.0400085449219,0,0,1,0,0,0.1976,0.8024,0.15354017501988862,0.6732217573221757,0.6826064657557871
TS,55.470001220703125,1,1,0,1,1,0.4044,0.5956,0.38663484486873506,0.3163179916317992,0.47145706752348504
TSCO,32.27000045776367,0,0,1,0,0,0.2408,0.7592,0.18297533810660302,0.08117154811715481,0.49617113690312187
TSLA,372.1099853515625,1,1,0,1,1,0.612,0.388,0.5369928400954654,0.4205020920502092,0.849792041477903
TSM,450.6099853515625,1,1,0,1,1,0.7396,0.26039999999999996,0.8233890214797136,0.7133891213389121,1.0229576967430767
TSN,50.91999816894531,0,0,1,0,0,0.084,0.916,0.11694510739856802,0.035146443514644354,0.09259085301726538
TT,454.44000244140625,1,1,0,1,1,0.5736,0.4264,0.8031026252983293,0.2673640167364017,0.9930869879578591
TTAN,58.04999923706055,0,0,1,0,0,0.13625866050808313,0.8637413394919169,0.22595078299776286,0.14551083591331268,-0.25205617460478014
TTC,97.1500015258789,1,1,0,1,1,0.6356,0.36439999999999995,0.7899761336515513,0.5769874476987448,0.4624074540618284
TTD,12.600000381469727,0,0,1,0,0,0.08,0.92,0.08472553699284009,0.09288702928870293,0.5588927771507439
TTWO,201.44000244140625,0,0,1,0,0,0.0372,0.9628,0.045346062052505964,0.09623430962343096,0.6043092732637098
TXN,278.07000732421875,1,1,0,1,1,0.7448,0.2552,0.8850437549721559,0.801255230125523,0.687143723276669
TXT,76.58999633789062,0,0,1,0,0,0.0296,0.9704,0.08989657915672236,0.06820083682008368,0.3729881292762111
TYL,325.57000732421875,0,0,1,0,0,0.1616,0.8384,0.046937151949085126,0.35564853556485354,0.36692344058386067
U,41.54999923706055,0,0,1,0,0,0.4532710280373832,0.5467289719626168,0.44246031746031744,0.9012968299711815,0.26986172417609017
UAL,113.98999786376953,1,1,0,1,1,0.5432,0.4568,0.63206046141607,0.5719665271966528,0.4206385706234609
UBER,69.62000274658203,0,0,1,0,0,0.13905486148832155,0.8609451385116784,0.24851752021563342,0.2952050837666089,0.3862385105545722
UBSI,46.86000061035156,0,0,1,0,0,0.3968,0.6032,0.42760540970564836,0.6355648535564854,0.3597649195184935
UHS,178.86000061035156,1,1,1,1,1,0.646,0.354,0.5783611774065235,0.7330543933054393,0.29961686412839356
UL,62.540000915527344,0,0,1,0,0,0.3924,0.6075999999999999,0.29952267303102625,0.6435146443514644,0.345396021082636
ULTA,545.2000122070312,0,0,1,0,0,0.4896,0.5104,0.47295147175815433,0.5322175732217573,0.41107665030181834
UNH,376.5899963378906,0,0,1,0,0,0.1608,0.8392,0.19968178202068418,0.800836820083682,0.5375476011518436
UNP,273.7900085449219,0,0,1,0,0,0.0484,0.9516,0.0958631662688942,0.3317991631799163,0.6356135046054651
UPS,93.95999908447266,0,0,1,0,0,0.1124,0.8876,0.0807478122513922,0.1205020920502092,0.22726298296059727
UPST,23.809999465942383,0,0,1,0,0,0.10515320334261838,0.8948467966573816,0.3096551724137931,0.3680241327300151,0.5054622631510902
URI,1047.06005859375,1,1,0,1,1,0.4752,0.5247999999999999,0.5322195704057279,0.6251046025104603,0.8487067181626022
USB,59.33000183105469,0,0,1,0,0,0.13,0.87,0.1758154335719968,0.5025104602510461,0.38388243313355125
UVV,42.470001220703125,0,0,1,0,0,0.0124,0.9876,0.08154335719968178,0.030543933054393305,0.22613955393228394
V,367.3800048828125,0,0,1,0,0,0.2748,0.7252000000000001,0.26889419252187746,0.6514644351464435,0.7660444315928648
VEEV,280.67999267578125,0,0,1,0,0,0.8828,0.11719999999999997,0.875497215592681,0.9623430962343096,0.6885444294833237
VGK,88.62999725341797,0,0,1,0,0,0.1836,0.8164,0.24224343675417662,0.4175732217573222,0.595361518615064
VLO,387.17999267578125,0,0,1,0,0,0.63,0.37,0.4693715194908512,0.9343096234309624,0.7816022834699472
VLTO,97.13999938964844,0,0,1,0,0,0.6139154160982264,0.3860845839017736,0.6305220883534136,0.622792937399679,0.4605600533308843
VMC,245.0,0,0,1,0,0,0.1004,0.8996,0.18814638027048528,0.03347280334728033,0.4335864253620363
VRSK,169.2100067138672,0,0,1,0,0,0.1036,0.8964,0.05091487669053302,0.11589958158995815,0.4442655154261113
VRSN,287.25,0,0,1,0,0,0.2576,0.7424,0.12609387430389818,0.4594142259414226,0.6331135089189175
VRTS,130.5800018310547,0,0,1,0,0,0.0496,0.9504,0.10540970564836913,0.16778242677824268,0.3473185478213243
VRTX,526.1900024414062,0,0,1,0,0,0.5212,0.4788,0.5493237867939539,0.601673640167364,0.7115155764776798
VST,138.4600067138672,0,0,1,0,0,0.18491776975531488,0.8150822302446852,0.20941364180295174,0.11246328157784305,0.8119802482227383
VT,160.02999877929688,0,0,1,0,0,0.3564,0.6436,0.3424821002386635,0.8158995815899581,0.7784837055932545
VTI,379.7699890136719,0,0,1,0,0,0.4092,0.5908,0.41328560063643593,0.8263598326359832,0.8553933728075528
VTRS,17.829999923706055,1,1,0,1,1,0.9292,0.07079999999999997,0.8902147971360382,0.9426778242677825,0.018074151223478285
VZ,47.08000183105469,0,0,1,0,0,0.184,0.8160000000000001,0.08552108194112967,0.500418410041841,0.3142494005535737
WAB,288.0,0,0,1,0,0,0.468,0.532,0.5103420843277645,0.5297071129707113,0.5901837689831076
WAT,433.5400085449219,1,1,0,1,1,0.8116,0.1884,0.8122513922036595,0.9824267782426779,0.48411218397861383
WBD,30.860000610351562,1,1,0,1,1,0.9604,0.03959999999999997,0.7430389817024662,0.7288702928870293,0.2714315194535129
WDAY,189.4499969482422,0,0,1,0,0,0.4704,0.5296000000000001,0.32975338106603025,0.9502092050209205,0.39057443451787976
WDC,456.80999755859375,1,1,0,1,1,0.43,0.5700000000000001,0.5310262529832935,0.5171548117154812,0.7494312952662012
WEC,101.44999694824219,0,0,1,0,0,0.0532,0.9468,0.12251392203659507,0.02594142259414226,0.4824647002174713
WFC,82.97000122070312,0,0,1,0,0,0.1348,0.8652,0.12330946698488465,0.4866108786610879,0.43769211966886523
WING,99.06999969482422,0,0,1,0,0,0.1376,0.8624,0.09108989657915673,0.028451882845188285,0.5422980211525272
WIT,1.649999976158142,0,0,1,0,0,0.1268,0.8732,0.09466984884645982,0.05815899581589958,0.05469490357551177
WK,69.63999938964844,0,0,1,0,0,0.2852,0.7148,0.14956245027844073,0.6836820083682008,0.5278376231748008
WM,206.8300018310547,0,0,1,0,0,0.022,0.978,0.04733492442322991,0.016736401673640166,0.7891353693915207
WMB,69.26000213623047,0,0,1,0,0,0.0916,0.9084,0.07000795544948289,0.11213389121338913,0.5954130092087543
WMS,133.1300048828125,1,1,0,1,1,0.4312,0.5688,0.6225139220365951,0.2602510460251046,0.6429429602542373
WMT,107.9800033569336,1,1,0,1,1,0.332,0.6679999999999999,0.41607000795544946,0.05774058577405858,0.8703889696884107
WPM,142.9199981689453,0,0,1,0,0,0.3068,0.6932,0.16785998408910102,0.6133891213389121,0.6660323123367242
WRB,66.81999969482422,0,0,1,0,0,0.0348,0.9652000000000001,0.04494828957836118,0.11548117154811716,0.77343098945801
WSM,231.89999389648438,0,0,1,0,0,0.5356,0.46440000000000003,0.5990453460620525,0.6523012552301255,0.7779802542389107
WST,370.44000244140625,1,1,0,1,1,0.7528,0.24719999999999998,0.700079554494829,0.8903765690376569,0.6653182585368974
WTW,293.989990234375,0,0,1,0,0,0.0216,0.9784,0.023070803500397773,0.3623430962343096,0.5176290448752107
WYNN,81.12000274658203,0,0,1,0,0,0.018,0.982,0.14081145584725538,0.12426778242677824,0.21158345941290485
XEL,69.80000305175781,0,0,1,0,0,0.0232,0.9768,0.026650755767700877,0.04184100418410042,0.47314980408346125
XOM,160.58999633789062,0,0,1,0,0,0.4076,0.5924,0.3341288782816229,0.6464435146443515,0.5274346714238786
XPEV,10.119999885559082,1,1,0,1,1,0.09054857898215465,0.9094514210178454,0.3012442698100851,0.1632216678545973,0.2436114195738732
XYL,102.62999725341797,0,0,1,0,0,0.0392,0.9608,0.066030230708035,0.08661087866108787,0.43433881198433155
XYZ,76.41999816894531,0,0,1,0,0,0.2384,0.7616,0.29634049323786793,0.5167364016736402,0.6193105972843842
YTRA,0.9900000095367432,0,0,1,0,0,0.5301106104055715,0.4698893895944285,0.40488798370672097,0.6505791505791506,-0.06935808308651957
YUM,138.6300048828125,0,0,1,0,0,0.1468,0.8532,0.10859188544152745,0.03556485355648536,0.5275732255972608
YUMC,40.470001220703125,0,0,1,0,0,0.02374245472837022,0.9762575452716298,0.07042817126850741,0.1511578947368421,0.33697696627121876
ZBH,91.04000091552734,0,0,1,0,0,0.1884,0.8116,0.11455847255369929,0.5309623430962344,0.06723449246859538
ZBRA,370.0400085449219,0,0,1,0,0,0.7388,0.2612,0.7979315831344471,0.9874476987447699,0.6210618725940127
ZG,29.299999237060547,0,0,1,0,0,0.1392,0.8608,0.09228321400159109,0.16903765690376568,0.2359623893736959
ZM,89.70999908447266,0,0,1,0,0,0.19019396551724138,0.8098060344827587,0.21818181818181817,0.43127147766323026,0.3576721068227475
ZTS,71.05000305175781,0,0,1,1,0,0.1464,0.8536,0.12967382657120127,0.0066945606694560665,0.2909997944081719
